Moog (surname),Mx4rvf9sZJwpEbGdrcN5Y29ycA,AspatialInformationStore
Clupeidae,Mx4rvViwMZwpEbGdrcN5Y29ycA,Animal
Hubei,Mx4rvVjl2pwpEbGdrcN5Y29ycA,GeopoliticalEntity
"Ruma, Illinois",Mx4rvVjl2pwpEbGdrcN5Y29ycA,GeopoliticalEntity
"Girard, Kansas",Mx4rvViACZwpEbGdrcN5Y29ycA,GeographicalRegion
"Rock Hill, Missouri",Mx4rvVjl2pwpEbGdrcN5Y29ycA,GeopoliticalEntity
"Dexter, New Mexico",Mx4rvVjl2pwpEbGdrcN5Y29ycA,GeopoliticalEntity
"Fruitdale, South Dakota",Mx4rvVjl2pwpEbGdrcN5Y29ycA,GeopoliticalEntity
Mudbrick,Mx4rvVj-spwpEbGdrcN5Y29ycA,Brick
Clare Boothe Luce,Mx4rvViAkpwpEbGdrcN5Y29ycA,Person
ORWO,Mx4rvVjVT5wpEbGdrcN5Y29ycA,Organization
Rio Grande Games,Mx4rvViS05wpEbGdrcN5Y29ycA,CommercialOrganization
Lena Horne,Mx4rvViAkpwpEbGdrcN5Y29ycA,Person
Leopold Gmelin,Mx4rvViAkpwpEbGdrcN5Y29ycA,Person
Sodium nitrite,Mx4rvVjjH5wpEbGdrcN5Y29ycA,MathematicalOrComputationalThing
Mercury(II) chloride,Mx4rvVjjH5wpEbGdrcN5Y29ycA,MathematicalOrComputationalThing
Draft (politics),Mx4rvVioQZwpEbGdrcN5Y29ycA,Action
Henslow's Sparrow,Mx4rvViwMZwpEbGdrcN5Y29ycA,Animal
Bronisław Malinowski (athlete),Mx4rvViAkpwpEbGdrcN5Y29ycA,Person
Mac McDonald,Mx4rvViAkpwpEbGdrcN5Y29ycA,Person
Gonaïves,Mx4rvViACZwpEbGdrcN5Y29ycA,GeographicalRegion
Woodford tube station,Mx4rv6ZmoZwpEbGdrcN5Y29ycA,RailroadStation
Nimrod (ship),Mx4rvViUcpwpEbGdrcN5Y29ycA,PoweredDevice
Asian Koel,Mx4rvViwMZwpEbGdrcN5Y29ycA,Animal
"Asashina, Nagano",Mx4rvVjl2pwpEbGdrcN5Y29ycA,GeopoliticalEntity
A Good School,Mx4rwClAZJwpEbGdrcN5Y29ycA,ConceptualWork
Lōʻihi Seamount,Mx4rvVkKUJwpEbGdrcN5Y29ycA,Volcano
Siobhan Creaton,Mx4rvViAkpwpEbGdrcN5Y29ycA,Person
I Spit on Your Grave,Mx4rwClAZJwpEbGdrcN5Y29ycA,ConceptualWork
Bigelow Aerospace,Mx4rvVjVT5wpEbGdrcN5Y29ycA,Organization
Omar Ali Saifuddien III,Mx4rvViAkpwpEbGdrcN5Y29ycA,Person
A+ (programming language),Mx4rv9h_4ZwpEbGdrcN5Y29ycA,ArtificialLanguage
La Crosse encephalitis,Mx4rvViADZwpEbGdrcN5Y29ycA,Event
Eric Anundsson,Mx4rvViAkpwpEbGdrcN5Y29ycA,Person
Santiago Casares Quiroga,Mx4rvViAkpwpEbGdrcN5Y29ycA,Person
BMW N42,Mx4rvVjOxJwpEbGdrcN5Y29ycA,Engine
Regimental quartermaster sergeant,Mx4rvVjjH5wpEbGdrcN5Y29ycA,MathematicalOrComputationalThing
Argyroxiphium,Mx4rvVjjH5wpEbGdrcN5Y29ycA,MathematicalOrComputationalThing
Mud-terrain tyre,Mx4rvVjHL5wpEbGdrcN5Y29ycA,PhysicalDevice
Punjab Janata Morcha,Mx4rvVjVT5wpEbGdrcN5Y29ycA,Organization
Mobile game,Mx4rwJxiRJwpEbGdrcN5Y29ycA,ComputerProgram-CW
"Hillcrest, Ohio",Mx4rvVi4_pwpEbGdrcN5Y29ycA,Neighborhood
Tackey & Tsubasa,Mx4rvVjVT5wpEbGdrcN5Y29ycA,Organization
Jim Kleinsasser,Mx4rvViAkpwpEbGdrcN5Y29ycA,Person
INAP,Mx4rwClAZJwpEbGdrcN5Y29ycA,ConceptualWork
Romeo and Juliet (Tchaikovsky),Mx4rwClAZJwpEbGdrcN5Y29ycA,ConceptualWork
G. V. Skrotskii,Mx4rvViAkpwpEbGdrcN5Y29ycA,Person
Charlotte Froese Fischer,Mx4rvViAkpwpEbGdrcN5Y29ycA,Person
Oahe Dam,Mx4rvVidpZwpEbGdrcN5Y29ycA,ConstructionArtifact
"Katra, Jammu and Kashmir",Mx4rvVjl2pwpEbGdrcN5Y29ycA,GeopoliticalEntity
Assegai,Mx4rvVj8V5wpEbGdrcN5Y29ycA,Weapon
Conspiracy fiction,Mx4rwClAZJwpEbGdrcN5Y29ycA,ConceptualWork
Ballarat Football League,Mx4rvVioQZwpEbGdrcN5Y29ycA,Action
Medicine (band),Mx4rvVjVT5wpEbGdrcN5Y29ycA,Organization
Canned hunt,Mx4rvVioQZwpEbGdrcN5Y29ycA,Action
Theon of Smyrna,Mx4rvViAkpwpEbGdrcN5Y29ycA,Person
Halling railway station,Mx4rv6ZmoZwpEbGdrcN5Y29ycA,RailroadStation
A. H. Albut,Mx4rvViAkpwpEbGdrcN5Y29ycA,Person
DINA S.A.,Mx4rvViS05wpEbGdrcN5Y29ycA,CommercialOrganization
Tim Bausher,Mx4rvViAkpwpEbGdrcN5Y29ycA,Person
Etymological dictionary,Mx4rvVjKWpwpEbGdrcN5Y29ycA,Dictionary
NewLISP,Mx4rv9h_4ZwpEbGdrcN5Y29ycA,ArtificialLanguage
Staphylococcus haemolyticus,Mx4rwAst7pwpEbGdrcN5Y29ycA,Microorganism
Joan Baez in Concert,Mx4rwClAZJwpEbGdrcN5Y29ycA,ConceptualWork
Mexico (novel),Mx4rwClAZJwpEbGdrcN5Y29ycA,ConceptualWork
DFW Tornados,Mx4rvVjVT5wpEbGdrcN5Y29ycA,Organization
"Portland, Louisville",Mx4rvVi4_pwpEbGdrcN5Y29ycA,Neighborhood
Earl Gros,Mx4rvViAkpwpEbGdrcN5Y29ycA,Person
Naantalin maalaiskunta,Mx4rvVjl2pwpEbGdrcN5Y29ycA,GeopoliticalEntity
Newport Country Club,Mx4rvVjVT5wpEbGdrcN5Y29ycA,Organization
Jimmy Shergill,Mx4rvViAkpwpEbGdrcN5Y29ycA,Person
"La Haute-Saint-Charles, Quebec City",Mx4rvVjl2pwpEbGdrcN5Y29ycA,GeopoliticalEntity
WWF LiveWire,Mx4rwU8mTJwpEbGdrcN5Y29ycA,ConceptualWorkSeries
Atta sexdens,Mx4rvViwMZwpEbGdrcN5Y29ycA,Animal
Heliotropium arborescens,Mx4rvVjG4ZwpEbGdrcN5Y29ycA,Plant
Great Works River,Mx4rvVkHdJwpEbGdrcN5Y29ycA,Stream
"Bentley, Western Australia",Mx4rvVi4_pwpEbGdrcN5Y29ycA,Neighborhood
Cannondale Pro Cycling Team,Mx4rvVjVT5wpEbGdrcN5Y29ycA,Organization
Jimmy Logie,Mx4rvViAkpwpEbGdrcN5Y29ycA,Person
Brenda Pye,Mx4rvViAkpwpEbGdrcN5Y29ycA,Person
Herbert Alexander Bruce,Mx4rvViAkpwpEbGdrcN5Y29ycA,Person
Florida State Road 7,Mx4rvyNjbZwpEbGdrcN5Y29ycA,Roadway
Maria Klawe,Mx4rvViAkpwpEbGdrcN5Y29ycA,Person
Starodub-on-the-Klyazma,Mx4rvViACZwpEbGdrcN5Y29ycA,GeographicalRegion
Susan Moller Okin,Mx4rvViAkpwpEbGdrcN5Y29ycA,Person
Alexander Murdoch Mackay,Mx4rvViAkpwpEbGdrcN5Y29ycA,Person
Yıldırım Akbulut,Mx4rvViAkpwpEbGdrcN5Y29ycA,Person
John Thomas (screenwriter),Mx4rvViAkpwpEbGdrcN5Y29ycA,Person
Battle of Lake Vadimo (310 BC),Mx4rvVioQZwpEbGdrcN5Y29ycA,Action
Vektor SS-77,Mx4rvVigDpwpEbGdrcN5Y29ycA,Gun-Portable
Flock (sculpture),Mx4rvVjPtpwpEbGdrcN5Y29ycA,VisualInformationBearingThing
Coins of the Rhodesian dollar,Mx4rvViJ0pwpEbGdrcN5Y29ycA,Coin-Currency
Methysergide,Mx4rvVjjH5wpEbGdrcN5Y29ycA,MathematicalOrComputationalThing
The Witches of Chiswick,Mx4rwClAZJwpEbGdrcN5Y29ycA,ConceptualWork
Davy Larmour,Mx4rvViAkpwpEbGdrcN5Y29ycA,Person
Charles Wakefield Cadman,Mx4rvViAkpwpEbGdrcN5Y29ycA,Person
Myndus,Mx4rvVjl2pwpEbGdrcN5Y29ycA,GeopoliticalEntity
Reg Sinfield,Mx4rvViAkpwpEbGdrcN5Y29ycA,Person
Irène Bordoni,Mx4rvViAkpwpEbGdrcN5Y29ycA,Person
Jean Carzou,Mx4rvViAkpwpEbGdrcN5Y29ycA,Person
Enterococcaceae,Mx4rwAst7pwpEbGdrcN5Y29ycA,Microorganism
Scott Harrington,Mx4rvViAkpwpEbGdrcN5Y29ycA,Person
Humiriaceae,Mx4rvVjjH5wpEbGdrcN5Y29ycA,MathematicalOrComputationalThing
Dragan Todorović,Mx4rvViAkpwpEbGdrcN5Y29ycA,Person
Flag of the Sakha Republic,Mx4rvVjPJpwpEbGdrcN5Y29ycA,SymbolicObject
"Bang, Bang, It's Reeves and Mortimer",Mx4rwU8mTJwpEbGdrcN5Y29ycA,ConceptualWorkSeries
Apparat Organ Quartet,Mx4rvVjVT5wpEbGdrcN5Y29ycA,Organization
Dedication (short story),Mx4rwClAZJwpEbGdrcN5Y29ycA,ConceptualWork
The Frackles,Mx4rwQwwBZwpEbGdrcN5Y29ycA,FictionalThing
Komichi Shobo Publishing,Mx4rvViS05wpEbGdrcN5Y29ycA,CommercialOrganization
Avion (band),Mx4rvVjVT5wpEbGdrcN5Y29ycA,Organization
North Irish Horse,Mx4rvVjVT5wpEbGdrcN5Y29ycA,Organization
Elizabeth Wakefield,Mx4rwQwwBZwpEbGdrcN5Y29ycA,FictionalThing
Fort Churchill State Historic Park,Mx4rwQwoXJwpEbGdrcN5Y29ycA,WildernessPark
Espers (band),Mx4rvVjVT5wpEbGdrcN5Y29ycA,Organization
Multiple-camera setup,Mx4rvVjjH5wpEbGdrcN5Y29ycA,MathematicalOrComputationalThing
KBYZ,Mx4rvVjVT5wpEbGdrcN5Y29ycA,Organization
Johann Valentin Meder,Mx4rvViAkpwpEbGdrcN5Y29ycA,Person
David Levering Lewis,Mx4rvViAkpwpEbGdrcN5Y29ycA,Person
Godley railway station,Mx4rv6ZmoZwpEbGdrcN5Y29ycA,RailroadStation
Pasmo,Mx4rvViXG5wpEbGdrcN5Y29ycA,OfficialDocument
Flounder tramping,Mx4rvVjjH5wpEbGdrcN5Y29ycA,MathematicalOrComputationalThing
Garadjari language,Mx4rvf9sZJwpEbGdrcN5Y29ycA,AspatialInformationStore
Junior Ryder Cup,Mx4rvvTIC5wpEbGdrcN5Y29ycA,GolfTournament
Michael Abercrombie,Mx4rvViAkpwpEbGdrcN5Y29ycA,Person
What Dreams May Come,Mx4rwClAZJwpEbGdrcN5Y29ycA,ConceptualWork
Diplomatic Immunity (novel),Mx4rwClAZJwpEbGdrcN5Y29ycA,ConceptualWork
Andrew Ginsburg,Mx4rvViAkpwpEbGdrcN5Y29ycA,Person
Beavan's Hill,Mx4rvVjl2pwpEbGdrcN5Y29ycA,GeopoliticalEntity
Sam Rapira,Mx4rvViAkpwpEbGdrcN5Y29ycA,Person
Pallipalayam Agraharam,Mx4rvVjl2pwpEbGdrcN5Y29ycA,GeopoliticalEntity
Pooluvapatti,Mx4rvVjl2pwpEbGdrcN5Y29ycA,GeopoliticalEntity
Ilona Massey,Mx4rvViAkpwpEbGdrcN5Y29ycA,Person
Robert Cohen (writer),Mx4rvViAkpwpEbGdrcN5Y29ycA,Person
Regent Theatre (Ipswich),Mx4rvVidpZwpEbGdrcN5Y29ycA,ConstructionArtifact
Merbok,Mx4rvViACZwpEbGdrcN5Y29ycA,GeographicalRegion
Tempa,Mx4rvViS05wpEbGdrcN5Y29ycA,CommercialOrganization
Ibn Muʿādh al-Jayyānī,Mx4rvViAkpwpEbGdrcN5Y29ycA,Person
At Mister Kelly's,Mx4rwClAZJwpEbGdrcN5Y29ycA,ConceptualWork
Frederick Henderson,Mx4rvViAkpwpEbGdrcN5Y29ycA,Person
The Healer (album),Mx4rwClAZJwpEbGdrcN5Y29ycA,ConceptualWork
SimBin Studios,Mx4rvViS05wpEbGdrcN5Y29ycA,CommercialOrganization
Bruce Swedien,Mx4rvViAkpwpEbGdrcN5Y29ycA,Person
Lewis Neal,Mx4rvViAkpwpEbGdrcN5Y29ycA,Person
Dabney Donovan,Mx4rwQwwBZwpEbGdrcN5Y29ycA,FictionalThing
Thupatemee Stadium,Mx4rvVjtnZwpEbGdrcN5Y29ycA,Stadium
Turbigo,Mx4rvVjl2pwpEbGdrcN5Y29ycA,GeopoliticalEntity
Arta Terme,Mx4rvVjl2pwpEbGdrcN5Y29ycA,GeopoliticalEntity
The Mighty Avengers,Mx4rwU8mTJwpEbGdrcN5Y29ycA,ConceptualWorkSeries
Earl Winfield,Mx4rvViAkpwpEbGdrcN5Y29ycA,Person
Old Pinellas County Courthouse,Mx4rvVj7KJwpEbGdrcN5Y29ycA,Building
Bombus fraternus,Mx4rvViwMZwpEbGdrcN5Y29ycA,Animal
Tailed tailless bat,Mx4rvViwMZwpEbGdrcN5Y29ycA,Animal
The Last Theorem,Mx4rwClAZJwpEbGdrcN5Y29ycA,ConceptualWork
Mercy Harbison,Mx4rvViAkpwpEbGdrcN5Y29ycA,Person
Gravedigger (song),Mx4rwClAZJwpEbGdrcN5Y29ycA,ConceptualWork
Arnst River,Mx4rvVkHdJwpEbGdrcN5Y29ycA,Stream
Kevan Gosper,Mx4rvViAkpwpEbGdrcN5Y29ycA,Person
Trinity Blood,Mx4rwClAZJwpEbGdrcN5Y29ycA,ConceptualWork
Peter Eastman (software engineer),Mx4rvViAkpwpEbGdrcN5Y29ycA,Person
Richard Cecil (courtier),Mx4rvViAkpwpEbGdrcN5Y29ycA,Person
Songs the Lord Taught Us,Mx4rwClAZJwpEbGdrcN5Y29ycA,ConceptualWork
Kern Valley State Prison,Mx4rvVjVT5wpEbGdrcN5Y29ycA,Organization
Pekka Sammallahti,Mx4rvViAkpwpEbGdrcN5Y29ycA,Person
Turner Museum of Glass,Mx4rvVjVT5wpEbGdrcN5Y29ycA,Organization
Ikuo Sekimoto,Mx4rvViAkpwpEbGdrcN5Y29ycA,Person
Ferry de Haan,Mx4rvViAkpwpEbGdrcN5Y29ycA,Person
Béziers Cap d'Agde Airport,Mx4rvVjGR5wpEbGdrcN5Y29ycA,FixedStructure
Chavarri Palace,Mx4rvVjYHpwpEbGdrcN5Y29ycA,DetachedHouse
Himalaya Studios,Mx4rvViS05wpEbGdrcN5Y29ycA,CommercialOrganization
Vazgen Azrojan,Mx4rvViAkpwpEbGdrcN5Y29ycA,Person
WKYE,Mx4rvVjVT5wpEbGdrcN5Y29ycA,Organization
Franz Bischoff,Mx4rvViAkpwpEbGdrcN5Y29ycA,Person
Desmond Koh,Mx4rvViAkpwpEbGdrcN5Y29ycA,Person
1st century BC in poetry,Mx4rvViAw5wpEbGdrcN5Y29ycA,TimeInterval
Hare We Go,Mx4rwClAZJwpEbGdrcN5Y29ycA,ConceptualWork
10th/Osage (RTD),Mx4rv6ZmoZwpEbGdrcN5Y29ycA,RailroadStation
Hastings Gardens,Mx4rvVjv75wpEbGdrcN5Y29ycA,Garden
Vildan Atasever,Mx4rvViAkpwpEbGdrcN5Y29ycA,Person
Shocks and discontinuities (magnetohydrodynamics),Mx4rvViADZwpEbGdrcN5Y29ycA,Event
42d Air Division,Mx4rvVjVT5wpEbGdrcN5Y29ycA,Organization
The Garden (journal),Mx4rwU8mTJwpEbGdrcN5Y29ycA,ConceptualWorkSeries
Chinhoyi High School,Mx4rvVjVT5wpEbGdrcN5Y29ycA,Organization
Chris de Freitas,Mx4rvViAkpwpEbGdrcN5Y29ycA,Person
Imran Khan (Trinidad and Tobago cricketer),Mx4rvViAkpwpEbGdrcN5Y29ycA,Person
"Sedes Sapientiae, Leuven",Mx4rvVjPtpwpEbGdrcN5Y29ycA,VisualInformationBearingThing
PCAF,Mx4rvVjM3pwpEbGdrcN5Y29ycA,ProteinStuff
Hiroki Iikura,Mx4rvViAkpwpEbGdrcN5Y29ycA,Person
Nebraska Highway 67,Mx4rvyNjbZwpEbGdrcN5Y29ycA,Roadway
Willanzheim,Mx4rvVjl2pwpEbGdrcN5Y29ycA,GeopoliticalEntity
Hunter Pence,Mx4rvViAkpwpEbGdrcN5Y29ycA,Person
Kilnwick,Mx4rvVjl2pwpEbGdrcN5Y29ycA,GeopoliticalEntity
"Roseville Township, Warren County, Illinois",Mx4rvVjl2pwpEbGdrcN5Y29ycA,GeopoliticalEntity
Texarkana (Amtrak station),Mx4rvVidpZwpEbGdrcN5Y29ycA,ConstructionArtifact
Jaroslav Filip,Mx4rvViAkpwpEbGdrcN5Y29ycA,Person
Tadó,Mx4rvViACZwpEbGdrcN5Y29ycA,GeographicalRegion
Mistrato,Mx4rvVjl2pwpEbGdrcN5Y29ycA,GeopoliticalEntity
Anant Raje,Mx4rvViAkpwpEbGdrcN5Y29ycA,Person
Ling Li (writer),Mx4rvViAkpwpEbGdrcN5Y29ycA,Person
Tony Crombie,Mx4rvViAkpwpEbGdrcN5Y29ycA,Person
Jeff Lampkin,Mx4rvViAkpwpEbGdrcN5Y29ycA,Person
The Red Hand Gang,Mx4rwU8mTJwpEbGdrcN5Y29ycA,ConceptualWorkSeries
Hirosaki University,Mx4rvVjVT5wpEbGdrcN5Y29ycA,Organization
National Chinese Orchestra Taiwan,Mx4rvVjVT5wpEbGdrcN5Y29ycA,Organization
Pennsylvania Route 160,Mx4rvyNjbZwpEbGdrcN5Y29ycA,Roadway
Biurists,Mx4rvViAkpwpEbGdrcN5Y29ycA,Person
G. F. Newman,Mx4rvViAkpwpEbGdrcN5Y29ycA,Person
Phellinus ferreus,Mx4rvVim7ZwpEbGdrcN5Y29ycA,BiologicalLivingObject
Miszla,Mx4rvViACZwpEbGdrcN5Y29ycA,GeographicalRegion
Richard S. Arnold,Mx4rvViAkpwpEbGdrcN5Y29ycA,Person
Charlie Hoag,Mx4rvViAkpwpEbGdrcN5Y29ycA,Person
Nicola Capocci,Mx4rvViAkpwpEbGdrcN5Y29ycA,Person
Heimbach (Nahe),Mx4rvVjl2pwpEbGdrcN5Y29ycA,GeopoliticalEntity
"Ocampo, Guanajuato",Mx4rvVjl2pwpEbGdrcN5Y29ycA,GeopoliticalEntity
Phil J. Welch,Mx4rvViAkpwpEbGdrcN5Y29ycA,Person
Árpád Vajda,Mx4rvViAkpwpEbGdrcN5Y29ycA,Person
Hoskins Brothers Ales,Mx4rvViS05wpEbGdrcN5Y29ycA,CommercialOrganization
Magnus Tate,Mx4rvViAkpwpEbGdrcN5Y29ycA,Person
Tim Jackman,Mx4rvViAkpwpEbGdrcN5Y29ycA,Person
M.L. Liebler,Mx4rvViAkpwpEbGdrcN5Y29ycA,Person
Wright Solar,Mx4rvVi-V5wpEbGdrcN5Y29ycA,InternalCombustionPoweredDevice
Chaunus atacamensis,Mx4rvViwMZwpEbGdrcN5Y29ycA,Animal
Stumpffia tetradactyla,Mx4rvViwMZwpEbGdrcN5Y29ycA,Animal
Leptotila,Mx4rvVjjH5wpEbGdrcN5Y29ycA,MathematicalOrComputationalThing
Rusty-breasted Wren-Babbler,Mx4rvViwMZwpEbGdrcN5Y29ycA,Animal
Arkansia,Mx4rvVjjH5wpEbGdrcN5Y29ycA,MathematicalOrComputationalThing
Forget About the World,Mx4rwClAZJwpEbGdrcN5Y29ycA,ConceptualWork
James Dixon (American football),Mx4rvViAkpwpEbGdrcN5Y29ycA,Person
United Nations Security Council Resolution 133,Mx4rwClAZJwpEbGdrcN5Y29ycA,ConceptualWork
Polyceratocarpus scheffleri,Mx4rvVjG4ZwpEbGdrcN5Y29ycA,Plant
ASTM F 1915,Mx4rwClAZJwpEbGdrcN5Y29ycA,ConceptualWork
Marvel Legends Showdown,Mx4rv9p3wpwpEbGdrcN5Y29ycA,DevisedPracticeOrWork
Bolton TIC,Mx4rvVidpZwpEbGdrcN5Y29ycA,ConstructionArtifact
Eljas,Mx4rvVjl2pwpEbGdrcN5Y29ycA,GeopoliticalEntity
Bayonne ham,Mx4rvVkFYpwpEbGdrcN5Y29ycA,Product
Nastro d'Argento for Best Supporting Actor,Mx4rv9p3wpwpEbGdrcN5Y29ycA,DevisedPracticeOrWork
"San Antonio, Oakland, California",Mx4rvViACZwpEbGdrcN5Y29ycA,GeographicalRegion
The Peppermint Rainbow,Mx4rvVjVT5wpEbGdrcN5Y29ycA,Organization
Angel (Ohio Players album),Mx4rwClAZJwpEbGdrcN5Y29ycA,ConceptualWork
Budhan Khuh,Mx4rvViACZwpEbGdrcN5Y29ycA,GeographicalRegion
Cugir River,Mx4rvVkHdJwpEbGdrcN5Y29ycA,Stream
JimJam,Mx4rvVjVT5wpEbGdrcN5Y29ycA,Organization
Myiagros,Mx4rwOoodJwpEbGdrcN5Y29ycA,SupernaturalBeing
Fernando Guillén Cuervo,Mx4rvViAkpwpEbGdrcN5Y29ycA,Person
Pesceana River (Olt),Mx4rvVkHdJwpEbGdrcN5Y29ycA,Stream
The Reader (2008 film),Mx4rwClAZJwpEbGdrcN5Y29ycA,ConceptualWork
Bennet (supermarket),Mx4rvViS05wpEbGdrcN5Y29ycA,CommercialOrganization
"Jankowa, Lower Silesian Voivodeship",Mx4rvVjl2pwpEbGdrcN5Y29ycA,GeopoliticalEntity
Karin Kjølmoen,Mx4rvViAkpwpEbGdrcN5Y29ycA,Person
Boban Nikolić,Mx4rvViAkpwpEbGdrcN5Y29ycA,Person
Adirondack Museum,Mx4rv6-_j5wpEbGdrcN5Y29ycA,SpaceInAFixedHOC
David Magradze,Mx4rvViAkpwpEbGdrcN5Y29ycA,Person
Afore Night Come,Mx4rwClAZJwpEbGdrcN5Y29ycA,ConceptualWork
Luzia Woman,Mx4rvViAkpwpEbGdrcN5Y29ycA,Person
Dan Sherman,Mx4rvViAkpwpEbGdrcN5Y29ycA,Person
Suranga Chandratillake,Mx4rvViAkpwpEbGdrcN5Y29ycA,Person
Antonio Argilés,Mx4rvViAkpwpEbGdrcN5Y29ycA,Person
Tonton Susanto,Mx4rvViAkpwpEbGdrcN5Y29ycA,Person
Gerry McDougall,Mx4rvViAkpwpEbGdrcN5Y29ycA,Person
Gaetano Koch,Mx4rvViAkpwpEbGdrcN5Y29ycA,Person
"Prem Nagar, Uttarakhand",Mx4rvVjl2pwpEbGdrcN5Y29ycA,GeopoliticalEntity
Thorney RUFC,Mx4rvVjVT5wpEbGdrcN5Y29ycA,Organization
Alojz Gradnik,Mx4rvViAkpwpEbGdrcN5Y29ycA,Person
301st Airlift Squadron,Mx4rvVjVT5wpEbGdrcN5Y29ycA,Organization
Lustwandel,Mx4rwClAZJwpEbGdrcN5Y29ycA,ConceptualWork
Artgal mac Cathail,Mx4rvViAkpwpEbGdrcN5Y29ycA,Person
Vittorio Cecchi Gori,Mx4rvViAkpwpEbGdrcN5Y29ycA,Person
The Secret Life of Happy People,Mx4rwClAZJwpEbGdrcN5Y29ycA,ConceptualWork
Silagiu River,Mx4rvVkHdJwpEbGdrcN5Y29ycA,Stream
This Time I Almost Made It,Mx4rwClAZJwpEbGdrcN5Y29ycA,ConceptualWork
James Losh,Mx4rvViAkpwpEbGdrcN5Y29ycA,Person
Weller Hauraki,Mx4rvViAkpwpEbGdrcN5Y29ycA,Person
General Assembly (horse),Mx4rvViwMZwpEbGdrcN5Y29ycA,Animal
Cengiz Akyıldız,Mx4rvViAkpwpEbGdrcN5Y29ycA,Person
"William Willard Gibson, Jr.",Mx4rvViAkpwpEbGdrcN5Y29ycA,Person
393d Bomb Squadron,Mx4rvVjVT5wpEbGdrcN5Y29ycA,Organization
NetherLines,Mx4rvViS05wpEbGdrcN5Y29ycA,CommercialOrganization
4957 Brucemurray,Mx4rvakVVZwpEbGdrcN5Y29ycA,InanimateObject-Natural
7727 Chepurova,Mx4rvakVVZwpEbGdrcN5Y29ycA,InanimateObject-Natural
Kristiina Brask,Mx4rvViAkpwpEbGdrcN5Y29ycA,Person
Eyeglass Cirque,Mx4rvVjORZwpEbGdrcN5Y29ycA,TopographicalFeature
Thomson High School,Mx4rvVjVT5wpEbGdrcN5Y29ycA,Organization
31043 Sturm,Mx4rvakVVZwpEbGdrcN5Y29ycA,InanimateObject-Natural
Tacoma Opera,Mx4rvVjVT5wpEbGdrcN5Y29ycA,Organization
Rich Fownes,Mx4rvViAkpwpEbGdrcN5Y29ycA,Person
MV St Helen,Mx4rvVjUvZwpEbGdrcN5Y29ycA,SelfPoweredDevice
CWC15,Mx4rvVjM3pwpEbGdrcN5Y29ycA,ProteinStuff
Claire Waldoff,Mx4rvViAkpwpEbGdrcN5Y29ycA,Person
Kevin Langley,Mx4rvViAkpwpEbGdrcN5Y29ycA,Person
Bruce Squires,Mx4rvViAkpwpEbGdrcN5Y29ycA,Person
Pat Flowers,Mx4rvViAkpwpEbGdrcN5Y29ycA,Person
Marina Timofeieva,Mx4rvViAkpwpEbGdrcN5Y29ycA,Person
Brig o' Doon,Mx4rvgD1IZwpEbGdrcN5Y29ycA,Bridge
Bulken Station,Mx4rv6ZmoZwpEbGdrcN5Y29ycA,RailroadStation
Jalan Kampung Seberang,Mx4rvyNjbZwpEbGdrcN5Y29ycA,Roadway
Tussock (grass),Mx4rvVjG4ZwpEbGdrcN5Y29ycA,Plant
Pluteo 29.1,Mx4rvVkEx5wpEbGdrcN5Y29ycA,TextualMaterial
Lennart Ljung,Mx4rvViAkpwpEbGdrcN5Y29ycA,Person
Hoplocorypha cacomana,Mx4rvViwMZwpEbGdrcN5Y29ycA,Animal
Acromantis hesione,Mx4rvViwMZwpEbGdrcN5Y29ycA,Animal
Wickman,Mx4rvf9sZJwpEbGdrcN5Y29ycA,AspatialInformationStore
Panieńszczyzna,Mx4rvVjl2pwpEbGdrcN5Y29ycA,GeopoliticalEntity
Ownham,Mx4rvVjl2pwpEbGdrcN5Y29ycA,GeopoliticalEntity
Haydenville Historic District,Mx4rvVjl2pwpEbGdrcN5Y29ycA,GeopoliticalEntity
Żyłki,Mx4rvVjl2pwpEbGdrcN5Y29ycA,GeopoliticalEntity
Wola Jasienicka,Mx4rvVjl2pwpEbGdrcN5Y29ycA,GeopoliticalEntity
Pēteris Lauks,Mx4rvViAkpwpEbGdrcN5Y29ycA,Person
Williamson Flat Twin,Mx4rvVjUvZwpEbGdrcN5Y29ycA,SelfPoweredDevice
Mayumi,Mx4rvWEA25wpEbGdrcN5Y29ycA,CharacterString
Saca Chispas,Mx4rvViACZwpEbGdrcN5Y29ycA,GeographicalRegion
Bengbu Medical College,Mx4rvVjVT5wpEbGdrcN5Y29ycA,Organization
Deluxe Comics,Mx4rvViS05wpEbGdrcN5Y29ycA,CommercialOrganization
Lene Mykjåland,Mx4rvViAkpwpEbGdrcN5Y29ycA,Person
Siegfried Bettmann,Mx4rvViAkpwpEbGdrcN5Y29ycA,Person
"Chelsea, Dutchess County, New York",Mx4rvVjl2pwpEbGdrcN5Y29ycA,GeopoliticalEntity
Crossroads: Cruce de Caminos,Mx4rwClAZJwpEbGdrcN5Y29ycA,ConceptualWork
Miodusy,Mx4rvVjl2pwpEbGdrcN5Y29ycA,GeopoliticalEntity
George Guthrie (athlete),Mx4rvViAkpwpEbGdrcN5Y29ycA,Person
Boeing Machinists Strike of 2008,Mx4rvViADZwpEbGdrcN5Y29ycA,Event
Stasiopole,Mx4rvVjl2pwpEbGdrcN5Y29ycA,GeopoliticalEntity
Gregory Doran,Mx4rvViAkpwpEbGdrcN5Y29ycA,Person
Pitchfork (hand gesture),Mx4rvVioQZwpEbGdrcN5Y29ycA,Action
The Monk by the Sea,Mx4rvVjPtpwpEbGdrcN5Y29ycA,VisualInformationBearingThing
Knitting (film),Mx4rwClAZJwpEbGdrcN5Y29ycA,ConceptualWork
Purse hook,Mx4rvVkEoJwpEbGdrcN5Y29ycA,SomethingToWear
Dalfsen railway station,Mx4rv6ZmoZwpEbGdrcN5Y29ycA,RailroadStation
"Arnaha, Sagarmatha",Mx4rvViACZwpEbGdrcN5Y29ycA,GeographicalRegion
"Sveti Andrej, Škofja Loka",Mx4rvViACZwpEbGdrcN5Y29ycA,GeographicalRegion
Guatemala national futsal team,Mx4rvVjVT5wpEbGdrcN5Y29ycA,Organization
Bardol,Mx4rvVjl2pwpEbGdrcN5Y29ycA,GeopoliticalEntity
Olinalá,Mx4rvViACZwpEbGdrcN5Y29ycA,GeographicalRegion
Wolfgang Brinkmann,Mx4rvViAkpwpEbGdrcN5Y29ycA,Person
Taiwan Nougat Museum,Mx4rvVidpZwpEbGdrcN5Y29ycA,ConstructionArtifact
Jerzy Putrament,Mx4rvViAkpwpEbGdrcN5Y29ycA,Person
Operation Geranium,Mx4rvVioQZwpEbGdrcN5Y29ycA,Action
San Pedro Jácuaro,Mx4rvViACZwpEbGdrcN5Y29ycA,GeographicalRegion
A Colt 45 Christmas,Mx4rwClAZJwpEbGdrcN5Y29ycA,ConceptualWork
Synogać,Mx4rvVjl2pwpEbGdrcN5Y29ycA,GeopoliticalEntity
Róża Mała,Mx4rvVjl2pwpEbGdrcN5Y29ycA,GeopoliticalEntity
Dogville Comedies,Mx4rwClAZJwpEbGdrcN5Y29ycA,ConceptualWork
Maréna Diombougou,Mx4rvViACZwpEbGdrcN5Y29ycA,GeographicalRegion
James Hume (cricketer),Mx4rvViAkpwpEbGdrcN5Y29ycA,Person
Agyriaceae,Mx4rvVjjH5wpEbGdrcN5Y29ycA,MathematicalOrComputationalThing
Joe Goyder,Mx4rvViAkpwpEbGdrcN5Y29ycA,Person
"Stanki, Opole Voivodeship",Mx4rvVjl2pwpEbGdrcN5Y29ycA,GeopoliticalEntity
Guiyang Medical University,Mx4rvVjVT5wpEbGdrcN5Y29ycA,Organization
All About Lulu,Mx4rwClAZJwpEbGdrcN5Y29ycA,ConceptualWork
Let My Pride Be What's Left Behind,Mx4rwClAZJwpEbGdrcN5Y29ycA,ConceptualWork
Hérodote,Mx4rvjSBSZwpEbGdrcN5Y29ycA,Artifact-Generic
"Kamionka, Stargard County",Mx4rvVjl2pwpEbGdrcN5Y29ycA,GeopoliticalEntity
"Chợ Mới, An Giang",Mx4rvViACZwpEbGdrcN5Y29ycA,GeographicalRegion
The Best of John Fahey 1959–1977,Mx4rwClAZJwpEbGdrcN5Y29ycA,ConceptualWork
Prince Mikhail Cantacuzène,Mx4rvViAkpwpEbGdrcN5Y29ycA,Person
Paracetopsis esmeraldas,Mx4rvViwMZwpEbGdrcN5Y29ycA,Animal
Ferdinand Schumann-Heink,Mx4rvViAkpwpEbGdrcN5Y29ycA,Person
Jalkanen,Mx4rvf9sZJwpEbGdrcN5Y29ycA,AspatialInformationStore
1993–94 Segunda División B,Mx4rvVioQZwpEbGdrcN5Y29ycA,Action
Johan van Scharphuizen,Mx4rvViAkpwpEbGdrcN5Y29ycA,Person
Stewart Aqueduct,Mx4rvVjzcZwpEbGdrcN5Y29ycA,Canal
Arthur Sze,Mx4rvViAkpwpEbGdrcN5Y29ycA,Person
Akin Düzakin,Mx4rvViAkpwpEbGdrcN5Y29ycA,Person
Lake Pueblo State Park,Mx4rwQwoXJwpEbGdrcN5Y29ycA,WildernessPark
Haikou−Wenchang Expressway,Mx4rvyNjbZwpEbGdrcN5Y29ycA,Roadway
Pauline Léon,Mx4rvViAkpwpEbGdrcN5Y29ycA,Person
Strand Home Video,Mx4rvViS05wpEbGdrcN5Y29ycA,CommercialOrganization
Ted Chabasinski,Mx4rvViAkpwpEbGdrcN5Y29ycA,Person
Johan Bengtsson,Mx4rvViAkpwpEbGdrcN5Y29ycA,Person
Julie Curwin,Mx4rvViAkpwpEbGdrcN5Y29ycA,Person
USS Althea (SP-218),Mx4rvVjHL5wpEbGdrcN5Y29ycA,PhysicalDevice
Burg Neuhaus bei Stubenberg,Mx4rvVj7KJwpEbGdrcN5Y29ycA,Building
Una River (Paraíba),Mx4rvVkHdJwpEbGdrcN5Y29ycA,Stream
Kinsac Lake,Mx4rvVjORZwpEbGdrcN5Y29ycA,TopographicalFeature
Cerro de La Isla,Mx4rvVjODZwpEbGdrcN5Y29ycA,Mountain
Walter Presch,Mx4rvViAkpwpEbGdrcN5Y29ycA,Person
Kickapoo Downtown Airport,Mx4rvVidpZwpEbGdrcN5Y29ycA,ConstructionArtifact
M1 highway (Belarus),Mx4rvyNjbZwpEbGdrcN5Y29ycA,Roadway
McMillen High School,Mx4rvVjVT5wpEbGdrcN5Y29ycA,Organization
Eremicola,Mx4rvVjjH5wpEbGdrcN5Y29ycA,MathematicalOrComputationalThing
Tshepo Motlhabankwe,Mx4rvViAkpwpEbGdrcN5Y29ycA,Person
Chitta Katha Lake,Mx4rvVjORZwpEbGdrcN5Y29ycA,TopographicalFeature
Road 72 (Iran),Mx4rvyNjbZwpEbGdrcN5Y29ycA,Roadway
Yetmen,Mx4rvViACZwpEbGdrcN5Y29ycA,GeographicalRegion
Ted Roop,Mx4rvViAkpwpEbGdrcN5Y29ycA,Person
RAF 2,Mx4rvVjOxJwpEbGdrcN5Y29ycA,Engine
Petra Santy,Mx4rvViAkpwpEbGdrcN5Y29ycA,Person
Denon Records,Mx4rvViS05wpEbGdrcN5Y29ycA,CommercialOrganization
Ogu/Bolo,Mx4rvViACZwpEbGdrcN5Y29ycA,GeographicalRegion
Turnback The Alarm Handicap,Mx4rvVioQZwpEbGdrcN5Y29ycA,Action
Damien Le Tallec,Mx4rvViAkpwpEbGdrcN5Y29ycA,Person
John Mason (historian),Mx4rvViAkpwpEbGdrcN5Y29ycA,Person
"Northern Cyprus parliamentary election, 2003",Mx4rvVioQZwpEbGdrcN5Y29ycA,Action
Gregor Duncan (artist),Mx4rvViAkpwpEbGdrcN5Y29ycA,Person
National History Museum of Moldova,Mx4rvVidpZwpEbGdrcN5Y29ycA,ConstructionArtifact
Denson Devadas,Mx4rvViAkpwpEbGdrcN5Y29ycA,Person
Minuscule 580,Mx4rvVkEx5wpEbGdrcN5Y29ycA,TextualMaterial
It's Called Life,Mx4rwClAZJwpEbGdrcN5Y29ycA,ConceptualWork
Maine Mor Ó Cellaigh,Mx4rvViAkpwpEbGdrcN5Y29ycA,Person
(7916) 1981 EN,Mx4rvakVVZwpEbGdrcN5Y29ycA,InanimateObject-Natural
"Judith of Bavaria, Duchess of Swabia",Mx4rvViAkpwpEbGdrcN5Y29ycA,Person
Glaslyn Osprey Project,Mx4rvVjKJ5wpEbGdrcN5Y29ycA,EcologicalRegion
I G Inspector General,Mx4rwClAZJwpEbGdrcN5Y29ycA,ConceptualWork
Adir Maman,Mx4rvViAkpwpEbGdrcN5Y29ycA,Person
Eytan Mirsky,Mx4rvViAkpwpEbGdrcN5Y29ycA,Person
Porfirio López,Mx4rvViAkpwpEbGdrcN5Y29ycA,Person
Jenniskens,Mx4rvf9sZJwpEbGdrcN5Y29ycA,AspatialInformationStore
Muthithi,Mx4rvViACZwpEbGdrcN5Y29ycA,GeographicalRegion
John McReady,Mx4rvViAkpwpEbGdrcN5Y29ycA,Person
Stefano Braschi,Mx4rvViAkpwpEbGdrcN5Y29ycA,Person
Moombahton,Mx4rvVjjH5wpEbGdrcN5Y29ycA,MathematicalOrComputationalThing
Los Pirpintos,Mx4rvViACZwpEbGdrcN5Y29ycA,GeographicalRegion
Redemption (White Heart album),Mx4rwClAZJwpEbGdrcN5Y29ycA,ConceptualWork
Vodacom Soccer Spectacular,Mx4rvVioQZwpEbGdrcN5Y29ycA,Action
Exallias brevis,Mx4rvVjjH5wpEbGdrcN5Y29ycA,MathematicalOrComputationalThing
"Masonic Temple (Columbus, Ohio)",Mx4rvVidpZwpEbGdrcN5Y29ycA,ConstructionArtifact
Articulata (Brachiopoda),Mx4rvVjjH5wpEbGdrcN5Y29ycA,MathematicalOrComputationalThing
Heathcote Brook,Mx4rvVkHdJwpEbGdrcN5Y29ycA,Stream
The Red Menace (The Shadow),Mx4rwClAZJwpEbGdrcN5Y29ycA,ConceptualWork
Skärjån,Mx4rvVkHdJwpEbGdrcN5Y29ycA,Stream
Jindai-ji,Mx4rvVj7KJwpEbGdrcN5Y29ycA,Building
Cyril Coote,Mx4rvViAkpwpEbGdrcN5Y29ycA,Person
Višnjica (Kiseljak),Mx4rvViACZwpEbGdrcN5Y29ycA,GeographicalRegion
Gratien Le Père,Mx4rvViAkpwpEbGdrcN5Y29ycA,Person
Hounslow Priory,Mx4rvVjVT5wpEbGdrcN5Y29ycA,Organization
"St Petersburg, New Zealand",Mx4rvVi4_pwpEbGdrcN5Y29ycA,Neighborhood
Identity Theft Resource Center,Mx4rvViu6JwpEbGdrcN5Y29ycA,NonProfitOrganization
Anthony McCormack,Mx4rvViAkpwpEbGdrcN5Y29ycA,Person
Cape Borley,Mx4rwMsGZpwpEbGdrcN5Y29ycA,Promontory
José Cuero,Mx4rvViAkpwpEbGdrcN5Y29ycA,Person
Stanley Doust,Mx4rvViAkpwpEbGdrcN5Y29ycA,Person
Lafarge Rocks,Mx4rvViACZwpEbGdrcN5Y29ycA,GeographicalRegion
Freifjorden,Mx4rvVjORZwpEbGdrcN5Y29ycA,TopographicalFeature
Gudeliai,Mx4rvVjl2pwpEbGdrcN5Y29ycA,GeopoliticalEntity
Santa Fe (song),Mx4rwClAZJwpEbGdrcN5Y29ycA,ConceptualWork
Vaiea,Mx4rvViACZwpEbGdrcN5Y29ycA,GeographicalRegion
Raped by an Angel 2: The Uniform Fan,Mx4rwClAZJwpEbGdrcN5Y29ycA,ConceptualWork
Heather Masse,Mx4rvViAkpwpEbGdrcN5Y29ycA,Person
Emiliano Romay,Mx4rvViAkpwpEbGdrcN5Y29ycA,Person
Greiner (surname),Mx4rvf9sZJwpEbGdrcN5Y29ycA,AspatialInformationStore
Lee Ju-yeon,Mx4rvViAkpwpEbGdrcN5Y29ycA,Person
Johann Gottfried Büring,Mx4rvViAkpwpEbGdrcN5Y29ycA,Person
"Matthew Howard, III",Mx4rvViAkpwpEbGdrcN5Y29ycA,Person
Game One,Mx4rvVjVT5wpEbGdrcN5Y29ycA,Organization
Allyn Stout,Mx4rvViAkpwpEbGdrcN5Y29ycA,Person
Jack Coveney,Mx4rvViAkpwpEbGdrcN5Y29ycA,Person
Tim Kubinski,Mx4rvViAkpwpEbGdrcN5Y29ycA,Person
1924 in Croatia,Mx4rvViAw5wpEbGdrcN5Y29ycA,TimeInterval
Jhumur,Mx4rvVjjH5wpEbGdrcN5Y29ycA,MathematicalOrComputationalThing
Red Eclipse,Mx4rv9p3wpwpEbGdrcN5Y29ycA,DevisedPracticeOrWork
Farhat Hotel,Mx4rvViIe5wpEbGdrcN5Y29ycA,HotelBuilding
Galoot,Mx4rwClAZJwpEbGdrcN5Y29ycA,ConceptualWork
347th Fighter Squadron,Mx4rvVjVT5wpEbGdrcN5Y29ycA,Organization
Al-Qudaibiya Palace,Mx4rvVidpZwpEbGdrcN5Y29ycA,ConstructionArtifact
Rob Heeney,Mx4rvViAkpwpEbGdrcN5Y29ycA,Person
Johann Otto von Gemmingen,Mx4rvViAkpwpEbGdrcN5Y29ycA,Person
Haji Laq Laq,Mx4rvViAkpwpEbGdrcN5Y29ycA,Person
Corsica River,Mx4rvVkHdJwpEbGdrcN5Y29ycA,Stream
Sebastián Pereyra,Mx4rvViAkpwpEbGdrcN5Y29ycA,Person
Juan Pablo Gómez,Mx4rvViAkpwpEbGdrcN5Y29ycA,Person
Liliane Klapisch,Mx4rvViAkpwpEbGdrcN5Y29ycA,Person
Florida Hospital East,Mx4rvVjVT5wpEbGdrcN5Y29ycA,Organization
M. K. Ashok,Mx4rvViAkpwpEbGdrcN5Y29ycA,Person
"Fourth Church of Christ, Scientist (New York City)",Mx4rvVj7KJwpEbGdrcN5Y29ycA,Building
Radretumab,Mx4rv0ARKpwpEbGdrcN5Y29ycA,ProteinMolecule
Shelly Mars,Mx4rvViAkpwpEbGdrcN5Y29ycA,Person
Stig Larsson (author),Mx4rvViAkpwpEbGdrcN5Y29ycA,Person
Richard L. Thompson,Mx4rvViAkpwpEbGdrcN5Y29ycA,Person
Neismecke,Mx4rvVkHdJwpEbGdrcN5Y29ycA,Stream
Sudbach,Mx4rvVkHdJwpEbGdrcN5Y29ycA,Stream
Terminal de Autobuses de Pasajeros de Oriente,Mx4rGyB6uGbnQdichKPFIDIErQ,BusStation
Abraham P. Hankins,Mx4rvViAkpwpEbGdrcN5Y29ycA,Person
101869 (1999 MM),Mx4rvakVVZwpEbGdrcN5Y29ycA,InanimateObject-Natural
Buddy the Detective,Mx4rwClAZJwpEbGdrcN5Y29ycA,ConceptualWork
Acrobasis caryivorella,Mx4rvViwMZwpEbGdrcN5Y29ycA,Animal
Endotricha rogenhoferi,Mx4rvViwMZwpEbGdrcN5Y29ycA,Animal
Eucarphia vinetella,Mx4rvViwMZwpEbGdrcN5Y29ycA,Animal
Avinger High School,Mx4rvVjVT5wpEbGdrcN5Y29ycA,Organization
John Beaumont (judge),Mx4rvViAkpwpEbGdrcN5Y29ycA,Person
Terry Cryer,Mx4rvViAkpwpEbGdrcN5Y29ycA,Person
La Femme invisible,Mx4rwClAZJwpEbGdrcN5Y29ycA,ConceptualWork
Danny Shone,Mx4rvViAkpwpEbGdrcN5Y29ycA,Person
"Soleymanabad, Qazvin",Mx4rvViACZwpEbGdrcN5Y29ycA,GeographicalRegion
Digitivalva luteola,Mx4rvViwMZwpEbGdrcN5Y29ycA,Animal
Diploschizia seminolensis,Mx4rvViwMZwpEbGdrcN5Y29ycA,Animal
Hesp,Mx4rvf9sZJwpEbGdrcN5Y29ycA,AspatialInformationStore
Bernard Callinan,Mx4rvVinb5wpEbGdrcN5Y29ycA,IntelligentAgent
Jim Smith (Nebraska politician),Mx4rvViAkpwpEbGdrcN5Y29ycA,Person
Elad Gabai,Mx4rvViAkpwpEbGdrcN5Y29ycA,Person
Manual Gonsalus,Mx4rvViAkpwpEbGdrcN5Y29ycA,Person
Come to the River,Mx4rwClAZJwpEbGdrcN5Y29ycA,ConceptualWork
Samghan,Mx4rvViACZwpEbGdrcN5Y29ycA,GeographicalRegion
Frances Packing House,Mx4rvVjiX5wpEbGdrcN5Y29ycA,FactoryBuilding
South Africa men's national under-18 ice hockey team,Mx4rvVjVT5wpEbGdrcN5Y29ycA,Organization
Stachys clingmanii,Mx4rvVjjH5wpEbGdrcN5Y29ycA,MathematicalOrComputationalThing
Federation of Panamerica,Mx4rvVjVT5wpEbGdrcN5Y29ycA,Organization
Who Killed Lamb?,Mx4rwClAZJwpEbGdrcN5Y29ycA,ConceptualWork
Mordecai Sheftall,Mx4rvViAkpwpEbGdrcN5Y29ycA,Person
"David Burns, Lord Burns",Mx4rvViAkpwpEbGdrcN5Y29ycA,Person
Ahmad-e Omran,Mx4rvViACZwpEbGdrcN5Y29ycA,GeographicalRegion
Cyclosia pieriodes,Mx4rvViwMZwpEbGdrcN5Y29ycA,Animal
Short Changed,Mx4rwClAZJwpEbGdrcN5Y29ycA,ConceptualWork
"Lind Center, Wisconsin",Mx4rvViACZwpEbGdrcN5Y29ycA,GeographicalRegion
Orthotylus boreellus,Mx4rvViwMZwpEbGdrcN5Y29ycA,Animal
Heribert Faßbender,Mx4rvViAkpwpEbGdrcN5Y29ycA,Person
Happy Valley Wuhan,Mx4r8amJWGj-EdaeaQACs0uFOQ,OutdoorRecreationArea
Nissar Trophy 2008-09,Mx4r8WKTYg5tEd6AAAAhm0QbaA,MultiSportsEventSportsCompetition
"Rutan, Iran",Mx4rvViACZwpEbGdrcN5Y29ycA,GeographicalRegion
Zard-e Sham,Mx4rvViACZwpEbGdrcN5Y29ycA,GeographicalRegion
All Rise (Naked Raygun album),Mx4rwClAZJwpEbGdrcN5Y29ycA,ConceptualWork
Anapisa preussi,Mx4rvViwMZwpEbGdrcN5Y29ycA,Animal
Jesse G. Vincent,Mx4rvViAkpwpEbGdrcN5Y29ycA,Person
Eran Malchin,Mx4rvViAkpwpEbGdrcN5Y29ycA,Person
Ambalal Jhaverbhai Patel,Mx4rvViAkpwpEbGdrcN5Y29ycA,Person
Gantt (surname),Mx4rvf9sZJwpEbGdrcN5Y29ycA,AspatialInformationStore
Scarborough (surname),Mx4rvf9sZJwpEbGdrcN5Y29ycA,AspatialInformationStore
Justin Ernest,Mx4rvViAkpwpEbGdrcN5Y29ycA,Person
Sangdan,Mx4rvViACZwpEbGdrcN5Y29ycA,GeographicalRegion
Maranda High School,Mx4rvVjVT5wpEbGdrcN5Y29ycA,Organization
Bit Agusi,Mx4rvVjl2pwpEbGdrcN5Y29ycA,GeopoliticalEntity
Blue Water Trucking,Mx4rvVjVT5wpEbGdrcN5Y29ycA,Organization
Connor Hurley,Mx4rvViAkpwpEbGdrcN5Y29ycA,Person
2023 Cricket World Cup,Mx4r8WKTYg5tEd6AAAAhm0QbaA,MultiSportsEventSportsCompetition
Cape Chukotsky,Mx4rwMsGZpwpEbGdrcN5Y29ycA,Promontory
Haylie Wagner,Mx4rvViAkpwpEbGdrcN5Y29ycA,Person
Rolando Barra,Mx4rvViAkpwpEbGdrcN5Y29ycA,Person
Ahmad Salar-e Kalat Tayebi,Mx4rvViACZwpEbGdrcN5Y29ycA,GeographicalRegion
Harpalus martini,Mx4rvViwMZwpEbGdrcN5Y29ycA,Animal
Rooftree,Mx4rwClAZJwpEbGdrcN5Y29ycA,ConceptualWork
Coloptilia conchylidella,Mx4rvViwMZwpEbGdrcN5Y29ycA,Animal
Dennis Feldman,Mx4rvViAkpwpEbGdrcN5Y29ycA,Person
Fifty Years of Silence,Mx4rwClAZJwpEbGdrcN5Y29ycA,ConceptualWork
Portuguese Handball Third Division,Mx4rvVjVT5wpEbGdrcN5Y29ycA,Organization
Monster Retsuden Oreca Battle,Mx4rv9p3wpwpEbGdrcN5Y29ycA,DevisedPracticeOrWork
Neetho,Mx4rwClAZJwpEbGdrcN5Y29ycA,ConceptualWork
Yu Minobe,Mx4rvViAkpwpEbGdrcN5Y29ycA,Person
Papyrus 74,Mx4rvVj3tJwpEbGdrcN5Y29ycA,WrittenCharacterSequence
Zulu Heart,Mx4rwClAZJwpEbGdrcN5Y29ycA,ConceptualWork
"Henry, Vermillion Parish, Louisiana",Mx4rvVi4_pwpEbGdrcN5Y29ycA,Neighborhood
Alpe d'Huez Triathlon,Mx4rvVioQZwpEbGdrcN5Y29ycA,Action
Hospital del Niño Jesús,Mx4rvVidpZwpEbGdrcN5Y29ycA,ConstructionArtifact
A.F.C. Sudbury,Mx4rvVjVT5wpEbGdrcN5Y29ycA,Organization
Load Me Up,Mx4rwClAZJwpEbGdrcN5Y29ycA,ConceptualWork
"United States House of Representatives elections in South Carolina, 1924",Mx4rvVioQZwpEbGdrcN5Y29ycA,Action
Waterloo (1970 film),Mx4rwClAZJwpEbGdrcN5Y29ycA,ConceptualWork
"Chambers County, Alabama",Mx4rvVjl2pwpEbGdrcN5Y29ycA,GeopoliticalEntity
Heaven's Gate (film),Mx4rwClAZJwpEbGdrcN5Y29ycA,ConceptualWork
Kanbun Uechi,Mx4rvViAkpwpEbGdrcN5Y29ycA,Person
Ed Feighan,Mx4rvViAkpwpEbGdrcN5Y29ycA,Person
Fay Grim,Mx4rwClAZJwpEbGdrcN5Y29ycA,ConceptualWork
Administrative divisions of Tomsk Oblast,Mx4rvViA9JwpEbGdrcN5Y29ycA,Thing
US Marseille Endoume,Mx4rvVjVT5wpEbGdrcN5Y29ycA,Organization
George Hamilton (MP),Mx4rvViAkpwpEbGdrcN5Y29ycA,Person
Luke's Trolley Troubles,Mx4rwClAZJwpEbGdrcN5Y29ycA,ConceptualWork
The Bonnie Brier Bush,Mx4rwClAZJwpEbGdrcN5Y29ycA,ConceptualWork
Thank God for Believers,Mx4rwClAZJwpEbGdrcN5Y29ycA,ConceptualWork
Council for German Orthography,Mx4rvVjVT5wpEbGdrcN5Y29ycA,Organization
Lagrangian mechanics,Mx4rvVjjH5wpEbGdrcN5Y29ycA,MathematicalOrComputationalThing
Belgian Eifel,Mx4rvViACZwpEbGdrcN5Y29ycA,GeographicalRegion
Black Peter (film),Mx4rwClAZJwpEbGdrcN5Y29ycA,ConceptualWork
AIPH,Mx4rvVjVT5wpEbGdrcN5Y29ycA,Organization
William Henry Hyett,Mx4rvViAkpwpEbGdrcN5Y29ycA,Person
European Universities Beach Volleyball Championships,Mx4rwOI75pwpEbGdrcN5Y29ycA,Tournament
Cornelius O'Callaghan,Mx4rvViAkpwpEbGdrcN5Y29ycA,Person
Drum key,Mx4rvViUcpwpEbGdrcN5Y29ycA,PoweredDevice
Aravana,Mx4rvVioQZwpEbGdrcN5Y29ycA,Action
1993 alleged Turkish military coup,Mx4rvVioQZwpEbGdrcN5Y29ycA,Action
Marquis reagent,Mx4rwClAZJwpEbGdrcN5Y29ycA,ConceptualWork
Area density,Mx4rvVjjH5wpEbGdrcN5Y29ycA,MathematicalOrComputationalThing
Liscard,Mx4rvVi4_pwpEbGdrcN5Y29ycA,Neighborhood
Boer goat,Mx4rvViwMZwpEbGdrcN5Y29ycA,Animal
Colorado Foxes,Mx4rvVjVT5wpEbGdrcN5Y29ycA,Organization
Land Day,Mx4rvViAw5wpEbGdrcN5Y29ycA,TimeInterval
Air Transportation Stabilization Board,Mx4rvVjVT5wpEbGdrcN5Y29ycA,Organization
The Pleasance,Mx4rvVidpZwpEbGdrcN5Y29ycA,ConstructionArtifact
Night Ride Home,Mx4rwClAZJwpEbGdrcN5Y29ycA,ConceptualWork
Paso de la Amada,Mx4rv6EfGZwpEbGdrcN5Y29ycA,Place-NonAgent
Share My World,Mx4rwClAZJwpEbGdrcN5Y29ycA,ConceptualWork
Alter Natives,Mx4rvVjVT5wpEbGdrcN5Y29ycA,Organization
Ray Krebbs,Mx4rwQwwBZwpEbGdrcN5Y29ycA,FictionalThing
Tetrairidium dodecacarbonyl,Mx4r0khSnvXQQdaQPNav9zMM-A,PolyAtomicChemicalObject
2007–08 Memphis Grizzlies season,Mx4rvVioQZwpEbGdrcN5Y29ycA,Action
Network motif,Mx4rvVjjH5wpEbGdrcN5Y29ycA,MathematicalOrComputationalThing
China Molybdenum,Mx4rvViS05wpEbGdrcN5Y29ycA,CommercialOrganization
1984–85 New Jersey Devils season,Mx4rvVioQZwpEbGdrcN5Y29ycA,Action
Institute of Asian and African Countries,Mx4rvVjVT5wpEbGdrcN5Y29ycA,Organization
Norker,Mx4rwQwwBZwpEbGdrcN5Y29ycA,FictionalThing
Mambas Noirs FC,Mx4rvVjVT5wpEbGdrcN5Y29ycA,Organization
2010 Auckland Rugby League season,Mx4rvVioQZwpEbGdrcN5Y29ycA,Action
Dreghorn Barracks,Mx4rvVj7KJwpEbGdrcN5Y29ycA,Building
1991 New Zealand rugby league season,Mx4rvVioQZwpEbGdrcN5Y29ycA,Action
2011 Utah State Aggies football team,Mx4rvVjVT5wpEbGdrcN5Y29ycA,Organization
Beijing People's Art Theatre,Mx4rvViS05wpEbGdrcN5Y29ycA,CommercialOrganization
Dunav Zone League,Mx4rwOI75pwpEbGdrcN5Y29ycA,Tournament
Danube company,Mx4rvViS05wpEbGdrcN5Y29ycA,CommercialOrganization
Gorōyama kofun,Mx4rvVidpZwpEbGdrcN5Y29ycA,ConstructionArtifact
Indian Day (Brazil),Mx4rvVioQZwpEbGdrcN5Y29ycA,Action
IAR Graduate Conference,Mx4rvViADZwpEbGdrcN5Y29ycA,Event
HaPijamot,Mx4rwU8mTJwpEbGdrcN5Y29ycA,ConceptualWorkSeries
"Suska, Otwock County",Mx4rvVi4_pwpEbGdrcN5Y29ycA,Neighborhood
Active Template Library,Mx4rwClAZJwpEbGdrcN5Y29ycA,ConceptualWork
2008–09 Football League Championship,Mx4rwOI75pwpEbGdrcN5Y29ycA,Tournament
