X villages,Mx4rvVjl2pwpEbGdrcN5Y29ycA,GeopoliticalEntity
People with acquired X,Mx4rvViAkpwpEbGdrcN5Y29ycA,Person
Delaware X,Mx4rvViA9JwpEbGdrcN5Y29ycA,Thing
X women film directors,Mx4rvViAkpwpEbGdrcN5Y29ycA,Person
Ns science fiction novels,Mx4rwClAZJwpEbGdrcN5Y29ycA,ConceptualWork
Philosophers from X,Mx4rvViAkpwpEbGdrcN5Y29ycA,Person
Prime Ministers of the X,Mx4rvViAkpwpEbGdrcN5Y29ycA,Person
X wicket-keepers,Mx4rvViAkpwpEbGdrcN5Y29ycA,Person
"X elections, 1982",Mx4rvVioQZwpEbGdrcN5Y29ycA,Action
Pharaohs of the X of Egypt,Mx4rvViAkpwpEbGdrcN5Y29ycA,Person
"People from X, Nova Scotia",Mx4rvViAkpwpEbGdrcN5Y29ycA,Person
Works by John X,Mx4rwClAZJwpEbGdrcN5Y29ycA,ConceptualWork
X of Filipino descent,Mx4rvViAkpwpEbGdrcN5Y29ycA,Person
Ns in Pennsylvania,Mx4rvViA9JwpEbGdrcN5Y29ycA,Thing
Roadside attractions in X,Mx4rvViA9JwpEbGdrcN5Y29ycA,Thing
"Actors from X, California",Mx4rvViAkpwpEbGdrcN5Y29ycA,Person
X tenors,Mx4rvViAkpwpEbGdrcN5Y29ycA,Person
X of Swiss descent,Mx4rvViAkpwpEbGdrcN5Y29ycA,Person
Pennsylvania X,Mx4rvViA9JwpEbGdrcN5Y29ycA,Thing
X jazz singers,Mx4rvViAkpwpEbGdrcN5Y29ycA,Person
"Maryland elections, N",Mx4rvVioQZwpEbGdrcN5Y29ycA,Action
"Cities in X, Idaho",Mx4rvVjl2pwpEbGdrcN5Y29ycA,GeopoliticalEntity
Mixed martial artists from X,Mx4rvViAkpwpEbGdrcN5Y29ycA,Person
"North Carolina elections, N",Mx4rvVioQZwpEbGdrcN5Y29ycA,Action
X-language albums,Mx4rwClAZJwpEbGdrcN5Y29ycA,ConceptualWork
Ships transferred from the United States Navy to the X,Mx4rvViUcpwpEbGdrcN5Y29ycA,PoweredDevice
X sheriffs,Mx4rvViAkpwpEbGdrcN5Y29ycA,Person
Finnish X,Mx4rvViA9JwpEbGdrcN5Y29ycA,Thing
Aircraft manufactured in X,Mx4rvVjHL5wpEbGdrcN5Y29ycA,PhysicalDevice
"X elections, 2014",Mx4rvVioQZwpEbGdrcN5Y29ycA,Action
Channel N low-power TV stations in the United States,Mx4rvVjVT5wpEbGdrcN5Y29ycA,Organization
X personnel of World War II,Mx4rvViAkpwpEbGdrcN5Y29ycA,Person
Conservative parties in X,Mx4rvVjVT5wpEbGdrcN5Y29ycA,Organization
X pop musicians,Mx4rvViAkpwpEbGdrcN5Y29ycA,Person
Cattle breeds originating in X,Mx4rvVjjH5wpEbGdrcN5Y29ycA,MathematicalOrComputationalThing
"Schools in X, Michigan",Mx4rvVjVT5wpEbGdrcN5Y29ycA,Organization
X hip hop groups,Mx4rvVjVT5wpEbGdrcN5Y29ycA,Organization
"People from X, Western Australia",Mx4rvViAkpwpEbGdrcN5Y29ycA,Person
X Republicans,Mx4rvViAkpwpEbGdrcN5Y29ycA,Person
X FC seasons,Mx4rvVioQZwpEbGdrcN5Y29ycA,Action
N Atlantic Coast Conference football season,Mx4rvVioQZwpEbGdrcN5Y29ycA,Action
"People from X, Montana",Mx4rvViAkpwpEbGdrcN5Y29ycA,Person
X justices,Mx4rvViAkpwpEbGdrcN5Y29ycA,Person
"Education in X, Alabama",Mx4rvViA9JwpEbGdrcN5Y29ycA,Thing
Populated places on the X,Mx4rvViACZwpEbGdrcN5Y29ycA,GeographicalRegion
Fire stations completed in N,Mx4rvVj7KJwpEbGdrcN5Y29ycA,Building
"People from X, North Dakota",Mx4rvViAkpwpEbGdrcN5Y29ycA,Person
N elections in Germany,Mx4rvVioQZwpEbGdrcN5Y29ycA,Action
X illustrators,Mx4rvViAkpwpEbGdrcN5Y29ycA,Person
X radio personalities,Mx4rvViAkpwpEbGdrcN5Y29ycA,Person
"Cities in X, Wisconsin",Mx4rvVjl2pwpEbGdrcN5Y29ycA,GeopoliticalEntity
X players of American football,Mx4rvViAkpwpEbGdrcN5Y29ycA,Person
X people of Chinese descent,Mx4rvViAkpwpEbGdrcN5Y29ycA,Person
X founders,Mx4rvViAkpwpEbGdrcN5Y29ycA,Person
"People from X, Ontario",Mx4rvViAkpwpEbGdrcN5Y29ycA,Person
X skiers,Mx4rvViAkpwpEbGdrcN5Y29ycA,Person
Merchant ships of X,Mx4rvViUcpwpEbGdrcN5Y29ycA,PoweredDevice
X classical pianists,Mx4rvViAkpwpEbGdrcN5Y29ycA,Person
"Cities in X, Nebraska",Mx4rvVjl2pwpEbGdrcN5Y29ycA,GeopoliticalEntity
X chefs,Mx4rvViAkpwpEbGdrcN5Y29ycA,Person
X javelin throwers,Mx4rvViAkpwpEbGdrcN5Y29ycA,Person
"Roads in X, Florida",Mx4rvyNjbZwpEbGdrcN5Y29ycA,Roadway
X in Shropshire,Mx4rvViA9JwpEbGdrcN5Y29ycA,Thing
County routes in X,Mx4rvyNjbZwpEbGdrcN5Y29ycA,Roadway
Railway stations on the X,Mx4rv6ZmoZwpEbGdrcN5Y29ycA,RailroadStation
Tributaries of the X River,Mx4rvVkHdJwpEbGdrcN5Y29ycA,Stream
X atheists,Mx4rvViAkpwpEbGdrcN5Y29ycA,Person
X scouts,Mx4rvViAkpwpEbGdrcN5Y29ycA,Person
Drug-related deaths in X,Mx4rvViAkpwpEbGdrcN5Y29ycA,Person
X jazz musicians,Mx4rvViAkpwpEbGdrcN5Y29ycA,Person
Airlines disestablished in N,Mx4rvViS05wpEbGdrcN5Y29ycA,CommercialOrganization
"Villages in X, Missouri",Mx4rvVjl2pwpEbGdrcN5Y29ycA,GeopoliticalEntity
X orchestras,Mx4rvVjVT5wpEbGdrcN5Y29ycA,Organization
"Populated places in X, Tennessee",Mx4rvViACZwpEbGdrcN5Y29ycA,GeographicalRegion
Boroughs in X,Mx4rvVjl2pwpEbGdrcN5Y29ycA,GeopoliticalEntity
"Cities in X, Iowa",Mx4rvVjl2pwpEbGdrcN5Y29ycA,GeopoliticalEntity
"Schools in X, Virginia",Mx4rvVjVT5wpEbGdrcN5Y29ycA,Organization
N animated films,Mx4rwClAZJwpEbGdrcN5Y29ycA,ConceptualWork
X non-playing staff,Mx4rvViAkpwpEbGdrcN5Y29ycA,Person
X rabbis,Mx4rvViAkpwpEbGdrcN5Y29ycA,Person
"Companies based in X, California",Mx4rvViS05wpEbGdrcN5Y29ycA,CommercialOrganization
N in Puerto Rico,Mx4rvViA9JwpEbGdrcN5Y29ycA,Thing
N domestic association football cups,Mx4rwOI75pwpEbGdrcN5Y29ycA,Tournament
Former X stations,Mx4rv6ZmoZwpEbGdrcN5Y29ycA,RailroadStation
Treaties entered into force in N,Mx4rwClAZJwpEbGdrcN5Y29ycA,ConceptualWork
Treaties concluded in N,Mx4rwClAZJwpEbGdrcN5Y29ycA,ConceptualWork
X male singers,Mx4rvViAkpwpEbGdrcN5Y29ycA,Person
"Buildings and structures in X, Virginia",Mx4rvVidpZwpEbGdrcN5Y29ycA,ConstructionArtifact
Populated places in the X Local Municipality,Mx4rvViACZwpEbGdrcN5Y29ycA,GeographicalRegion
"California elections, N",Mx4rvVioQZwpEbGdrcN5Y29ycA,Action
X companies of the United States,Mx4rvViS05wpEbGdrcN5Y29ycA,CommercialOrganization
X F.C. matches,Mx4rvVioQZwpEbGdrcN5Y29ycA,Action
X Records soundtracks,Mx4rwClAZJwpEbGdrcN5Y29ycA,ConceptualWork
Motorsport in X,Mx4rvViA9JwpEbGdrcN5Y29ycA,Thing
People from X Department,Mx4rvViAkpwpEbGdrcN5Y29ycA,Person
Princes of X,Mx4rvViAkpwpEbGdrcN5Y29ycA,Person
1880s in X,Mx4rvViA9JwpEbGdrcN5Y29ycA,Thing
X saints,Mx4rvVinb5wpEbGdrcN5Y29ycA,IntelligentAgent
Earthquakes in X,Mx4rvViADZwpEbGdrcN5Y29ycA,Event
Roman Catholic dioceses in X,Mx4rvVjVT5wpEbGdrcN5Y29ycA,Organization
People educated at X Grammar School,Mx4rvViAkpwpEbGdrcN5Y29ycA,Person
Comprehensive schools in X,Mx4rvVjVT5wpEbGdrcN5Y29ycA,Organization
Ns BC deaths,Mx4rvViAkpwpEbGdrcN5Y29ycA,Person
"People from X, Indiana",Mx4rvViAkpwpEbGdrcN5Y29ycA,Person
Boarding schools in X,Mx4rvVjVT5wpEbGdrcN5Y29ycA,Organization
X Roman Catholic bishops,Mx4rvViAkpwpEbGdrcN5Y29ycA,Person
People associated with X,Mx4rvViAkpwpEbGdrcN5Y29ycA,Person
French people of X descent,Mx4rvViAkpwpEbGdrcN5Y29ycA,Person
"United States Senate elections, N",Mx4rvVioQZwpEbGdrcN5Y29ycA,Action
Palaces in X,Mx4rvVjYHpwpEbGdrcN5Y29ycA,DetachedHouse
"People from X, Virginia",Mx4rvViAkpwpEbGdrcN5Y29ycA,Person
"People from X, Michigan",Mx4rvViAkpwpEbGdrcN5Y29ycA,Person
Short stories by X,Mx4rwClAZJwpEbGdrcN5Y29ycA,ConceptualWork
X sprinters,Mx4rvViAkpwpEbGdrcN5Y29ycA,Person
X philosophers,Mx4rvViAkpwpEbGdrcN5Y29ycA,Person
Caves of X,Mx4rvVjORZwpEbGdrcN5Y29ycA,TopographicalFeature
1910s in X,Mx4rvViA9JwpEbGdrcN5Y29ycA,Thing
"New York elections, N",Mx4rvVioQZwpEbGdrcN5Y29ycA,Action
Members of the Australian House of Representatives for X,Mx4rvViAkpwpEbGdrcN5Y29ycA,Person
N sculptures,Mx4rvVjPtpwpEbGdrcN5Y29ycA,VisualInformationBearingThing
Birds of X,Mx4rvViwMZwpEbGdrcN5Y29ycA,Animal
People of X,Mx4rvViAkpwpEbGdrcN5Y29ycA,Person
"People from X, Georgia",Mx4rvViAkpwpEbGdrcN5Y29ycA,Person
X diplomats,Mx4rvViAkpwpEbGdrcN5Y29ycA,Person
Hotel buildings completed in N,Mx4rvViIe5wpEbGdrcN5Y29ycA,HotelBuilding
X Records EPs,Mx4rwClAZJwpEbGdrcN5Y29ycA,ConceptualWork
Mosques in X,Mx4rvVj7KJwpEbGdrcN5Y29ycA,Building
N in the United States,Mx4rvViA9JwpEbGdrcN5Y29ycA,Thing
Plants described in N,Mx4rvVjG4ZwpEbGdrcN5Y29ycA,Plant
"Populated places in X, Texas",Mx4rvViACZwpEbGdrcN5Y29ycA,GeographicalRegion
Residential buildings completed in N,Mx4rvVj7KJwpEbGdrcN5Y29ycA,Building
"Buildings and structures in X, Texas",Mx4rvVidpZwpEbGdrcN5Y29ycA,ConstructionArtifact
Treaties of X,Mx4rwClAZJwpEbGdrcN5Y29ycA,ConceptualWork
Languages of X,Mx4rvf9sZJwpEbGdrcN5Y29ycA,AspatialInformationStore
Borders of X,Mx4rvViA9JwpEbGdrcN5Y29ycA,Thing
1950s in X,Mx4rvViA9JwpEbGdrcN5Y29ycA,Thing
"People from X, Pennsylvania",Mx4rvViAkpwpEbGdrcN5Y29ycA,Person
1960s in X,Mx4rvViA9JwpEbGdrcN5Y29ycA,Thing
Skyscrapers in X,Mx4rvVic-pwpEbGdrcN5Y29ycA,OfficeBuilding
N in cricket,Mx4rvViA9JwpEbGdrcN5Y29ycA,Thing
N poems,Mx4rwClAZJwpEbGdrcN5Y29ycA,ConceptualWork
X remix albums,Mx4rwClAZJwpEbGdrcN5Y29ycA,ConceptualWork
N BC births,Mx4rvViAkpwpEbGdrcN5Y29ycA,Person
X Records live albums,Mx4rwClAZJwpEbGdrcN5Y29ycA,ConceptualWork
X basketball,Mx4rvViA9JwpEbGdrcN5Y29ycA,Thing
Universities in X,Mx4rvVjVT5wpEbGdrcN5Y29ycA,Organization
FC X players,Mx4rvViAkpwpEbGdrcN5Y29ycA,Person
X in Wales,Mx4rvViA9JwpEbGdrcN5Y29ycA,Thing
"People from X, New Jersey",Mx4rvViAkpwpEbGdrcN5Y29ycA,Person
X actors,Mx4rvViAkpwpEbGdrcN5Y29ycA,Person
People from the X,Mx4rvViAkpwpEbGdrcN5Y29ycA,Person
X singers,Mx4rvViAkpwpEbGdrcN5Y29ycA,Person
Populated places established in N,Mx4rvViACZwpEbGdrcN5Y29ycA,GeographicalRegion
N books,Mx4rwClAZJwpEbGdrcN5Y29ycA,ConceptualWork
Governors of X,Mx4rvViAkpwpEbGdrcN5Y29ycA,Person
X University faculty,Mx4rvViAkpwpEbGdrcN5Y29ycA,Person
Cities and towns in X district,Mx4rvVjl2pwpEbGdrcN5Y29ycA,GeopoliticalEntity
X languages,Mx4rvf9sZJwpEbGdrcN5Y29ycA,AspatialInformationStore
N BC deaths,Mx4rvViAkpwpEbGdrcN5Y29ycA,Person
Compositions by X,Mx4rwClAZJwpEbGdrcN5Y29ycA,ConceptualWork
X football players,Mx4rvViAkpwpEbGdrcN5Y29ycA,Person
X football coaches,Mx4rvViAkpwpEbGdrcN5Y29ycA,Person
X baseball players,Mx4rvViAkpwpEbGdrcN5Y29ycA,Person
Populated places in the X,Mx4rvViACZwpEbGdrcN5Y29ycA,GeographicalRegion
X University alumni,Mx4rvViAkpwpEbGdrcN5Y29ycA,Person
X EPs,Mx4rwClAZJwpEbGdrcN5Y29ycA,ConceptualWork
X writers,Mx4rvViAkpwpEbGdrcN5Y29ycA,Person
Towns in X,Mx4rvVjl2pwpEbGdrcN5Y29ycA,GeopoliticalEntity
X Records albums,Mx4rwClAZJwpEbGdrcN5Y29ycA,ConceptualWork
Rivers of X,Mx4rvVkHdJwpEbGdrcN5Y29ycA,Stream
Railway stations in X,Mx4rv6ZmoZwpEbGdrcN5Y29ycA,RailroadStation
People educated at X,Mx4rvViAkpwpEbGdrcN5Y29ycA,Person
X films,Mx4rwClAZJwpEbGdrcN5Y29ycA,ConceptualWork
X compilation albums,Mx4rwClAZJwpEbGdrcN5Y29ycA,ConceptualWork
Villages in X,Mx4rvVjl2pwpEbGdrcN5Y29ycA,GeopoliticalEntity
N births,Mx4rvViAkpwpEbGdrcN5Y29ycA,Person
N deaths,Mx4rvViAkpwpEbGdrcN5Y29ycA,Person
Albums produced by X,Mx4rwClAZJwpEbGdrcN5Y29ycA,ConceptualWork
X people,Mx4rvViAkpwpEbGdrcN5Y29ycA,Person
X coaches,Mx4rvViAkpwpEbGdrcN5Y29ycA,Person
Schools in X,Mx4rvVjVT5wpEbGdrcN5Y29ycA,Organization
Cities in X,Mx4rvVjl2pwpEbGdrcN5Y29ycA,GeopoliticalEntity
X politicians,Mx4rvViAkpwpEbGdrcN5Y29ycA,Person
X alumni,Mx4rvViAkpwpEbGdrcN5Y29ycA,Person
Visitor attractions in X,Mx4rvViA9JwpEbGdrcN5Y29ycA,Thing
Films directed by X,Mx4rwClAZJwpEbGdrcN5Y29ycA,ConceptualWork
Populated places in X,Mx4rvViACZwpEbGdrcN5Y29ycA,GeographicalRegion
X players,Mx4rvViAkpwpEbGdrcN5Y29ycA,Person
X albums,Mx4rwClAZJwpEbGdrcN5Y29ycA,ConceptualWork
People from X,Mx4rvViAkpwpEbGdrcN5Y29ycA,Person
Ski jumping venues in X,Mx4rvVidpZwpEbGdrcN5Y29ycA,ConstructionArtifact
"X in Cape May County, New Jersey",Mx4rvViA9JwpEbGdrcN5Y29ycA,Thing
Chancellors under Emperor X of Tang,Mx4rvViAkpwpEbGdrcN5Y29ycA,Person
X military aircraft 1960–1969,Mx4rwLrAvJwpEbGdrcN5Y29ycA,MilitaryVehicle
1980 in the X,Mx4rvViA9JwpEbGdrcN5Y29ycA,Thing
Murdered X children,Mx4rvViAkpwpEbGdrcN5Y29ycA,Person
Competitors at the N Winter Olympics,Mx4rvViAkpwpEbGdrcN5Y29ycA,Person
"Schools in X, Maine",Mx4rvVjVT5wpEbGdrcN5Y29ycA,Organization
X game stubs,Mx4rv9p3wpwpEbGdrcN5Y29ycA,DevisedPracticeOrWork
X military officers,Mx4rvViAkpwpEbGdrcN5Y29ycA,Person
"X, Pakistan",Mx4rvViA9JwpEbGdrcN5Y29ycA,Thing
X in Nagoya,Mx4rvViA9JwpEbGdrcN5Y29ycA,Thing
"Companies based in X, Florida",Mx4rvViS05wpEbGdrcN5Y29ycA,CommercialOrganization
"X in Bergen County, New Jersey",Mx4rvViA9JwpEbGdrcN5Y29ycA,Thing
"Visitor attractions in Jackson County, X",Mx4rvViA9JwpEbGdrcN5Y29ycA,Thing
1988 in the X,Mx4rvViA9JwpEbGdrcN5Y29ycA,Thing
X schools in Maryland,Mx4rvVjVT5wpEbGdrcN5Y29ycA,Organization
X in Nordland,Mx4rvViA9JwpEbGdrcN5Y29ycA,Thing
X jewellers,Mx4rvViAkpwpEbGdrcN5Y29ycA,Person
Villages in X Oblast,Mx4rvVjl2pwpEbGdrcN5Y29ycA,GeopoliticalEntity
AfC submissions by date/N November 2008,Mx4rvViA9JwpEbGdrcN5Y29ycA,Thing
X in the War of 1812,Mx4rvViA9JwpEbGdrcN5Y29ycA,Thing
X antibiotics,Mx4rvViA9JwpEbGdrcN5Y29ycA,Thing
X in Falkirk (council area),Mx4rvViA9JwpEbGdrcN5Y29ycA,Thing
Gender in X,Mx4rvViA9JwpEbGdrcN5Y29ycA,Thing
X people executed by the Soviet Union,Mx4rvViAkpwpEbGdrcN5Y29ycA,Person
X people of Soviet descent,Mx4rvViAkpwpEbGdrcN5Y29ycA,Person
Album covers by X,Mx4rvVjPtpwpEbGdrcN5Y29ycA,VisualInformationBearingThing
Knights of the Order of X,Mx4rvViAkpwpEbGdrcN5Y29ycA,Person
Fast-food chains of X,Mx4rvViS05wpEbGdrcN5Y29ycA,CommercialOrganization
Washington X players,Mx4rvViAkpwpEbGdrcN5Y29ycA,Person
"X in San Mateo County, California",Mx4rvViA9JwpEbGdrcN5Y29ycA,Thing
Japan–X relations,Mx4rvViA9JwpEbGdrcN5Y29ycA,Thing
X in Cambridge,Mx4rvViA9JwpEbGdrcN5Y29ycA,Thing
X in Thuringia,Mx4rvViA9JwpEbGdrcN5Y29ycA,Thing
"X in Sacramento County, California",Mx4rvViA9JwpEbGdrcN5Y29ycA,Thing
X in Derby,Mx4rvViA9JwpEbGdrcN5Y29ycA,Thing
1973 X,Mx4rvViA9JwpEbGdrcN5Y29ycA,Thing
X Conference basketball,Mx4rvViA9JwpEbGdrcN5Y29ycA,Thing
1994–95 in X,Mx4rvViA9JwpEbGdrcN5Y29ycA,Thing
X of the United States Virgin Islands,Mx4rvViA9JwpEbGdrcN5Y29ycA,Thing
X in art,Mx4rvViA9JwpEbGdrcN5Y29ycA,Thing
Oregon X,Mx4rvViA9JwpEbGdrcN5Y29ycA,Thing
2010 X television series endings,Mx4rwU8mTJwpEbGdrcN5Y29ycA,ConceptualWorkSeries
1807 in X,Mx4rvViA9JwpEbGdrcN5Y29ycA,Thing
"Cities in X County, Pennsylvania",Mx4rvVjl2pwpEbGdrcN5Y29ycA,GeopoliticalEntity
X companies of the Philippines,Mx4rvViS05wpEbGdrcN5Y29ycA,CommercialOrganization
"Transportation in X, New Mexico",Mx4rvViA9JwpEbGdrcN5Y29ycA,Thing
X in Oslo,Mx4rvViA9JwpEbGdrcN5Y29ycA,Thing
X and the European Union,Mx4rvViA9JwpEbGdrcN5Y29ycA,Thing
Culture by city in X,Mx4rvViA9JwpEbGdrcN5Y29ycA,Thing
"Unincorporated communities in X County, Oregon",Mx4rvVi4_pwpEbGdrcN5Y29ycA,Neighborhood
X at the 1980 Summer Olympics,Mx4rvViA9JwpEbGdrcN5Y29ycA,Thing
Early X,Mx4rvViA9JwpEbGdrcN5Y29ycA,Thing
X in Anguilla,Mx4rvViA9JwpEbGdrcN5Y29ycA,Thing
X–Soviet Union relations,Mx4rvViA9JwpEbGdrcN5Y29ycA,Thing
Trials in X,Mx4rvVioQZwpEbGdrcN5Y29ycA,Action
2004–05 in X football,Mx4rvViA9JwpEbGdrcN5Y29ycA,Thing
Missile boats of X,Mx4rwQCY1pwpEbGdrcN5Y29ycA,Battleship
N in West Germany,Mx4rvViA9JwpEbGdrcN5Y29ycA,Thing
Transport in X by city,Mx4rvViA9JwpEbGdrcN5Y29ycA,Thing
Paul X albums,Mx4rwClAZJwpEbGdrcN5Y29ycA,ConceptualWork
Transportation in X by city,Mx4rvViA9JwpEbGdrcN5Y29ycA,Thing
"Churches in X County, Pennsylvania",Mx4rvVj7KJwpEbGdrcN5Y29ycA,Building
1974 in X sport,Mx4rvViA9JwpEbGdrcN5Y29ycA,Thing
Olympic triathletes of X,Mx4rvViAkpwpEbGdrcN5Y29ycA,Person
"Landforms of X County, Idaho",Mx4rvVjORZwpEbGdrcN5Y29ycA,TopographicalFeature
X of Oklahoma,Mx4rvViA9JwpEbGdrcN5Y29ycA,Thing
Sports in X by sport,Mx4rvViA9JwpEbGdrcN5Y29ycA,Thing
California X,Mx4rvViA9JwpEbGdrcN5Y29ycA,Thing
X at the 1920 Summer Olympics,Mx4rvViA9JwpEbGdrcN5Y29ycA,Thing
X people of Argentine descent,Mx4rvViAkpwpEbGdrcN5Y29ycA,Person
X of Vermont,Mx4rvViA9JwpEbGdrcN5Y29ycA,Thing
X in American Samoa,Mx4rvViA9JwpEbGdrcN5Y29ycA,Thing
N in Yemen,Mx4rvViA9JwpEbGdrcN5Y29ycA,Thing
"X County, Alberta",Mx4rvViA9JwpEbGdrcN5Y29ycA,Thing
Asian X,Mx4rvViA9JwpEbGdrcN5Y29ycA,Thing
"X, Utah",Mx4rvViA9JwpEbGdrcN5Y29ycA,Thing
X temples,Mx4rvVj7KJwpEbGdrcN5Y29ycA,Building
N in Qatar,Mx4rvViA9JwpEbGdrcN5Y29ycA,Thing
X in West Bengal,Mx4rvViA9JwpEbGdrcN5Y29ycA,Thing
"Museums in X, Ohio",Mx4rvViggZwpEbGdrcN5Y29ycA,ModernShelterConstruction
"X in Boston, Massachusetts",Mx4rvViA9JwpEbGdrcN5Y29ycA,Thing
1997 in X sport,Mx4rvViA9JwpEbGdrcN5Y29ycA,Thing
"Transportation in X, West Virginia",Mx4rvViA9JwpEbGdrcN5Y29ycA,Thing
"Populated places in X County, New York",Mx4rvViACZwpEbGdrcN5Y29ycA,GeographicalRegion
"Protected areas of X, New York",Mx4rvVjKJ5wpEbGdrcN5Y29ycA,EcologicalRegion
X in the Northern Territory,Mx4rvViA9JwpEbGdrcN5Y29ycA,Thing
N in curling,Mx4rvViA9JwpEbGdrcN5Y29ycA,Thing
X industry,Mx4rvViA9JwpEbGdrcN5Y29ycA,Thing
Light rail in X,Mx4rvViA9JwpEbGdrcN5Y29ycA,Thing
AfC submissions by date/28 X,Mx4rvViA9JwpEbGdrcN5Y29ycA,Thing
N in Belarus,Mx4rvViA9JwpEbGdrcN5Y29ycA,Thing
N in Newfoundland,Mx4rvViA9JwpEbGdrcN5Y29ycA,Thing
2010 in X sport,Mx4rvViA9JwpEbGdrcN5Y29ycA,Thing
N in Nordic combined,Mx4rvViA9JwpEbGdrcN5Y29ycA,Thing
12th-century X,Mx4rvViA9JwpEbGdrcN5Y29ycA,Thing
N in Mongolia,Mx4rvViA9JwpEbGdrcN5Y29ycA,Thing
"Protected areas of X, Pennsylvania",Mx4rvVjKJ5wpEbGdrcN5Y29ycA,EcologicalRegion
X of Benin,Mx4rvViA9JwpEbGdrcN5Y29ycA,Thing
"Protected areas of X County, Indiana",Mx4rvVjKJ5wpEbGdrcN5Y29ycA,EcologicalRegion
Fossil fuel power stations in X,Mx4rwQwfB5wpEbGdrcN5Y29ycA,PowerGenerationComplex
N in sailing,Mx4rvViA9JwpEbGdrcN5Y29ycA,Thing
X history stubs,Mx4rvViA9JwpEbGdrcN5Y29ycA,Thing
"Education in X County, Michigan",Mx4rvViA9JwpEbGdrcN5Y29ycA,Thing
Burials at X Cathedral,Mx4rvViAkpwpEbGdrcN5Y29ycA,Person
13th-century X,Mx4rvViA9JwpEbGdrcN5Y29ycA,Thing
N in South Korea,Mx4rvViA9JwpEbGdrcN5Y29ycA,Thing
X of New York,Mx4rvViA9JwpEbGdrcN5Y29ycA,Thing
X in Sierra Leone,Mx4rvViA9JwpEbGdrcN5Y29ycA,Thing
"Geography of X, Oklahoma",Mx4rvViA9JwpEbGdrcN5Y29ycA,Thing
X emperors,Mx4rvViAkpwpEbGdrcN5Y29ycA,Person
Landforms of the X,Mx4rvVjORZwpEbGdrcN5Y29ycA,TopographicalFeature
N in boat racing,Mx4rvViA9JwpEbGdrcN5Y29ycA,Thing
1863 in X,Mx4rvViA9JwpEbGdrcN5Y29ycA,Thing
X archers,Mx4rvViAkpwpEbGdrcN5Y29ycA,Person
Olympic canoeists of X,Mx4rvViAkpwpEbGdrcN5Y29ycA,Person
Faculty by university or college in X,Mx4rvViAkpwpEbGdrcN5Y29ycA,Person
"X County, Michigan",Mx4rvViA9JwpEbGdrcN5Y29ycA,Thing
"Education in X County, Illinois",Mx4rvViA9JwpEbGdrcN5Y29ycA,Thing
X in Essex,Mx4rvViA9JwpEbGdrcN5Y29ycA,Thing
N in Northern Ireland,Mx4rvViA9JwpEbGdrcN5Y29ycA,Thing
N in Mississippi,Mx4rvViA9JwpEbGdrcN5Y29ycA,Thing
X companies by country,Mx4rvViS05wpEbGdrcN5Y29ycA,CommercialOrganization
"Buildings and structures in X County, North Carolina",Mx4rvVidpZwpEbGdrcN5Y29ycA,ConstructionArtifact
X companies of the United Kingdom,Mx4rvViS05wpEbGdrcN5Y29ycA,CommercialOrganization
X in Cameroon,Mx4rvViA9JwpEbGdrcN5Y29ycA,Thing
X by war,Mx4rvViA9JwpEbGdrcN5Y29ycA,Thing
X wine,Mx4rvVjIe5wpEbGdrcN5Y29ycA,AlcoholicBeverage
"Buildings and structures in X, North Carolina",Mx4rvVidpZwpEbGdrcN5Y29ycA,ConstructionArtifact
Canada–X relations,Mx4rvViA9JwpEbGdrcN5Y29ycA,Thing
X in Sudan,Mx4rvViA9JwpEbGdrcN5Y29ycA,Thing
"X County, Illinois",Mx4rvViA9JwpEbGdrcN5Y29ycA,Thing
"Geography of X, Virginia",Mx4rvViA9JwpEbGdrcN5Y29ycA,Thing
Italian X,Mx4rvViA9JwpEbGdrcN5Y29ycA,Thing
"Populated places in X County, Missouri",Mx4rvViACZwpEbGdrcN5Y29ycA,GeographicalRegion
Roman Catholic churches completed in N,Mx4rvVj7KJwpEbGdrcN5Y29ycA,Building
"X County, Iowa",Mx4rvViA9JwpEbGdrcN5Y29ycA,Thing
U.S. X,Mx4rvViA9JwpEbGdrcN5Y29ycA,Thing
Natural gas in X,Mx4rvViA9JwpEbGdrcN5Y29ycA,Thing
X in the Dominican Republic,Mx4rvViA9JwpEbGdrcN5Y29ycA,Thing
N in South American sport,Mx4rvViA9JwpEbGdrcN5Y29ycA,Thing
X results by riding,Mx4rvViA9JwpEbGdrcN5Y29ycA,Thing
Buildings and structures in X by city,Mx4rvVidpZwpEbGdrcN5Y29ycA,ConstructionArtifact
X of Slovenia,Mx4rvViA9JwpEbGdrcN5Y29ycA,Thing
N Major League Baseball season,Mx4rvVioQZwpEbGdrcN5Y29ycA,Action
1908 in X,Mx4rvViA9JwpEbGdrcN5Y29ycA,Thing
X terminology,Mx4rvViA9JwpEbGdrcN5Y29ycA,Thing
X in Tanzania,Mx4rvViA9JwpEbGdrcN5Y29ycA,Thing
X theory,Mx4rvVioQZwpEbGdrcN5Y29ycA,Action
X of Austria,Mx4rvViA9JwpEbGdrcN5Y29ycA,Thing
1922 in X,Mx4rvViA9JwpEbGdrcN5Y29ycA,Thing
"Education in X County, Georgia",Mx4rvViA9JwpEbGdrcN5Y29ycA,Thing
1926 in X,Mx4rvViA9JwpEbGdrcN5Y29ycA,Thing
Ns by country,Mx4rvViA9JwpEbGdrcN5Y29ycA,Thing
Canals in X,Mx4rvVjzcZwpEbGdrcN5Y29ycA,Canal
N in chess,Mx4rvViA9JwpEbGdrcN5Y29ycA,Thing
N in Tennessee,Mx4rvViA9JwpEbGdrcN5Y29ycA,Thing
N short story collections,Mx4rwClAZJwpEbGdrcN5Y29ycA,ConceptualWork
X in Iceland,Mx4rvViA9JwpEbGdrcN5Y29ycA,Thing
X in Bosnia and Herzegovina,Mx4rvViA9JwpEbGdrcN5Y29ycA,Thing
N in Switzerland,Mx4rvViA9JwpEbGdrcN5Y29ycA,Thing
Buildings and structures in the X,Mx4rvVidpZwpEbGdrcN5Y29ycA,ConstructionArtifact
X editors,Mx4rvViAkpwpEbGdrcN5Y29ycA,Person
"X County, Georgia",Mx4rvViA9JwpEbGdrcN5Y29ycA,Thing
1938 in X,Mx4rvViA9JwpEbGdrcN5Y29ycA,Thing
1900s in X,Mx4rvViA9JwpEbGdrcN5Y29ycA,Thing
Roman Catholic churches in X,Mx4rvVj7KJwpEbGdrcN5Y29ycA,Building
"Visitor attractions in X County, Texas",Mx4rvViA9JwpEbGdrcN5Y29ycA,Thing
X of Ukraine,Mx4rvViA9JwpEbGdrcN5Y29ycA,Thing
1953 in X,Mx4rvViA9JwpEbGdrcN5Y29ycA,Thing
N in Illinois,Mx4rvViA9JwpEbGdrcN5Y29ycA,Thing
N in the Philippines,Mx4rvViA9JwpEbGdrcN5Y29ycA,Thing
Cricket in X,Mx4rvViA9JwpEbGdrcN5Y29ycA,Thing
1951 in X,Mx4rvViA9JwpEbGdrcN5Y29ycA,Thing
X River,Mx4rvViA9JwpEbGdrcN5Y29ycA,Thing
X of the Netherlands,Mx4rvViA9JwpEbGdrcN5Y29ycA,Thing
X in Vermont,Mx4rvViA9JwpEbGdrcN5Y29ycA,Thing
X tennis players,Mx4rvViAkpwpEbGdrcN5Y29ycA,Person
X shows,Mx4rwClAZJwpEbGdrcN5Y29ycA,ConceptualWork
X in Idaho,Mx4rvViA9JwpEbGdrcN5Y29ycA,Thing
Roman Catholic X,Mx4rvViA9JwpEbGdrcN5Y29ycA,Thing
X in Slovakia,Mx4rvViA9JwpEbGdrcN5Y29ycA,Thing
1966 in X,Mx4rvViA9JwpEbGdrcN5Y29ycA,Thing
1967 in X,Mx4rvViA9JwpEbGdrcN5Y29ycA,Thing
N in rail transport,Mx4rvViA9JwpEbGdrcN5Y29ycA,Thing
1963 in X,Mx4rvViA9JwpEbGdrcN5Y29ycA,Thing
X people stubs,Mx4rvViAkpwpEbGdrcN5Y29ycA,Person
1983 in X,Mx4rvViA9JwpEbGdrcN5Y29ycA,Thing
N in religion,Mx4rvViA9JwpEbGdrcN5Y29ycA,Thing
X in London,Mx4rvViA9JwpEbGdrcN5Y29ycA,Thing
X in Egypt,Mx4rvViA9JwpEbGdrcN5Y29ycA,Thing
1976 in X,Mx4rvViA9JwpEbGdrcN5Y29ycA,Thing
X by year,Mx4rvViA9JwpEbGdrcN5Y29ycA,Thing
X in Colorado,Mx4rvViA9JwpEbGdrcN5Y29ycA,Thing
1986 in X,Mx4rvViA9JwpEbGdrcN5Y29ycA,Thing
Energy in X,Mx4rvViA9JwpEbGdrcN5Y29ycA,Thing
X in West Virginia,Mx4rvViA9JwpEbGdrcN5Y29ycA,Thing
N in China,Mx4rvViA9JwpEbGdrcN5Y29ycA,Thing
X in Serbia,Mx4rvViA9JwpEbGdrcN5Y29ycA,Thing
N in Russia,Mx4rvViA9JwpEbGdrcN5Y29ycA,Thing
FC X,Mx4rvViA9JwpEbGdrcN5Y29ycA,Thing
N in Japan,Mx4rvViA9JwpEbGdrcN5Y29ycA,Thing
X in the Czech Republic,Mx4rvViA9JwpEbGdrcN5Y29ycA,Thing
2nd millennium in X,Mx4rvViA9JwpEbGdrcN5Y29ycA,Thing
1995 in X,Mx4rvViA9JwpEbGdrcN5Y29ycA,Thing
X in Europe,Mx4rvViA9JwpEbGdrcN5Y29ycA,Thing
1992 in X,Mx4rvViA9JwpEbGdrcN5Y29ycA,Thing
X in Argentina,Mx4rvViA9JwpEbGdrcN5Y29ycA,Thing
Culture in X,Mx4rvViA9JwpEbGdrcN5Y29ycA,Thing
Football in X,Mx4rvViA9JwpEbGdrcN5Y29ycA,Thing
"X, Illinois",Mx4rvViA9JwpEbGdrcN5Y29ycA,Thing
X people by occupation,Mx4rvViAkpwpEbGdrcN5Y29ycA,Person
X in the Philippines,Mx4rvViA9JwpEbGdrcN5Y29ycA,Thing
X of India,Mx4rvViA9JwpEbGdrcN5Y29ycA,Thing
Crime in X,Mx4rvViA9JwpEbGdrcN5Y29ycA,Thing
X architecture,Mx4rvViA9JwpEbGdrcN5Y29ycA,Thing
N in military history,Mx4rvViA9JwpEbGdrcN5Y29ycA,Thing
2005 in X,Mx4rvViA9JwpEbGdrcN5Y29ycA,Thing
20th century in X,Mx4rvViA9JwpEbGdrcN5Y29ycA,Thing
Centuries in X,Mx4rvViA9JwpEbGdrcN5Y29ycA,Thing
Theatres in X,Mx4rvVifNJwpEbGdrcN5Y29ycA,Theater-PhysicalStructure
2004 in X,Mx4rvViA9JwpEbGdrcN5Y29ycA,Thing
X in New York,Mx4rvViA9JwpEbGdrcN5Y29ycA,Thing
X groups,Mx4rvViA9JwpEbGdrcN5Y29ycA,Thing
N in music,Mx4rvViA9JwpEbGdrcN5Y29ycA,Thing
"X, Texas",Mx4rvViA9JwpEbGdrcN5Y29ycA,Thing
2009 in X,Mx4rvViA9JwpEbGdrcN5Y29ycA,Thing
N in the British Empire,Mx4rvViA9JwpEbGdrcN5Y29ycA,Thing
N crimes,Mx4rvViA9JwpEbGdrcN5Y29ycA,Thing
X in California,Mx4rvViA9JwpEbGdrcN5Y29ycA,Thing
The X songs,Mx4rwClAZJwpEbGdrcN5Y29ycA,ConceptualWork
X by occupation,Mx4rvViAkpwpEbGdrcN5Y29ycA,Person
X magazines,Mx4rwU8mTJwpEbGdrcN5Y29ycA,ConceptualWorkSeries
X in Turkey,Mx4rvViA9JwpEbGdrcN5Y29ycA,Thing
X in Norway,Mx4rvViA9JwpEbGdrcN5Y29ycA,Thing
X in Sweden,Mx4rvViA9JwpEbGdrcN5Y29ycA,Thing
Environment of X,Mx4rvViA9JwpEbGdrcN5Y29ycA,Thing
N in North America,Mx4rvViA9JwpEbGdrcN5Y29ycA,Thing
Hospitals in X,Mx4rvVjptJwpEbGdrcN5Y29ycA,HospitalBuilding
X in Japan,Mx4rvViA9JwpEbGdrcN5Y29ycA,Thing
N in Scotland,Mx4rvViA9JwpEbGdrcN5Y29ycA,Thing
Song recordings produced by X,Mx4rwClAZJwpEbGdrcN5Y29ycA,ConceptualWork
X in Scotland,Mx4rvViA9JwpEbGdrcN5Y29ycA,Thing
X by period,Mx4rvViA9JwpEbGdrcN5Y29ycA,Thing
X in Pakistan,Mx4rvViA9JwpEbGdrcN5Y29ycA,Thing
X music,Mx4rvViA9JwpEbGdrcN5Y29ycA,Thing
X in France,Mx4rvViA9JwpEbGdrcN5Y29ycA,Thing
Radio stations in X,Mx4rvVjVT5wpEbGdrcN5Y29ycA,Organization
Religion in X,Mx4rvViA9JwpEbGdrcN5Y29ycA,Thing
N in Ireland,Mx4rvViA9JwpEbGdrcN5Y29ycA,Thing
X winners,Mx4rvViAkpwpEbGdrcN5Y29ycA,Person
N in England,Mx4rvViA9JwpEbGdrcN5Y29ycA,Thing
X culture,Mx4rvViA9JwpEbGdrcN5Y29ycA,Thing
Districts of X,Mx4rvVjl2pwpEbGdrcN5Y29ycA,GeopoliticalEntity
N BC,Mx4rvViA9JwpEbGdrcN5Y29ycA,Thing
N in law,Mx4rvViA9JwpEbGdrcN5Y29ycA,Thing
X baseball,Mx4rvViA9JwpEbGdrcN5Y29ycA,Thing
Economy of X,Mx4rvViA9JwpEbGdrcN5Y29ycA,Thing
Politics of X,Mx4rvViA9JwpEbGdrcN5Y29ycA,Thing
N in Europe,Mx4rvViA9JwpEbGdrcN5Y29ycA,Thing
Sports venues in X,Mx4rvVidpZwpEbGdrcN5Y29ycA,ConstructionArtifact
N in politics,Mx4rvViA9JwpEbGdrcN5Y29ycA,Thing
N by country,Mx4rvViA9JwpEbGdrcN5Y29ycA,Thing
Companies based in X,Mx4rvViS05wpEbGdrcN5Y29ycA,CommercialOrganization
Stub-Class X articles,Mx4rvViA9JwpEbGdrcN5Y29ycA,Thing
X by country,Mx4rvViA9JwpEbGdrcN5Y29ycA,Thing
Sport in X,Mx4rvViA9JwpEbGdrcN5Y29ycA,Thing
History of X,Mx4rvViA9JwpEbGdrcN5Y29ycA,Thing
Transportation in X,Mx4rvViA9JwpEbGdrcN5Y29ycA,Thing
X geography stubs,Mx4rvViA9JwpEbGdrcN5Y29ycA,Thing
Museums in X,Mx4rvViggZwpEbGdrcN5Y29ycA,ModernShelterConstruction
Protected areas of X,Mx4rvVjKJ5wpEbGdrcN5Y29ycA,EcologicalRegion
X stubs,Mx4rvViA9JwpEbGdrcN5Y29ycA,Thing
Songs written by X,Mx4rwClAZJwpEbGdrcN5Y29ycA,ConceptualWork
Education in X,Mx4rvViA9JwpEbGdrcN5Y29ycA,Thing
Geography of X,Mx4rvViA9JwpEbGdrcN5Y29ycA,Thing
X songs,Mx4rwClAZJwpEbGdrcN5Y29ycA,ConceptualWork
Buildings and structures in X,Mx4rvVidpZwpEbGdrcN5Y29ycA,ConstructionArtifact
1992 in X football,Mx4rvViA9JwpEbGdrcN5Y29ycA,Thing
Church buildings in X,Mx4rvVj7KJwpEbGdrcN5Y29ycA,Building
X clients,Mx4rwJxiRJwpEbGdrcN5Y29ycA,ComputerProgram-CW
X autobiographies,Mx4rwClAZJwpEbGdrcN5Y29ycA,ConceptualWork
Internet properties established in N,Mx4rvViS05wpEbGdrcN5Y29ycA,CommercialOrganization
Musical groups established in the Ns,Mx4rvVjVT5wpEbGdrcN5Y29ycA,Organization
1690s in X,Mx4rvViA9JwpEbGdrcN5Y29ycA,Thing
Maps of the history of X,Mx4rwClAZJwpEbGdrcN5Y29ycA,ConceptualWork
Plays set in X,Mx4rwClAZJwpEbGdrcN5Y29ycA,ConceptualWork
Passenger trains of the X,Mx4rvVjUvZwpEbGdrcN5Y29ycA,SelfPoweredDevice
X competitions in the United States,Mx4rvVioQZwpEbGdrcN5Y29ycA,Action
X from Texas,Mx4rvVinb5wpEbGdrcN5Y29ycA,IntelligentAgent
X thriller films,Mx4rwClAZJwpEbGdrcN5Y29ycA,ConceptualWork
X calligraphers,Mx4rvViAkpwpEbGdrcN5Y29ycA,Person
German emigrants to X,Mx4rvViAkpwpEbGdrcN5Y29ycA,Person
Impact craters of X,Mx4rvVjORZwpEbGdrcN5Y29ycA,TopographicalFeature
X from Melbourne,Mx4rvVinb5wpEbGdrcN5Y29ycA,IntelligentAgent
X Formula One cars,
Ns establishments in Germany,Mx4rvjSBSZwpEbGdrcN5Y29ycA,Artifact-Generic
"Census-designated places in X, California",Mx4rvViACZwpEbGdrcN5Y29ycA,GeographicalRegion
N in biathlon,Mx4r8WKTYg5tEd6AAAAhm0QbaA,MultiSportsEventSportsCompetition
X literary critics,Mx4rvViAkpwpEbGdrcN5Y29ycA,Person
X Pirates players,Mx4rvViAkpwpEbGdrcN5Y29ycA,Person
Discoveries by X,Mx4rvakVVZwpEbGdrcN5Y29ycA,InanimateObject-Natural
X theorists,Mx4rvViAkpwpEbGdrcN5Y29ycA,Person
N essays,Mx4rwClAZJwpEbGdrcN5Y29ycA,ConceptualWork
X men's soccer coaches,Mx4rvViAkpwpEbGdrcN5Y29ycA,Person
X systems,Mx4rvViA9JwpEbGdrcN5Y29ycA,Thing
X plays,Mx4rwClAZJwpEbGdrcN5Y29ycA,ConceptualWork
Lord-Lieutenants of X,Mx4rvViAkpwpEbGdrcN5Y29ycA,Person
Districts of the X Province,Mx4rvVjl2pwpEbGdrcN5Y29ycA,GeopoliticalEntity
X Football Club players,Mx4rvViAkpwpEbGdrcN5Y29ycA,Person
X episodes,Mx4rwClAZJwpEbGdrcN5Y29ycA,ConceptualWork
X F.C. managers,Mx4rvViAkpwpEbGdrcN5Y29ycA,Person
Places of worship in X,Mx4rv6EfGZwpEbGdrcN5Y29ycA,Place-NonAgent
X artists,Mx4rvViAkpwpEbGdrcN5Y29ycA,Person
Members of the X,Mx4rvViAkpwpEbGdrcN5Y29ycA,Person
X managers,Mx4rvViAkpwpEbGdrcN5Y29ycA,Person
X seasons,Mx4rvViA9JwpEbGdrcN5Y29ycA,Thing
X glycosides,Mx4r0khSnvXQQdaQPNav9zMM-A,PolyAtomicChemicalObject
1988 disestablishments in X,Mx4rvjSBSZwpEbGdrcN5Y29ycA,Artifact-Generic
2008–09 X Conference men's basketball season,Mx4rvVioQZwpEbGdrcN5Y29ycA,Action
World's Fairs in X,Mx4rvVioQZwpEbGdrcN5Y29ycA,Action
X established in 1866,Mx4rvjSBSZwpEbGdrcN5Y29ycA,Artifact-Generic
Baseball people from X Prefecture,Mx4rvViAkpwpEbGdrcN5Y29ycA,Person
University of X staff,Mx4rvViAkpwpEbGdrcN5Y29ycA,Person
Minehunters of the X,Mx4rv3s3HZwpEbGdrcN5Y29ycA,MineCountermeasuresVessel
X (season 3) episodes,Mx4rwClAZJwpEbGdrcN5Y29ycA,ConceptualWork
Works originally published in X Magazine,Mx4rwClAZJwpEbGdrcN5Y29ycA,ConceptualWork
X Airways accidents and incidents,Mx4rvViADZwpEbGdrcN5Y29ycA,Event
X from South Carolina,Mx4rvVinb5wpEbGdrcN5Y29ycA,IntelligentAgent
Masters of X,Mx4rvViAkpwpEbGdrcN5Y29ycA,Person
N establishments in Libya,Mx4rvjSBSZwpEbGdrcN5Y29ycA,Artifact-Generic
X established in 1953,Mx4rvjSBSZwpEbGdrcN5Y29ycA,Artifact-Generic
X established in 1967,Mx4rvjSBSZwpEbGdrcN5Y29ycA,Artifact-Generic
United X,Mx4rvVjVT5wpEbGdrcN5Y29ycA,Organization
Eastern Orthodox Christians from X,Mx4rvViAkpwpEbGdrcN5Y29ycA,Person
X established in 1997,Mx4rvjSBSZwpEbGdrcN5Y29ycA,Artifact-Generic
Towns in X Prefecture,Mx4rvVjl2pwpEbGdrcN5Y29ycA,GeopoliticalEntity
1873 establishments in X,Mx4rvjSBSZwpEbGdrcN5Y29ycA,Artifact-Generic
"Townships in X County, Iowa",Mx4rvVjl2pwpEbGdrcN5Y29ycA,GeopoliticalEntity
20th-century establishments in the X,Mx4rvjSBSZwpEbGdrcN5Y29ycA,Artifact-Generic
1887 establishments in X,Mx4rvjSBSZwpEbGdrcN5Y29ycA,Artifact-Generic
N disestablishments in the British Empire,Mx4rvjSBSZwpEbGdrcN5Y29ycA,Artifact-Generic
N disestablishments in Turkey,Mx4rvjSBSZwpEbGdrcN5Y29ycA,Artifact-Generic
X Dodgers players,Mx4rvViAkpwpEbGdrcN5Y29ycA,Person
Screenshots of X games,
X established in 2007,Mx4rvjSBSZwpEbGdrcN5Y29ycA,Artifact-Generic
Urban-type settlements in X Oblast,Mx4rvViACZwpEbGdrcN5Y29ycA,GeographicalRegion
Pope X,Mx4rvViA9JwpEbGdrcN5Y29ycA,Thing
1980s disestablishments in X,Mx4rvjSBSZwpEbGdrcN5Y29ycA,Artifact-Generic
X micropolitan area,Mx4rvViACZwpEbGdrcN5Y29ycA,GeographicalRegion
X genera,Mx4rvVim7ZwpEbGdrcN5Y29ycA,BiologicalLivingObject
N establishments in Luxembourg,Mx4rvjSBSZwpEbGdrcN5Y29ycA,Artifact-Generic
N murders in the United States,Mx4rvViA9JwpEbGdrcN5Y29ycA,Thing
Ns establishments in France,Mx4rvjSBSZwpEbGdrcN5Y29ycA,Artifact-Generic
N establishments in Colorado,Mx4rvjSBSZwpEbGdrcN5Y29ycA,Artifact-Generic
X handball players,Mx4rvViAkpwpEbGdrcN5Y29ycA,Person
"Protected areas of X, Missouri",Mx4rvVjKJ5wpEbGdrcN5Y29ycA,EcologicalRegion
Protests in X,Mx4rvVioQZwpEbGdrcN5Y29ycA,Action
Oil and gas companies of X,Mx4rvVjVT5wpEbGdrcN5Y29ycA,Organization
X baseball seasons,Mx4rvVioQZwpEbGdrcN5Y29ycA,Action
1937 establishments in X,Mx4rvjSBSZwpEbGdrcN5Y29ycA,Artifact-Generic
Universities and colleges in X by type,Mx4rvVjVT5wpEbGdrcN5Y29ycA,Organization
N establishments in Turkey,Mx4rvjSBSZwpEbGdrcN5Y29ycA,Artifact-Generic
1981 establishments in X,Mx4rvjSBSZwpEbGdrcN5Y29ycA,Artifact-Generic
Drugs in X,Mx4rvViA9JwpEbGdrcN5Y29ycA,Thing
1952 establishments in X,Mx4rvjSBSZwpEbGdrcN5Y29ycA,Artifact-Generic
X occupations,Mx4rvViAkpwpEbGdrcN5Y29ycA,Person
X equipment,Mx4rvVjHL5wpEbGdrcN5Y29ycA,PhysicalDevice
Fortification in X,Mx4rvVidpZwpEbGdrcN5Y29ycA,ConstructionArtifact
X taekwondo practitioners,Mx4rvViAkpwpEbGdrcN5Y29ycA,Person
Water supply and sanitation in X,Mx4rvViA9JwpEbGdrcN5Y29ycA,Thing
1957 establishments in X,Mx4rvjSBSZwpEbGdrcN5Y29ycA,Artifact-Generic
N establishments in Texas,Mx4rvjSBSZwpEbGdrcN5Y29ycA,Artifact-Generic
1959 establishments in X,Mx4rvjSBSZwpEbGdrcN5Y29ycA,Artifact-Generic
N establishments in New Zealand,Mx4rvjSBSZwpEbGdrcN5Y29ycA,Artifact-Generic
X (district),Mx4rvVjl2pwpEbGdrcN5Y29ycA,GeopoliticalEntity
X men by occupation,Mx4rvViAkpwpEbGdrcN5Y29ycA,Person
N disestablishments in England,Mx4rvjSBSZwpEbGdrcN5Y29ycA,Artifact-Generic
X Award winners,Mx4rvViA9JwpEbGdrcN5Y29ycA,Thing
2nd-millennium disestablishments in X,Mx4rvjSBSZwpEbGdrcN5Y29ycA,Artifact-Generic
1960 establishments in X,Mx4rvjSBSZwpEbGdrcN5Y29ycA,Artifact-Generic
19th-century establishments in X,Mx4rvjSBSZwpEbGdrcN5Y29ycA,Artifact-Generic
History museums in X,Mx4rvViggZwpEbGdrcN5Y29ycA,ModernShelterConstruction
N establishments in the Philippines,Mx4rvjSBSZwpEbGdrcN5Y29ycA,Artifact-Generic
N establishments in Denmark,Mx4rvjSBSZwpEbGdrcN5Y29ycA,Artifact-Generic
N establishments in Oregon,Mx4rvjSBSZwpEbGdrcN5Y29ycA,Artifact-Generic
X radio,Mx4rvVjVT5wpEbGdrcN5Y29ycA,Organization
Ns establishments,Mx4rvjSBSZwpEbGdrcN5Y29ycA,Artifact-Generic
Penal system in X,Mx4rvViA9JwpEbGdrcN5Y29ycA,Thing
Art museums established in N,Mx4rvViggZwpEbGdrcN5Y29ycA,ModernShelterConstruction
N natural disasters,Mx4rvViADZwpEbGdrcN5Y29ycA,Event
X language,Mx4rvViA9JwpEbGdrcN5Y29ycA,Thing
Roman Catholic Church in X,Mx4rvVj7KJwpEbGdrcN5Y29ycA,Building
N establishments in Ireland,Mx4rvjSBSZwpEbGdrcN5Y29ycA,Artifact-Generic
Establishments in X by century,Mx4rvjSBSZwpEbGdrcN5Y29ycA,Artifact-Generic
20th-century establishments in X,Mx4rvjSBSZwpEbGdrcN5Y29ycA,Artifact-Generic
X diaspora,Mx4rvViA9JwpEbGdrcN5Y29ycA,Thing
X Records artists,
X law,Mx4rvViA9JwpEbGdrcN5Y29ycA,Thing
N establishments in England,Mx4rvjSBSZwpEbGdrcN5Y29ycA,Artifact-Generic
X F.C.,Mx4rvViA9JwpEbGdrcN5Y29ycA,Thing
N establishments by country,Mx4rvjSBSZwpEbGdrcN5Y29ycA,Artifact-Generic
X Province,Mx4rvViA9JwpEbGdrcN5Y29ycA,Thing
N disestablishments,Mx4rvjSBSZwpEbGdrcN5Y29ycA,Artifact-Generic
Houses in X,Mx4rvVih-5wpEbGdrcN5Y29ycA,House-Modern
States and territories established in N,Mx4rvVjl2pwpEbGdrcN5Y29ycA,GeopoliticalEntity
Media in X,Mx4rvVjVT5wpEbGdrcN5Y29ycA,Organization
N establishments,Mx4rvjSBSZwpEbGdrcN5Y29ycA,Artifact-Generic
X District,Mx4rvViA9JwpEbGdrcN5Y29ycA,Thing
