Boudica,Mx4rvViAkpwpEbGdrcN5Y29ycA,Person
"Hanover, New Hampshire",Mx4rrPJDpCTfQdeS8IqP1a0lBw,PopulatedPlace
N,Mx4rwA1vh5wpEbGdrcN5Y29ycA,Letter-Alphabetic
Stevie Nicks,Mx4rwMcZI5wpEbGdrcN5Y29ycA,Artist
Amtrak,Mx4rvViAkpwpEbGdrcN5Y29ycA,Person
Hernando de Soto,Mx4rvViAkpwpEbGdrcN5Y29ycA,Person
Max Born,Mx4rvViN4ZwpEbGdrcN5Y29ycA,Physicist
Stephen R. Donaldson,Mx4rvVj7rpwpEbGdrcN5Y29ycA,Writer
Snow Crash,Mx4rvViJb5wpEbGdrcN5Y29ycA,Novel-CW
International Union for Conservation of Nature,Mx4rvVjVT5wpEbGdrcN5Y29ycA,Organization
Barcelona Cathedral,Mx4rvVif_pwpEbGdrcN5Y29ycA,Church-Building
"Fairfield Glade, Tennessee",Mx4rrPJDpCTfQdeS8IqP1a0lBw,PopulatedPlace
"Pea Ridge, West Virginia",Mx4rrPJDpCTfQdeS8IqP1a0lBw,PopulatedPlace
Richard Brinsley Sheridan,Mx4rvVj7rpwpEbGdrcN5Y29ycA,Writer
Scotty Moore,Mx4rwLmi3JwpEbGdrcN5Y29ycA,Album-CW
Tribute album,Mx4rwLmi3JwpEbGdrcN5Y29ycA,Album-CW
Josh Hartnett,Mx4rvVjaHZwpEbGdrcN5Y29ycA,Actor
Black-necked Swan,Mx4rvVi8SJwpEbGdrcN5Y29ycA,Bird
Benjamin Travis Laney,Mx4rwIi9L5wpEbGdrcN5Y29ycA,Democrat
William S. Fulton,Mx4rv1UCMpwpEbGdrcN5Y29ycA,USStateSenator
Robert Mapplethorpe,Mx4rwLmi3JwpEbGdrcN5Y29ycA,Album-CW
Dorothy Loudon,Mx4rwMcZI5wpEbGdrcN5Y29ycA,Artist
Whitechapel station,Mx4rv6ZmoZwpEbGdrcN5Y29ycA,RailroadStation
Indian Stream,Mx4rwQrmEZwpEbGdrcN5Y29ycA,Election
Ford GT,Mx4rwLzhaZwpEbGdrcN5Y29ycA,TransportationDevice-Vehicle
Deloitte,Mx4rvVjQNpwpEbGdrcN5Y29ycA,Business
Malcolm Cowley,Mx4rvViAkpwpEbGdrcN5Y29ycA,Person
New Radicals,Mx4rvVij7ZwpEbGdrcN5Y29ycA,MusicPerformanceOrganization
Dan Walker,Mx4rwQB295wpEbGdrcN5Y29ycA,ChristianPerson
Ohio Company of Associates,Mx4rvVjQNpwpEbGdrcN5Y29ycA,Business
Rustam Kasimdzhanov,Mx4rvVi--5wpEbGdrcN5Y29ycA,Athlete
Didier Ratsiraka,Mx4rvViAkpwpEbGdrcN5Y29ycA,Person
Scarlets,Mx4rvViwbJwpEbGdrcN5Y29ycA,SportsTeam
Ovation Pharmaceuticals,Mx4rvVjQNpwpEbGdrcN5Y29ycA,Business
SSN (novel),Mx4rvViJb5wpEbGdrcN5Y29ycA,Novel-CW
Eduardo V. Manalo,Mx4rHJG1esr5EdmAAAACs6hRjg,ReligiousLeader
Sandy Amorós,Mx4rvVkI5ZwpEbGdrcN5Y29ycA,BaseballPlayer
Ajda Pekkan,Mx4rvVjiz5wpEbGdrcN5Y29ycA,Singer
John Bull (Continental Congress),Mx4rwQrmEZwpEbGdrcN5Y29ycA,Election
By Dawn's Early Light,Mx4rvViJb5wpEbGdrcN5Y29ycA,Novel-CW
United Daily News,Mx4rv4ByW5wpEbGdrcN5Y29ycA,NewspaperSeries
"Intracoastal City, Louisiana",Mx4rrPJDpCTfQdeS8IqP1a0lBw,PopulatedPlace
L. T. F. Gamut,Mx4rvVjuapwpEbGdrcN5Y29ycA,Philosopher
Philip Lansdale,Mx4rvVjgBJwpEbGdrcN5Y29ycA,LawEnforcementOfficer
Pale Sun Crescent Moon,Mx4rwLmi3JwpEbGdrcN5Y29ycA,Album-CW
Italian cruiser Giovanni delle Bande Nere,Mx4rvViMW5wpEbGdrcN5Y29ycA,Submarine
Sujata Manohar,Mx4rvViAkpwpEbGdrcN5Y29ycA,Person
An Occurrence at Owl Creek Bridge (film),Mx4rv973YpwpEbGdrcN5Y29ycA,Movie-CW
Aftershock: Earthquake in New York,Mx4rv973YpwpEbGdrcN5Y29ycA,Movie-CW
La Salle College,Mx4rvViknpwpEbGdrcN5Y29ycA,SocialBeing
Dirty Pair,Mx4rvViJb5wpEbGdrcN5Y29ycA,Novel-CW
Mitică Pricop,Mx4rvViAkpwpEbGdrcN5Y29ycA,Person
Nicholas Morello,Mx4rvViAkpwpEbGdrcN5Y29ycA,Person
Tazo,Mx4rvVjQNpwpEbGdrcN5Y29ycA,Business
Rescue Heroes,Mx4rvj_X65wpEbGdrcN5Y29ycA,TVSeriesProduct
Cosima (album),Mx4rwLmi3JwpEbGdrcN5Y29ycA,Album-CW
Gran Ducato Parma Rugby,Mx4rwOI75pwpEbGdrcN5Y29ycA,Tournament
Yosif Feigelson,Mx4rvVisB5wpEbGdrcN5Y29ycA,Musician
Mercedes-Benz 280,Mx4rwLzhaZwpEbGdrcN5Y29ycA,TransportationDevice-Vehicle
Emperor Daozong of Liao,Mx4rvViAkpwpEbGdrcN5Y29ycA,Person
Lac qui Parle River,Mx4rvVkHM5wpEbGdrcN5Y29ycA,River
Stella Márquez,Mx4rvViAkpwpEbGdrcN5Y29ycA,Person
Katharine Cullen,Mx4rvViAkpwpEbGdrcN5Y29ycA,Person
Noble Group,Mx4rvVjQNpwpEbGdrcN5Y29ycA,Business
Buchbrunn,Mx4r06ySZMcYEdmAAAACs6hRjg,Municipality
Loewi,Mx4rv2Wq-ZwpEbGdrcN5Y29ycA,HumanSurname
Gordon Roberts (ice hockey),Mx4rvVi--5wpEbGdrcN5Y29ycA,Athlete
Melissa Panarello,Mx4rvViAkpwpEbGdrcN5Y29ycA,Person
David Linx,Mx4rvViAkpwpEbGdrcN5Y29ycA,Person
"Baungon, Bukidnon",Mx4r06ySZMcYEdmAAAACs6hRjg,Municipality
Gordon Minhinnick,Mx4rvViAkpwpEbGdrcN5Y29ycA,Person
The FBI Story,Mx4rv973YpwpEbGdrcN5Y29ycA,Movie-CW
Eastern Youth,Mx4rvVij7ZwpEbGdrcN5Y29ycA,MusicPerformanceOrganization
Thomas Hambly Ross,Mx4rvViAkpwpEbGdrcN5Y29ycA,Person
Sarrasine,Mx4rvViI6ZwpEbGdrcN5Y29ycA,ShortStory
Djavan,Mx4rwMcZI5wpEbGdrcN5Y29ycA,Artist
Arturo Rawson,Mx4rvViAkpwpEbGdrcN5Y29ycA,Person
Lord Willin',Mx4rwLmi3JwpEbGdrcN5Y29ycA,Album-CW
Brian Augustyn,Mx4rvViAkpwpEbGdrcN5Y29ycA,Person
Shelley Smith (sports reporter),Mx4rvViAkpwpEbGdrcN5Y29ycA,Person
Matthias Media,Mx4rvViKZJwpEbGdrcN5Y29ycA,PublishingCompany
The Death of Hope,Mx4rvViJb5wpEbGdrcN5Y29ycA,Novel-CW
William d'Aubigny (rebel),Mx4rvViAkpwpEbGdrcN5Y29ycA,Person
USS Duxbury Bay (AVP-38),Mx4rvVirIJwpEbGdrcN5Y29ycA,Ship
Dilema veche,Mx4rwQ7-8pwpEbGdrcN5Y29ycA,MagazineSeries
Vinnell,Mx4rvVjQNpwpEbGdrcN5Y29ycA,Business
Antoine Sibierski,Mx4rvVi--5wpEbGdrcN5Y29ycA,Athlete
Plungė District Municipality,Mx4r06ySZMcYEdmAAAACs6hRjg,Municipality
Eric Person,Mx4rvViAkpwpEbGdrcN5Y29ycA,Person
Saipem Nigeria,Mx4rvViAkpwpEbGdrcN5Y29ycA,Person
Lucius Vorenus,Mx4rvVjrTpwpEbGdrcN5Y29ycA,Soldier
Sven Maes,Mx4rvVisB5wpEbGdrcN5Y29ycA,Musician
Guy Lewis,Mx4rvVjlaJwpEbGdrcN5Y29ycA,SportsCoach
Brad Hoover,Mx4rvVjtBpwpEbGdrcN5Y29ycA,FootballPlayer-American
The First Great Train Robbery,Mx4rv973YpwpEbGdrcN5Y29ycA,Movie-CW
Reichskommissariat Ukraine,Mx4rvVjl2pwpEbGdrcN5Y29ycA,GeopoliticalEntity
Richard Winer,Mx4rvViAkpwpEbGdrcN5Y29ycA,Person
Kimbundu,Mx4rvVj0iZwpEbGdrcN5Y29ycA,Language
Deborah Houlding,Mx4rvViAkpwpEbGdrcN5Y29ycA,Person
The Eel (film),Mx4rv973YpwpEbGdrcN5Y29ycA,Movie-CW
The Poet (album),Mx4rwLmi3JwpEbGdrcN5Y29ycA,Album-CW
Dalia Itzik,Mx4rvVjntpwpEbGdrcN5Y29ycA,Politician
Can't Run from Yourself,Mx4rwLmi3JwpEbGdrcN5Y29ycA,Album-CW
Swedish Rail Administration,Mx4rvVjQNpwpEbGdrcN5Y29ycA,Business
John J. Palmer,Mx4rvViAkpwpEbGdrcN5Y29ycA,Person
Paul Posluszny,Mx4rvVjtBpwpEbGdrcN5Y29ycA,FootballPlayer-American
Consett A.F.C.,Mx4rvVig-pwpEbGdrcN5Y29ycA,HandTool
Wang Ming-wan,Mx4rvViAkpwpEbGdrcN5Y29ycA,Person
Jane Jarvis,Mx4rvViAkpwpEbGdrcN5Y29ycA,Person
Melkus RS 1000,Mx4rvViVwZwpEbGdrcN5Y29ycA,Automobile
Dreaming of You (album),Mx4rwMcZI5wpEbGdrcN5Y29ycA,Artist
Old Time Pottery,Mx4rvVjQNpwpEbGdrcN5Y29ycA,Business
Georges Badin,Mx4rvVisSZwpEbGdrcN5Y29ycA,Painter-FineArtist
Magnus (band),Mx4rvVij7ZwpEbGdrcN5Y29ycA,MusicPerformanceOrganization
Jim Simpson (sportscaster),Mx4rvViAkpwpEbGdrcN5Y29ycA,Person
Cornelia Oschkenat,Mx4rvViohZwpEbGdrcN5Y29ycA,Sprinter
German auxiliary cruiser Stier,Mx4rvVirIJwpEbGdrcN5Y29ycA,Ship
Harold Van Buren Magonigle,Mx4rvVidpZwpEbGdrcN5Y29ycA,ConstructionArtifact
Resurrection (Forgotten Realms),Mx4rvViJb5wpEbGdrcN5Y29ycA,Novel-CW
Anand Math,Mx4rv973YpwpEbGdrcN5Y29ycA,Movie-CW
Cathal Ó Sándair,Mx4rwU0CYJwpEbGdrcN5Y29ycA,ScienceFictionWriter
Abbot Kinney,Mx4rvVj635wpEbGdrcN5Y29ycA,Executive
Xi Zhicai,Mx4rvViAkpwpEbGdrcN5Y29ycA,Person
Louise Post,Mx8Ngh4rvW-_IZwpEbGdrcN5Y29ycB4rwQrsppwpEbGdrcN5Y29ycA,"[:PlayerOfInstrumentFn, :Guitar]"
Steve Garfield,Mx4rvViAkpwpEbGdrcN5Y29ycA,Person
Vilho Rättö,Mx4rvVjrTpwpEbGdrcN5Y29ycA,Soldier
Brad Downey,Mx4rwLmi3JwpEbGdrcN5Y29ycA,Album-CW
Havana 3am (album),Mx4rwLmi3JwpEbGdrcN5Y29ycA,Album-CW
Zoraida Gómez,Mx4rvVjaHZwpEbGdrcN5Y29ycA,Actor
Soul Station,Mx4rwLmi3JwpEbGdrcN5Y29ycA,Album-CW
Association of Football Statisticians,Mx4rvVjVT5wpEbGdrcN5Y29ycA,Organization
Jacques de Lacretelle,Mx4rvVj7rpwpEbGdrcN5Y29ycA,Writer
We're Back! A Dinosaur's Story (film),Mx4rv973YpwpEbGdrcN5Y29ycA,Movie-CW
Bernie Grundman,Mx4rvzc_n5wpEbGdrcN5Y29ycA,AudioRecordingEngineer
Chashme Buddoor (1981 film),Mx4rv973YpwpEbGdrcN5Y29ycA,Movie-CW
National Knowledge Commission,Mx4rvVjVT5wpEbGdrcN5Y29ycA,Organization
Brommafjorden,Mx4rvVi4IpwpEbGdrcN5Y29ycA,Lake
Yale Gracey,Mx4rvViAkpwpEbGdrcN5Y29ycA,Person
Systema Engineering,Mx4rvVjQNpwpEbGdrcN5Y29ycA,Business
Alfred Bryan Bonds,Mx4rvViAkpwpEbGdrcN5Y29ycA,Person
John Milton (Georgia politician),Mx4rwQrmEZwpEbGdrcN5Y29ycA,Election
Dunedin Public Art Gallery,Mx4rvVjVT5wpEbGdrcN5Y29ycA,Organization
Mountain T.O.P.,Mx4rwOf2ypwpEbGdrcN5Y29ycA,ActionOnObject
Royal National College for the Blind,Mx4rwOf2ypwpEbGdrcN5Y29ycA,ActionOnObject
Diamante Lake,Mx4rvVi4IpwpEbGdrcN5Y29ycA,Lake
Hyundai Super Truck,Mx4rvVizgZwpEbGdrcN5Y29ycA,Truck
Greatest Hits Live 2003,Mx4rwLmi3JwpEbGdrcN5Y29ycA,Album-CW
Lech Kołakowski,Mx4rvVjntpwpEbGdrcN5Y29ycA,Politician
Edith Bliss,Mx4rvVjiz5wpEbGdrcN5Y29ycA,Singer
Alto Zambeze,Mx4r06ySZMcYEdmAAAACs6hRjg,Municipality
Chris Cobb,Mx4rvViAkpwpEbGdrcN5Y29ycA,Person
Maria Cordero,Mx4rvViAkpwpEbGdrcN5Y29ycA,Person
Entertainment Program for Humans (Second Variety),Mx4rwLmi3JwpEbGdrcN5Y29ycA,Album-CW
Arnie Knepper,Mx4rvViAkpwpEbGdrcN5Y29ycA,Person
Scott Canham,Mx4rvViAkpwpEbGdrcN5Y29ycA,Person
Steve Smith (British high jumper),Mx4rvVi--5wpEbGdrcN5Y29ycA,Athlete
Jerome Boger,Mx4rvViAkpwpEbGdrcN5Y29ycA,Person
Betty Sutton,Mx4rvViAkpwpEbGdrcN5Y29ycA,Person
Cesaroni Design,Mx4rvVjQNpwpEbGdrcN5Y29ycA,Business
Bupaya Pagoda,Mx4rvgDGwJwpEbGdrcN5Y29ycA,BuddhistTemple
Niel van der Watt,Mx4rvViAkpwpEbGdrcN5Y29ycA,Person
Ahrntal,Mx4r06ySZMcYEdmAAAACs6hRjg,Municipality
HMCS Carleton,Mx4rwOf2ypwpEbGdrcN5Y29ycA,ActionOnObject
Crash B-Daman,Mx4rvj_X65wpEbGdrcN5Y29ycA,TVSeriesProduct
Bruce Ralston,Mx4rvViAkpwpEbGdrcN5Y29ycA,Person
Donald C. Clarke,Mx4rvViAkpwpEbGdrcN5Y29ycA,Person
Why I Want to Fuck Ronald Reagan,Mx4rvViI6ZwpEbGdrcN5Y29ycA,ShortStory
"Baltimore & Ohio Railroad Station, Philadelphia",Mx4rwQCRppwpEbGdrcN5Y29ycA,TelevisionStation
The Great History,Mx4rvVjKWpwpEbGdrcN5Y29ycA,Dictionary
Taste of Chocolate,Mx4rwLmi3JwpEbGdrcN5Y29ycA,Album-CW
Edelman (firm),Mx4rvVjQNpwpEbGdrcN5Y29ycA,Business
Sonnet 93,Mx4rv9p3wpwpEbGdrcN5Y29ycA,DevisedPracticeOrWork
Aleksander Hall,Mx4rvViAkpwpEbGdrcN5Y29ycA,Person
Ed Gordon (athlete),Mx4rvViAkpwpEbGdrcN5Y29ycA,Person
Voliminal: Inside the Nine,Mx4rwLmi3JwpEbGdrcN5Y29ycA,Album-CW
Assicus,Mx4rvViAkpwpEbGdrcN5Y29ycA,Person
Mark Ford (footballer),Mx4rvViAkpwpEbGdrcN5Y29ycA,Person
Huang Shengyi,Mx4rvViAkpwpEbGdrcN5Y29ycA,Person
Melissa Errico,Mx4rvVjiz5wpEbGdrcN5Y29ycA,Singer
Halco Mining,Mx4rvVjQNpwpEbGdrcN5Y29ycA,Business
Steve Early,Mx4rvViAkpwpEbGdrcN5Y29ycA,Person
Netherlands women's national handball team,Mx4rwOI75pwpEbGdrcN5Y29ycA,Tournament
Walter Abraham,Mx4rvViAkpwpEbGdrcN5Y29ycA,Person
Helen Thompson Sunday,Mx4rvViAkpwpEbGdrcN5Y29ycA,Person
The Songs of My Mother,Mx4rwLmi3JwpEbGdrcN5Y29ycA,Album-CW
Tinizong-Rona,Mx4r06ySZMcYEdmAAAACs6hRjg,Municipality
Ui Miyazaki,Mx4rvViAkpwpEbGdrcN5Y29ycA,Person
Galway Vindicator,Mx4rv4ByW5wpEbGdrcN5Y29ycA,NewspaperSeries
Magne Thomassen,Mx4rvViAkpwpEbGdrcN5Y29ycA,Person
Pippi Longstocking (1969 TV series),Mx4rvj_X65wpEbGdrcN5Y29ycA,TVSeriesProduct
Eirunepé,Mx4r06ySZMcYEdmAAAACs6hRjg,Municipality
Jang Sung-Ho,Mx4rvViAkpwpEbGdrcN5Y29ycA,Person
Alenka Bikar,Mx4rvVi--5wpEbGdrcN5Y29ycA,Athlete
Piaf (play),Mx4rvViIrpwpEbGdrcN5Y29ycA,PlayScript
K41OI,Mx4rwQwfB5wpEbGdrcN5Y29ycA,PowerGenerationComplex
Czantoria Wielka,Mx4rIp032uHpEdmAAAACs0uFOQ,VerticalProtrusion-Topographical
John Archer (actor),Mx4rvViAkpwpEbGdrcN5Y29ycA,Person
Gransdorf,Mx4r06ySZMcYEdmAAAACs6hRjg,Municipality
Wilhelm Molterer,Mx4rvViAkpwpEbGdrcN5Y29ycA,Person
Rabiatou Sérah Diallo,Mx4rvViAkpwpEbGdrcN5Y29ycA,Person
Olga Levenkova,Mx4rvViAkpwpEbGdrcN5Y29ycA,Person
Willem de Fesch,Mx4rvViAkpwpEbGdrcN5Y29ycA,Person
Ahmed Mohamed Ashoush,Mx4rvViAkpwpEbGdrcN5Y29ycA,Person
Glen Glenn Sound,Mx4rvVjQNpwpEbGdrcN5Y29ycA,Business
Ippolito Desideri,Mx4rvViAkpwpEbGdrcN5Y29ycA,Person
Lean Mean Thirteen,Mx4rvVjmq5wpEbGdrcN5Y29ycA,Book-CW
Le som en fotomodell,Mx4rwLmi3JwpEbGdrcN5Y29ycA,Album-CW
Michael Vanderbyl,Mx4rvViAkpwpEbGdrcN5Y29ycA,Person
Horace Rowan Gaither,Mx4rvViAkpwpEbGdrcN5Y29ycA,Person
Saschko Gawriloff,Mx4rvViAkpwpEbGdrcN5Y29ycA,Person
Spring Fever (1982 film),Mx4rv973YpwpEbGdrcN5Y29ycA,Movie-CW
Nils Hasselmo,Mx4rvrr-aZwpEbGdrcN5Y29ycA,Ambassador
Symphony No. 40 (Michael Haydn),Mx4rwUwN3ZwpEbGdrcN5Y29ycA,MusicalComposition
Battle of La Roche-l'Abeille,Mx4rvnSeAJwpEbGdrcN5Y29ycA,MilitaryEvent
Ipsheim,Mx4r06ySZMcYEdmAAAACs6hRjg,Municipality
Speinshart,Mx4r06ySZMcYEdmAAAACs6hRjg,Municipality
The Wild (novel),Mx4rvViJb5wpEbGdrcN5Y29ycA,Novel-CW
LP1 (Plastiscines album),Mx4rwLmi3JwpEbGdrcN5Y29ycA,Album-CW
Muhyo & Roji's Bureau of Supernatural Investigation,Mx4rvaipZJwpEbGdrcN5Y29ycA,PeriodicalSeries
James Denton,Mx4rvViAkpwpEbGdrcN5Y29ycA,Person
Jonathan Hey,Mx4rvViAkpwpEbGdrcN5Y29ycA,Person
White Springs Television,Mx4rvVirUZwpEbGdrcN5Y29ycA,ComputerNetwork
Josh Harris (musician),Mx4rvViAkpwpEbGdrcN5Y29ycA,Person
Delaware Academy of Medicine,Mx4rvVjTtJwpEbGdrcN5Y29ycA,Place
USS Cardinal (AM-67),Mx4rv3s3HZwpEbGdrcN5Y29ycA,MineCountermeasuresVessel
PSO Tri-Nation Tournament 2002,Mx4rvViAkpwpEbGdrcN5Y29ycA,Person
John Pienaar,Mx4rvViAkpwpEbGdrcN5Y29ycA,Person
What a Feelin',Mx4rwLmi3JwpEbGdrcN5Y29ycA,Album-CW
Walter M. Chandler,Mx4rvVjLMJwpEbGdrcN5Y29ycA,Lawyer
William A. Ekwall,Mx4rvVi68pwpEbGdrcN5Y29ycA,Judge
War of Ages (War of Ages album),Mx4rwLmi3JwpEbGdrcN5Y29ycA,Album-CW
Charles Frederick Scott,Mx4rv1UCMpwpEbGdrcN5Y29ycA,USStateSenator
Hausen (Wied),Mx4r06ySZMcYEdmAAAACs6hRjg,Municipality
Lon Evans,Mx4rvVi--5wpEbGdrcN5Y29ycA,Athlete
Víctor Aldana,Mx4rvViAkpwpEbGdrcN5Y29ycA,Person
Fließem,Mx4r06ySZMcYEdmAAAACs6hRjg,Municipality
Fred Kenneth Moore,Mx4rvViAkpwpEbGdrcN5Y29ycA,Person
Dick Cunningham,Mx4rvVi--5wpEbGdrcN5Y29ycA,Athlete
Alex Harvey and His Soul Band,Mx4rwLmi3JwpEbGdrcN5Y29ycA,Album-CW
Antikrundan,Mx4rvj_X65wpEbGdrcN5Y29ycA,TVSeriesProduct
Jan R. Andersson,Mx4rvVjntpwpEbGdrcN5Y29ycA,Politician
Beattie Park Mound Group,Mx4rrPJDpCTfQdeS8IqP1a0lBw,PopulatedPlace
Àngel Llàcer,Mx4rvViAkpwpEbGdrcN5Y29ycA,Person
Post (surname),Mx4rv2Wq-ZwpEbGdrcN5Y29ycA,HumanSurname
Care for Africa,Mx4rwOf2ypwpEbGdrcN5Y29ycA,ActionOnObject
Asdvadzadur of Armenia,Mx4rwQB295wpEbGdrcN5Y29ycA,ChristianPerson
William Hutchison (New Zealand politician),Mx4rvViWTJwpEbGdrcN5Y29ycA,NewZealandPerson
Vladimir Afromeev,Mx4rvViAkpwpEbGdrcN5Y29ycA,Person
Todd Boeckman,Mx4rvVi--5wpEbGdrcN5Y29ycA,Athlete
The Living End discography,Mx4rwLmi3JwpEbGdrcN5Y29ycA,Album-CW
Todd Fischer,Mx4rvVkI5ZwpEbGdrcN5Y29ycA,BaseballPlayer
Shigofumi: Letters from the Departed,Mx4rvj_X65wpEbGdrcN5Y29ycA,TVSeriesProduct
Federal Public Service Finance,Mx4rwooJShlEQdicuoWV4yDY4A,Ministry
Tillandsia portillae,Mx4rvVj0iZwpEbGdrcN5Y29ycA,Language
Bert Millard,Mx4rvVkDmZwpEbGdrcN5Y29ycA,SoccerPlayer
Benito Sanz y Forés,Mx4rvViAkpwpEbGdrcN5Y29ycA,Person
Christophe Edaleine,Mx4rvViAkpwpEbGdrcN5Y29ycA,Person
O'Connell School,Mx4r3np2ODTxEdqAAAAH6RYvSQ,School-AcademicOrganization
Mohammed Gauss,Mx4rvVisB5wpEbGdrcN5Y29ycA,Musician
"Johann Adolf I, Duke of Saxe-Weissenfels",Mx4rvViAkpwpEbGdrcN5Y29ycA,Person
Catherine Jinks,Mx4rvVj7rpwpEbGdrcN5Y29ycA,Writer
Covasna River (Bahlui),Mx4rvVkHM5wpEbGdrcN5Y29ycA,River
Now That's What I Call the 80s,Mx4rwLmi3JwpEbGdrcN5Y29ycA,Album-CW
Tattooed Flower Vase,Mx4rv973YpwpEbGdrcN5Y29ycA,Movie-CW
Paul del Rio,Mx4rvViAkpwpEbGdrcN5Y29ycA,Person
"St. Alphonsus Catholic Church, St. Louis",Mx4rvVj7KJwpEbGdrcN5Y29ycA,Building
Sandy Denny and the Strawbs,Mx4rwLmi3JwpEbGdrcN5Y29ycA,Album-CW
Ducati 848,Mx4rvVkEdJwpEbGdrcN5Y29ycA,Motorcycle
Mid Somerset Series,Mx4rv4ByW5wpEbGdrcN5Y29ycA,NewspaperSeries
Chris Rea (rugby union),Mx4rvVi--5wpEbGdrcN5Y29ycA,Athlete
Revolution Begins,Mx4rwLmi3JwpEbGdrcN5Y29ycA,Album-CW
Iwao Matsuda,Mx4rvVjntpwpEbGdrcN5Y29ycA,Politician
Justin LeHew,Mx4rvViAkpwpEbGdrcN5Y29ycA,Person
Dining club,Mx4rwOf2ypwpEbGdrcN5Y29ycA,ActionOnObject
Grimoart Gausmar,Mx4rvVj7rpwpEbGdrcN5Y29ycA,Writer
Hybrid (Gary Numan album),Mx4rwLmi3JwpEbGdrcN5Y29ycA,Album-CW
Cleveland Daily Banner,Mx4rv4ByW5wpEbGdrcN5Y29ycA,NewspaperSeries
Damian Surma,Mx4rvVi--5wpEbGdrcN5Y29ycA,Athlete
FC Sportakademklub Moscow,Mx4rvVig-pwpEbGdrcN5Y29ycA,HandTool
Daughters of Wisdom,Mx4r2Ns-2EPeQdmYv_GT1H70Qg,Society-Organization
KLGT,Mx4rwQCRppwpEbGdrcN5Y29ycA,TelevisionStation
Gerry Organ,Mx4rvVi--5wpEbGdrcN5Y29ycA,Athlete
Josef Lidl,Mx4rvVjQNpwpEbGdrcN5Y29ycA,Business
Mtsapere,Mx4rvVjVT5wpEbGdrcN5Y29ycA,Organization
Honda Hirotaka,Mx4rvViAkpwpEbGdrcN5Y29ycA,Person
Stauffer,Mx4rv2Wq-ZwpEbGdrcN5Y29ycA,HumanSurname
Hristoforos Hoidis,Mx4rvViAkpwpEbGdrcN5Y29ycA,Person
KMSO,Mx4rwQwfB5wpEbGdrcN5Y29ycA,PowerGenerationComplex
Kandisa (album),Mx4rwLmi3JwpEbGdrcN5Y29ycA,Album-CW
A Stab in the Dark (play),Mx4rvViIrpwpEbGdrcN5Y29ycA,PlayScript
Brian Warren,Mx4rwLmi3JwpEbGdrcN5Y29ycA,Album-CW
Paul Steel,Mx4rvVi--5wpEbGdrcN5Y29ycA,Athlete
Nakkna,Mx4rvVjx75wpEbGdrcN5Y29ycA,MilitaryOrganization
The Island (2005 novel),Mx4rvViJb5wpEbGdrcN5Y29ycA,Novel-CW
GoLite,Mx4rvVjvI5wpEbGdrcN5Y29ycA,ManufacturingOrganization
Abdelmalek Mokdad,Mx4rvViAkpwpEbGdrcN5Y29ycA,Person
6074 Bechtereva,Mx4rvViAkpwpEbGdrcN5Y29ycA,Person
7501 Farra,Mx4rrPJDpCTfQdeS8IqP1a0lBw,PopulatedPlace
14143 Hadfield,Mx4rvViAkpwpEbGdrcN5Y29ycA,Person
Allan Ball,Mx4rvViAkpwpEbGdrcN5Y29ycA,Person
Mike Allen (poet),Mx4rvViAkpwpEbGdrcN5Y29ycA,Person
Rodrigo Dorfman,Mx4rvViAkpwpEbGdrcN5Y29ycA,Person
ARMA International,Mx4rwH-3XJwpEbGdrcN5Y29ycA,Association
Al Purvis,Mx4rvViAkpwpEbGdrcN5Y29ycA,Person
James Bartholomew Blackwell,Mx4rvViAkpwpEbGdrcN5Y29ycA,Person
Nabil Baalbaki,Mx4rvViAkpwpEbGdrcN5Y29ycA,Person
Candyce Edwards,Mx4rvVi--5wpEbGdrcN5Y29ycA,Athlete
Kurt Dreyer,Mx4rvVi--5wpEbGdrcN5Y29ycA,Athlete
The Business of Being Born,Mx4rv973YpwpEbGdrcN5Y29ycA,Movie-CW
Small Acts of Love and Rebellion,Mx4rwLmi3JwpEbGdrcN5Y29ycA,Album-CW
Benziane Senouci,Mx4rvVkDmZwpEbGdrcN5Y29ycA,SoccerPlayer
Mark Savage (American playwright),Mx4rvViAkpwpEbGdrcN5Y29ycA,Person
Justin Robbins,Mx4rwTJaJpwpEbGdrcN5Y29ycA,MartialArtist
George Duncan Ludlow,Mx4rvViAkpwpEbGdrcN5Y29ycA,Person
Mark Brewer (Michigan Democrat),Mx4rvVjLMJwpEbGdrcN5Y29ycA,Lawyer
18735 Chubko,Mx4rvViAkpwpEbGdrcN5Y29ycA,Person
Molyneux Brow railway station,Mx4rv6ZmoZwpEbGdrcN5Y29ycA,RailroadStation
Battle of the Bone,Mx4rv973YpwpEbGdrcN5Y29ycA,Movie-CW
Mark Kayser,Mx4rvViAkpwpEbGdrcN5Y29ycA,Person
Battle of Al Faw (2003),Mx4rd0DfJLgfEdmAAAACs6hRjg,MilitaryBattle
Hu Xianqiang,Mx4rvViAkpwpEbGdrcN5Y29ycA,Person
Louise Hopkins (cellist),Mx4rvViAkpwpEbGdrcN5Y29ycA,Person
Journal of Higher Criticism,Mx4rvVigHZwpEbGdrcN5Y29ycA,JournalSeries
James Allodi,Mx4rvViAkpwpEbGdrcN5Y29ycA,Person
James Clayton (priest),Mx4rvViAkpwpEbGdrcN5Y29ycA,Person
Tom Taiwo,Mx4rvViAkpwpEbGdrcN5Y29ycA,Person
João Paulo Fernandes,Mx4rvVi--5wpEbGdrcN5Y29ycA,Athlete
Mandalay Technological University,Mx4rvnDzV5wpEbGdrcN5Y29ycA,DegreeGrantingHigherEducationInstitution
Election Day (film),Mx4rwBoeX5wpEbGdrcN5Y29ycA,ComedyMovie
Stéphane Borbiconi,Mx4rvViAkpwpEbGdrcN5Y29ycA,Person
Vetrimaaran,Mx4rvViAkpwpEbGdrcN5Y29ycA,Person
David Hubert,Mx4rvVi--5wpEbGdrcN5Y29ycA,Athlete
German submarine U-134,Mx4rvVirIJwpEbGdrcN5Y29ycA,Ship
Jamestowne Society,Mx4r2Ns-2EPeQdmYv_GT1H70Qg,Society-Organization
Auriel Andrew,Mx4rvVjiz5wpEbGdrcN5Y29ycA,Singer
Scuderia Milano,Mx4rwOI75pwpEbGdrcN5Y29ycA,Tournament
Resurrection Macabre,Mx4rwLmi3JwpEbGdrcN5Y29ycA,Album-CW
Wardenclyffe Tower (album),Mx4rwLmi3JwpEbGdrcN5Y29ycA,Album-CW
Enzo Polito,Mx4rvVi--5wpEbGdrcN5Y29ycA,Athlete
Stefan Czmil,Mx4rvViAkpwpEbGdrcN5Y29ycA,Person
Baseball at the 1998 Asian Games,Mx4rvZTe2JwpEbGdrcN5Y29ycA,GameEvent
East Hartford Middle School,Mx4rvViAkpwpEbGdrcN5Y29ycA,Person
Tokyo Dome City Attractions,Mx4rvVi1P5wpEbGdrcN5Y29ycA,AmusementPark
Hans Bergersen Wergeland,Mx4rvVjntpwpEbGdrcN5Y29ycA,Politician
Ngambay language,Mx4rvVj0iZwpEbGdrcN5Y29ycA,Language
Radio Dhamaal,Mx4rvVjvzZwpEbGdrcN5Y29ycA,RadioStation-Organization
Lorry Gloeckner,Mx4rvViAkpwpEbGdrcN5Y29ycA,Person
Marie-Lou Marcel,Mx4rvViAkpwpEbGdrcN5Y29ycA,Person
Berdak,Mx4rvViACZwpEbGdrcN5Y29ycA,GeographicalRegion
13039 Awashima,Mx4rrPJDpCTfQdeS8IqP1a0lBw,PopulatedPlace
Charles Rothwell,Mx4rvVkDmZwpEbGdrcN5Y29ycA,SoccerPlayer
Xabi Etxebarria,Mx4rvVkDmZwpEbGdrcN5Y29ycA,SoccerPlayer
Rihupisa Justus Kandando,Mx4rvViAkpwpEbGdrcN5Y29ycA,Person
Wilf Tranter,Mx4rvViAkpwpEbGdrcN5Y29ycA,Person
Todd Okerlund,Mx4rvVkI5ZwpEbGdrcN5Y29ycA,BaseballPlayer
10374 Etampes,Mx4rvVjB1JwpEbGdrcN5Y29ycA,Asteroid
Rykers Solomon,Mx4rvViAkpwpEbGdrcN5Y29ycA,Person
Cosimo Filane,Mx4rvVjiz5wpEbGdrcN5Y29ycA,Singer
Park Jin-Yi,Mx4rvVi--5wpEbGdrcN5Y29ycA,Athlete
Gillian Mann,Mx4rwMcZI5wpEbGdrcN5Y29ycA,Artist
Jerry Fotheringill,Mx4rvViAkpwpEbGdrcN5Y29ycA,Person
Beth Wymer,Mx4rvViAkpwpEbGdrcN5Y29ycA,Person
The Vengeance of Nitocris,Mx4rvViI6ZwpEbGdrcN5Y29ycA,ShortStory
My Maudlin Career,Mx4rwLmi3JwpEbGdrcN5Y29ycA,Album-CW
Sébastien Corchia,Mx4rvVi--5wpEbGdrcN5Y29ycA,Athlete
Postsee,Mx4rvVi4IpwpEbGdrcN5Y29ycA,Lake
Endre Kelemen,Mx4rvViAkpwpEbGdrcN5Y29ycA,Person
Laguna Celeste,Mx4rvVi4IpwpEbGdrcN5Y29ycA,Lake
Milutinović (surname),Mx4rv2Wq-ZwpEbGdrcN5Y29ycA,HumanSurname
Donald C. Nugent,Mx4rvViAkpwpEbGdrcN5Y29ycA,Person
Patricia Millett,Mx4rvVjLMJwpEbGdrcN5Y29ycA,Lawyer
Cho-Den-O Series,Mx4rv973YpwpEbGdrcN5Y29ycA,Movie-CW
KTCC,Mx4rwQCRppwpEbGdrcN5Y29ycA,TelevisionStation
Kiprijonas Maculevičius,Mx4rvViAkpwpEbGdrcN5Y29ycA,Person
National Disease Research Interchange,Mx4rvVjQNpwpEbGdrcN5Y29ycA,Business
Charles Lathrop Pack,Mx4rvViAkpwpEbGdrcN5Y29ycA,Person
XMobots Apoena,Mx4rvViuUJwpEbGdrcN5Y29ycA,AirTransportationDevice
Balfour Williamson,Mx4rvVjQNpwpEbGdrcN5Y29ycA,Business
Igri Bez Granici,Mx4rwLmi3JwpEbGdrcN5Y29ycA,Album-CW
De Zeemeerman,Mx4rv973YpwpEbGdrcN5Y29ycA,Movie-CW
Wollega University,Mx4rvnDzV5wpEbGdrcN5Y29ycA,DegreeGrantingHigherEducationInstitution
"Saint-Marcel-de-Richelieu, Quebec",Mx4r06ySZMcYEdmAAAACs6hRjg,Municipality
Green Bottles for Marjorie: The Lost BBC Sessions,Mx4rwLmi3JwpEbGdrcN5Y29ycA,Album-CW
Amy Holden Jones,Mx4rvViAkpwpEbGdrcN5Y29ycA,Person
Roamer (watchmaker),Mx4rvVjQNpwpEbGdrcN5Y29ycA,Business
Mathias Nkwenti,Mx4rvVjtBpwpEbGdrcN5Y29ycA,FootballPlayer-American
Aivar Priidel,Mx4rvViAkpwpEbGdrcN5Y29ycA,Person
Wayman C. McCreery,Mx4rvVi--5wpEbGdrcN5Y29ycA,Athlete
CornerWorld,Mx4rdi9o3IJLQdeSL_KXawza8g,TelecommunicationsCompany
Squash at the Commonwealth Games,Mx4rvZTe2JwpEbGdrcN5Y29ycA,GameEvent
André Di Mauro,Mx4rvVjaHZwpEbGdrcN5Y29ycA,Actor
The Hellacopters discography,Mx4rwMcZI5wpEbGdrcN5Y29ycA,Artist
Era lui... sì! sì!,Mx4rv973YpwpEbGdrcN5Y29ycA,Movie-CW
Kazakhstanskaya Pravda,Mx4rv4ByW5wpEbGdrcN5Y29ycA,NewspaperSeries
Muhammad Rizvi,Mx4rwQB3sJwpEbGdrcN5Y29ycA,MuslimPerson
Helsingfors Segelsällskap,Mx4rvVig-pwpEbGdrcN5Y29ycA,HandTool
Franne Golde,Mx4rvViAkpwpEbGdrcN5Y29ycA,Person
Class membership probabilities,Mx4rvVjuaJwpEbGdrcN5Y29ycA,Algorithm
KCAT,Mx4rvVjvzZwpEbGdrcN5Y29ycA,RadioStation-Organization
Goran Marković (footballer),Mx4rvVi--5wpEbGdrcN5Y29ycA,Athlete
When Was That?,Mx4rwLmi3JwpEbGdrcN5Y29ycA,Album-CW
Far from Home (album),Mx4rwLmi3JwpEbGdrcN5Y29ycA,Album-CW
Irshad Kamil,Mx4rvViAkpwpEbGdrcN5Y29ycA,Person
Telangana University,Mx4rvnDzV5wpEbGdrcN5Y29ycA,DegreeGrantingHigherEducationInstitution
Guðmundur,Mx4rv0xsZ5wpEbGdrcN5Y29ycA,HumanGivenName
Danob,Mx4rwLmi3JwpEbGdrcN5Y29ycA,Album-CW
"St. Peter's Episcopal Church (Bloomfield, New York)",Mx4rvVj7KJwpEbGdrcN5Y29ycA,Building
Gustav Långbacka,Mx4rvVkDmZwpEbGdrcN5Y29ycA,SoccerPlayer
Pavel Holubář,Mx4rvVi--5wpEbGdrcN5Y29ycA,Athlete
Manuel Guevara,Mx4rvVi--5wpEbGdrcN5Y29ycA,Athlete
Amanita daucipes,Mx4rvViZCZwpEbGdrcN5Y29ycA,Fungus
Renincarnated,Mx4rwLmi3JwpEbGdrcN5Y29ycA,Album-CW
Boletus regineus,Mx4rvViZCZwpEbGdrcN5Y29ycA,Fungus
Rewers,Mx4rv973YpwpEbGdrcN5Y29ycA,Movie-CW
Ambrose Ó Madadhan,Mx4rvViAkpwpEbGdrcN5Y29ycA,Person
Karl Schoen,Mx4rvViAkpwpEbGdrcN5Y29ycA,Person
John Quested (aviator),Mx4rvVjgBJwpEbGdrcN5Y29ycA,LawEnforcementOfficer
Scenechronized,Mx4rwLmi3JwpEbGdrcN5Y29ycA,Album-CW
Sangre (film),Mx4rv973YpwpEbGdrcN5Y29ycA,Movie-CW
Chris Marinelli,Mx4rvVkI5ZwpEbGdrcN5Y29ycA,BaseballPlayer
Karl Philipp Sebottendorf,Mx4rvVjrTpwpEbGdrcN5Y29ycA,Soldier
Baishui River,Mx4rvVkHM5wpEbGdrcN5Y29ycA,River
Miami and the Siege of Chicago,Mx4rvViJb5wpEbGdrcN5Y29ycA,Novel-CW
Shaiwatna Kupratakul,Mx4rvViAkpwpEbGdrcN5Y29ycA,Person
Susanna Parigi,Mx4rvVjiz5wpEbGdrcN5Y29ycA,Singer
Alexander Svinin,Mx4rvViAkpwpEbGdrcN5Y29ycA,Person
"Castle Hotel, Conwy",Mx4rvVj7KJwpEbGdrcN5Y29ycA,Building
Konnivesi,Mx4rvVi4IpwpEbGdrcN5Y29ycA,Lake
Alter Bridge discography,Mx4rwLmi3JwpEbGdrcN5Y29ycA,Album-CW
Piers Morgan On...,Mx4rvj_X65wpEbGdrcN5Y29ycA,TVSeriesProduct
Michel Folco,Mx4rvVj7rpwpEbGdrcN5Y29ycA,Writer
Hodgson (Hampshire cricketer),Mx4r7vjP4RuaEd2f4ADggVfexA,Cricketer
Praejecta,Mx4rvViAkpwpEbGdrcN5Y29ycA,Person
Sam Hamilton,Mx4rvViAkpwpEbGdrcN5Y29ycA,Person
Graduate Faculty Philosophy Journal,Mx4rvVigHZwpEbGdrcN5Y29ycA,JournalSeries
Girltrash!,Mx4rvj_X65wpEbGdrcN5Y29ycA,TVSeriesProduct
The Evolution of Chaos,Mx4rwLmi3JwpEbGdrcN5Y29ycA,Album-CW
Willis Glassgow,Mx4rvVjtBpwpEbGdrcN5Y29ycA,FootballPlayer-American
Sayidat Al-Ansar,Mx4rvViAkpwpEbGdrcN5Y29ycA,Person
Michałowski,Mx4rv2Wq-ZwpEbGdrcN5Y29ycA,HumanSurname
Alfred Mignault,Mx4rvViAkpwpEbGdrcN5Y29ycA,Person
Konstantīns Konstantinovs,Mx4rvVi--5wpEbGdrcN5Y29ycA,Athlete
Red Clay Creek Presbyterian Church,Mx4rwO2abpwpEbGdrcN5Y29ycA,Tunnel
American Appraisal,Mx4rvVjQNpwpEbGdrcN5Y29ycA,Business
The Alchemy of Stone,Mx4rvViJb5wpEbGdrcN5Y29ycA,Novel-CW
Robert Pereira da Silva,Mx4rvVkDmZwpEbGdrcN5Y29ycA,SoccerPlayer
Mark Harrington (HIV/AIDS activist),Mx8Ngh4rvVipPJwpEbGdrcN5Y29ycB4rwRwbWpwpEbGdrcN5Y29ycA,"[:FrequentPerformerFn, :Activism]"
Dick Estelle,Mx4rvVi--5wpEbGdrcN5Y29ycA,Athlete
Arthur Nielsen (painter),Mx4rwMcZI5wpEbGdrcN5Y29ycA,Artist
Bob DeMoss,Mx4rvVi--5wpEbGdrcN5Y29ycA,Athlete
Trompeta Toccata,Mx4rwLmi3JwpEbGdrcN5Y29ycA,Album-CW
Viraf Patel,Mx4rvViAkpwpEbGdrcN5Y29ycA,Person
Solomon Elimimian,Mx4rvViAkpwpEbGdrcN5Y29ycA,Person
Robert Šulgan,Mx4rvViAkpwpEbGdrcN5Y29ycA,Person
Ginger Colton,Mx4rvVi--5wpEbGdrcN5Y29ycA,Athlete
The Colony (U.S. season 2),Mx4rvj_X65wpEbGdrcN5Y29ycA,TVSeriesProduct
Virpi Hämeen-Anttila,Mx4rvViAkpwpEbGdrcN5Y29ycA,Person
Honda RS125,Mx4rvVkEdJwpEbGdrcN5Y29ycA,Motorcycle
Ibrahim Spahic,Mx4rvVjntpwpEbGdrcN5Y29ycA,Politician
Francis N. Bangs,Mx4rvVjLMJwpEbGdrcN5Y29ycA,Lawyer
"George Brown, Class Clown",Mx4rvVjmq5wpEbGdrcN5Y29ycA,Book-CW
George S. Abbott Building,Mx4rwQrmEZwpEbGdrcN5Y29ycA,Election
August Saabye,Mx4rvViAkpwpEbGdrcN5Y29ycA,Person
George A. Freedman,Mx4rvViAkpwpEbGdrcN5Y29ycA,Person
Mayu Watanabe,Mx4rvVjiz5wpEbGdrcN5Y29ycA,Singer
Jan Russ,Mx4rvViAkpwpEbGdrcN5Y29ycA,Person
Andrei Maryushkin,Mx4rvVkDmZwpEbGdrcN5Y29ycA,SoccerPlayer
List of oldest church buildings,Mx4rvVj7KJwpEbGdrcN5Y29ycA,Building
Bell Telephone Company Building (Philadelphia),Mx4rvVj7KJwpEbGdrcN5Y29ycA,Building
Mujama al-Islamiya,Mx4rvVjVT5wpEbGdrcN5Y29ycA,Organization
Łukasz Pielorz,Mx4rvVkDmZwpEbGdrcN5Y29ycA,SoccerPlayer
Hugo Lindgren,Mx4rvViAkpwpEbGdrcN5Y29ycA,Person
A Sure Thing,Mx4rwLmi3JwpEbGdrcN5Y29ycA,Album-CW
Taghkanic Creek,Mx4rvVkHM5wpEbGdrcN5Y29ycA,River
Jewels 11th Ring,Mx4rvZTe2JwpEbGdrcN5Y29ycA,GameEvent
Donald Novis,Mx4rvVjaHZwpEbGdrcN5Y29ycA,Actor
The Infinites,Mx4rvViI6ZwpEbGdrcN5Y29ycA,ShortStory
Fielding Reginald West,Mx4rvViAkpwpEbGdrcN5Y29ycA,Person
Yılmaz Onay,Mx4rvVj7rpwpEbGdrcN5Y29ycA,Writer
I Could Have Been a Sailor,Mx4rwLmi3JwpEbGdrcN5Y29ycA,Album-CW
Fred Blank,Mx4rvVkI5ZwpEbGdrcN5Y29ycA,BaseballPlayer
Christopher Lincoln,Mx4rvViAkpwpEbGdrcN5Y29ycA,Person
William James Scott,Mx4rvViAkpwpEbGdrcN5Y29ycA,Person
Noida International University,Mx4rvnDzV5wpEbGdrcN5Y29ycA,DegreeGrantingHigherEducationInstitution
The Expert (album),Mx4rwLmi3JwpEbGdrcN5Y29ycA,Album-CW
Esporte Clube Barroso,Mx4rvVig-pwpEbGdrcN5Y29ycA,HandTool
Sandra L. Pack,Mx4rvViAkpwpEbGdrcN5Y29ycA,Person
Sharad Gogate,Mx4rvVj7rpwpEbGdrcN5Y29ycA,Writer
Harold Rosen (businessman),Mx4rvViAkpwpEbGdrcN5Y29ycA,Person
J. Otto Schweizer,Mx4rvrr-aZwpEbGdrcN5Y29ycA,Ambassador
Birgit Nordin,Mx4rvViAkpwpEbGdrcN5Y29ycA,Person
Mike Hintz,Mx4rvVi--5wpEbGdrcN5Y29ycA,Athlete
Albert Sale,Mx4rvVjrTpwpEbGdrcN5Y29ycA,Soldier
Vasco Esporte Clube,Mx4rvVig-pwpEbGdrcN5Y29ycA,HandTool
Fallout (novel),Mx4rvViJb5wpEbGdrcN5Y29ycA,Novel-CW
Daichi Fukushima,Mx4rvVkDmZwpEbGdrcN5Y29ycA,SoccerPlayer
Banglavil Outha,Mx4rv973YpwpEbGdrcN5Y29ycA,Movie-CW
Roy Wright (baseball),Mx4rvVi--5wpEbGdrcN5Y29ycA,Athlete
Rio Branco de Andradas Futebol Clube,Mx4rvVig-pwpEbGdrcN5Y29ycA,HandTool
Lloyd George Knew My Father (play),Mx4rvViIrpwpEbGdrcN5Y29ycA,PlayScript
Braeden Moskowy,Mx4rvViknpwpEbGdrcN5Y29ycA,SocialBeing
Loren Bain,Mx4rvVi--5wpEbGdrcN5Y29ycA,Athlete
"United States Senate election in Nevada, 1964",Mx4rwQrmEZwpEbGdrcN5Y29ycA,Election
Stefan Gössling,Mx4rvViAkpwpEbGdrcN5Y29ycA,Person
Pierre Lorange,Mx4rvViAkpwpEbGdrcN5Y29ycA,Person
Australia national roller hockey team,Mx4rvViwbJwpEbGdrcN5Y29ycA,SportsTeam
Ernest Race,Mx4rvVjhw5wpEbGdrcN5Y29ycA,Designer
Dreamz Unlimited,Mx4rvVjx75wpEbGdrcN5Y29ycA,MilitaryOrganization
Vlasta Depetrisová,Mx4rvVi--5wpEbGdrcN5Y29ycA,Athlete
TÅGAB,Mx4rvVjx75wpEbGdrcN5Y29ycA,MilitaryOrganization
Bill Hockin,Mx4rvViAkpwpEbGdrcN5Y29ycA,Person
Murray Feingold,Mx4rvViAkpwpEbGdrcN5Y29ycA,Person
"Love, Elections & Chocolate",Mx4rvj_X65wpEbGdrcN5Y29ycA,TVSeriesProduct
HMS Fiona,Mx4rvVirIJwpEbGdrcN5Y29ycA,Ship
The Shadow of the Desert,Mx4rv973YpwpEbGdrcN5Y29ycA,Movie-CW
Michéal Castaldo,Mx4rvViAkpwpEbGdrcN5Y29ycA,Person
Bernabé Rivera (footballer),Mx4rvVi--5wpEbGdrcN5Y29ycA,Athlete
Heaven Is a Playground,Mx4rvVjmq5wpEbGdrcN5Y29ycA,Book-CW
European Institute of Purchasing Management,Mx4rvVjp6ZwpEbGdrcN5Y29ycA,BusinessSchool
"St Peter's Church, Ashton-under-Lyne",Mx4rvVj7KJwpEbGdrcN5Y29ycA,Building
Where the West Begins (1938 film),Mx4rv973YpwpEbGdrcN5Y29ycA,Movie-CW
Hainbach (Usa),Mx4rvVkHM5wpEbGdrcN5Y29ycA,River
Glen Tapia,Mx4rvViAkpwpEbGdrcN5Y29ycA,Person
Aravind Enrique Adyanthaya,Mx4rvViAkpwpEbGdrcN5Y29ycA,Person
Sarina Russo,Mx4rvViAkpwpEbGdrcN5Y29ycA,Person
(91606) 1999 TE20,Mx4rvVjB1JwpEbGdrcN5Y29ycA,Asteroid
Johnny Meador,Mx4rvVi--5wpEbGdrcN5Y29ycA,Athlete
Robbie Ventura,Mx4rvViAkpwpEbGdrcN5Y29ycA,Person
Sergio Peña Clos,Mx4rvViAkpwpEbGdrcN5Y29ycA,Person
George Cortez,Mx4rvViAkpwpEbGdrcN5Y29ycA,Person
Luc Benoist,Mx4rvVj7rpwpEbGdrcN5Y29ycA,Writer
San Pitch Mountains,Mx4rvVjlL5wpEbGdrcN5Y29ycA,MountainRange
Mikalay Autukhovich,Mx8Ngh4rvVipPJwpEbGdrcN5Y29ycB4rwRwbWpwpEbGdrcN5Y29ycA,"[:FrequentPerformerFn, :Activism]"
Harry Jacks,Mx4rvVidtpwpEbGdrcN5Y29ycA,AcademicProfessional
Hamidan Mohammed,Mx4rvVkDmZwpEbGdrcN5Y29ycA,SoccerPlayer
"Mount Sinai Temple (Sioux City, Iowa)",Mx4rvVj7KJwpEbGdrcN5Y29ycA,Building
Rita Méry,Mx4rvViAkpwpEbGdrcN5Y29ycA,Person
Claudio Jopia,Mx4rvVkDmZwpEbGdrcN5Y29ycA,SoccerPlayer
National Veteran's Committee,Mx4rvViAkpwpEbGdrcN5Y29ycA,Person
Istra River (Romsdal),Mx4rvVkHM5wpEbGdrcN5Y29ycA,River
Vakkom Bharathan,Mx4rvVjLMJwpEbGdrcN5Y29ycA,Lawyer
Joaquín Ballivián,Mx4rvViAkpwpEbGdrcN5Y29ycA,Person
Evans Data Corporation,Mx4rvVjQNpwpEbGdrcN5Y29ycA,Business
Kanowit language,Mx4rvVj0iZwpEbGdrcN5Y29ycA,Language
Richard A. Waterfield,Mx4rvViAkpwpEbGdrcN5Y29ycA,Person
Anton Ostrovsky,Mx4rvVjaHZwpEbGdrcN5Y29ycA,Actor
"Jewell Valley, Virginia",Mx4rvuXm9JwpEbGdrcN5Y29ycA,Town
Society for Public Health Education,Mx4rvVjVT5wpEbGdrcN5Y29ycA,Organization
"Trinity Episcopal Cathedral (San Jose, California)",Mx4rwO2abpwpEbGdrcN5Y29ycA,Tunnel
Rambantu,Mx4rv973YpwpEbGdrcN5Y29ycA,Movie-CW
Sebastián Fernández (footballer born 1989),Mx4rvVi--5wpEbGdrcN5Y29ycA,Athlete
Georges Marion,Mx4rvViAkpwpEbGdrcN5Y29ycA,Person
IBSA World Championships and Games,Mx4rvZTe2JwpEbGdrcN5Y29ycA,GameEvent
Xie Pengfei,Mx4rvViAkpwpEbGdrcN5Y29ycA,Person
Anthony Restwold,Mx4rvViAkpwpEbGdrcN5Y29ycA,Person
Athletics at the 2004 Summer Paralympics – Women's javelin throw F42–46,Mx4rvVi--5wpEbGdrcN5Y29ycA,Athlete
Nikitas (Lulias),Mx4rvViAkpwpEbGdrcN5Y29ycA,Person
L.A. Paul,Mx4rvVidtpwpEbGdrcN5Y29ycA,AcademicProfessional
Cycling at the Universiade,Mx4rvZTe2JwpEbGdrcN5Y29ycA,GameEvent
Alena Yiv,Mx4rvV79tpwpEbGdrcN5Y29ycA,DirectorOfOrganization
Fráter–Seebach alkylation,Mx4rvVibyJwpEbGdrcN5Y29ycA,ChemicalReaction
List of visitors to the Hiroshima Peace Memorial Museum,Mx4rvViEOJwpEbGdrcN5Y29ycA,Museum-Organization
Walter Günther,Mx4rvVkDmZwpEbGdrcN5Y29ycA,SoccerPlayer
Swimming at the 2002 Asian Games – Men's 400 metre freestyle,Mx4rvVi--5wpEbGdrcN5Y29ycA,Athlete
Joshua Titima,Mx4rvVi--5wpEbGdrcN5Y29ycA,Athlete
Lapierre Bikes,Mx4rvVjvI5wpEbGdrcN5Y29ycA,ManufacturingOrganization
2013 NACRA Rugby Championship,Mx4rvViwbJwpEbGdrcN5Y29ycA,SportsTeam
The Walls of Freedom,Mx4rv973YpwpEbGdrcN5Y29ycA,Movie-CW
Văn Phụng,Mx4rvViAkpwpEbGdrcN5Y29ycA,Person
John Wilkinson (guitarist),Mx8Ngh4rvW-_IZwpEbGdrcN5Y29ycB4rwQrsppwpEbGdrcN5Y29ycA,"[:PlayerOfInstrumentFn, :Guitar]"
Talebi (surname),Mx4rv2Wq-ZwpEbGdrcN5Y29ycA,HumanSurname
Guðrið Hansdóttir,Mx8Ngh4rvW-_IZwpEbGdrcN5Y29ycB4rwQrsppwpEbGdrcN5Y29ycA,"[:PlayerOfInstrumentFn, :Guitar]"
The Big Gun,Mx4rIp032uHpEdmAAAACs0uFOQ,VerticalProtrusion-Topographical
Joanna Troikowicz,Mx4rvViAkpwpEbGdrcN5Y29ycA,Person
Albert Magnoli,Mx4rvViAkpwpEbGdrcN5Y29ycA,Person
Roger Richebé,Mx4rvV79tpwpEbGdrcN5Y29ycA,DirectorOfOrganization
Urban coyote,Mx4r5lNPkMLgQdeAzr878CoUZw,NonHumanAnimal
Gaeltacht Iorrais agus Acaill,Mx4rrPJDpCTfQdeS8IqP1a0lBw,PopulatedPlace
John Guthrie (cricketer),Mx4r7vjP4RuaEd2f4ADggVfexA,Cricketer
Joe Jackson (basketball),Mx4rvViAkpwpEbGdrcN5Y29ycA,Person
No Commercial Potential,Mx4rwLmi3JwpEbGdrcN5Y29ycA,Album-CW
Pasta Zara-Cogeas,Mx4rwOI75pwpEbGdrcN5Y29ycA,Tournament
Chornousov Ivan Yakovych,Mx4rvViAkpwpEbGdrcN5Y29ycA,Person
Werner Knab,Mx4rvVjgBJwpEbGdrcN5Y29ycA,LawEnforcementOfficer
Jerry DeWitt,Mx8Ngh4rvVipPJwpEbGdrcN5Y29ycB4rwRwbWpwpEbGdrcN5Y29ycA,"[:FrequentPerformerFn, :Activism]"
Kim Jong-Ho,Mx4rvViAkpwpEbGdrcN5Y29ycA,Person
Jack Keller (athlete),Mx4rvVi--5wpEbGdrcN5Y29ycA,Athlete
Danny van Poppel,Mx4rvViAkpwpEbGdrcN5Y29ycA,Person
Hirata (surname),Mx4rv2Wq-ZwpEbGdrcN5Y29ycA,HumanSurname
German Resource Center for Genome Research,Mx4rvViNhJwpEbGdrcN5Y29ycA,ResearchOrganization
Jonah Sachs,Mx4rvViAkpwpEbGdrcN5Y29ycA,Person
Wolfpack EP,Mx4rwLmi3JwpEbGdrcN5Y29ycA,Album-CW
Leopold Augustus Leo,Mx4rvViJ15wpEbGdrcN5Y29ycA,Ophthalmologist
Taliban five,Mx4rvj5o8ZwpEbGdrcN5Y29ycA,Prisoner-Legal
Moses Powell,Mx4rwMcZI5wpEbGdrcN5Y29ycA,Artist
Mynydd William Meyrick,Mx4rIp032uHpEdmAAAACs0uFOQ,VerticalProtrusion-Topographical
Catalino Duarte Ortuño,Mx4rvVjntpwpEbGdrcN5Y29ycA,Politician
Meanings of minor planet names: 287001–288000,Mx4rv0xsZ5wpEbGdrcN5Y29ycA,HumanGivenName
TheOfficialBoard,Mx4rvVjQNpwpEbGdrcN5Y29ycA,Business
Miriam Bjørnsrud,Mx4rvViAkpwpEbGdrcN5Y29ycA,Person
