v,Boudica,Mx4rvViAkpwpEbGdrcN5Y29ycA,Person
v,"Hanover, New Hampshire",Mx4rrPJDpCTfQdeS8IqP1a0lBw,PopulatedPlace
v,N,Mx4rwA1vh5wpEbGdrcN5Y29ycA,Letter-Alphabetic
v,Stevie Nicks,Mx4rwMcZI5wpEbGdrcN5Y29ycA,Artist
i,Amtrak,Mx4rvViAkpwpEbGdrcN5Y29ycA,Person
v,Hernando de Soto,Mx4rvViAkpwpEbGdrcN5Y29ycA,Person
v,Max Born,Mx4rvViN4ZwpEbGdrcN5Y29ycA,Physicist
v,Stephen R. Donaldson,Mx4rvVj7rpwpEbGdrcN5Y29ycA,Writer
v,Snow Crash,Mx4rvViJb5wpEbGdrcN5Y29ycA,Novel-CW
v,International Union for Conservation of Nature,Mx4rvVjVT5wpEbGdrcN5Y29ycA,Organization
v,Barcelona Cathedral,Mx4rvVif_pwpEbGdrcN5Y29ycA,Church-Building
v,"Fairfield Glade, Tennessee",Mx4rrPJDpCTfQdeS8IqP1a0lBw,PopulatedPlace
v,"Pea Ridge, West Virginia",Mx4rrPJDpCTfQdeS8IqP1a0lBw,PopulatedPlace
v,Richard Brinsley Sheridan,Mx4rvVj7rpwpEbGdrcN5Y29ycA,Writer
i,Scotty Moore,Mx4rwLmi3JwpEbGdrcN5Y29ycA,Album-CW
v,Tribute album,Mx4rwLmi3JwpEbGdrcN5Y29ycA,Album-CW
v,Josh Hartnett,Mx4rvVjaHZwpEbGdrcN5Y29ycA,Actor
v,Black-necked Swan,Mx4rvVi8SJwpEbGdrcN5Y29ycA,Bird
v,Benjamin Travis Laney,Mx4rwIi9L5wpEbGdrcN5Y29ycA,Democrat
v,William S. Fulton,Mx4rv1UCMpwpEbGdrcN5Y29ycA,USStateSenator
v,Dorothy Loudon,Mx4rwMcZI5wpEbGdrcN5Y29ycA,Artist
v,Whitechapel station,Mx4rv6ZmoZwpEbGdrcN5Y29ycA,RailroadStation
i,Indian Stream,Mx4rwQrmEZwpEbGdrcN5Y29ycA,Election
v,Ford GT,Mx4rwLzhaZwpEbGdrcN5Y29ycA,TransportationDevice-Vehicle
v,Deloitte,Mx4rvVjQNpwpEbGdrcN5Y29ycA,Business
v,Malcolm Cowley,Mx4rvViAkpwpEbGdrcN5Y29ycA,Person
v,New Radicals,Mx4rvVij7ZwpEbGdrcN5Y29ycA,MusicPerformanceOrganization
v,Ohio Company of Associates,Mx4rvVjQNpwpEbGdrcN5Y29ycA,Business
i,Rustam Kasimdzhanov,Mx4rvVi--5wpEbGdrcN5Y29ycA,Athlete
v,Didier Ratsiraka,Mx4rvViAkpwpEbGdrcN5Y29ycA,Person
v,Scarlets,Mx4rvViwbJwpEbGdrcN5Y29ycA,SportsTeam
v,Ovation Pharmaceuticals,Mx4rvVjQNpwpEbGdrcN5Y29ycA,Business
v,SSN (novel),Mx4rvViJb5wpEbGdrcN5Y29ycA,Novel-CW
v,Eduardo V. Manalo,Mx4rHJG1esr5EdmAAAACs6hRjg,ReligiousLeader
v,Sandy Amorós,Mx4rvVkI5ZwpEbGdrcN5Y29ycA,BaseballPlayer
v,Ajda Pekkan,Mx4rvVjiz5wpEbGdrcN5Y29ycA,Singer
i,John Bull (Continental Congress),Mx4rwQrmEZwpEbGdrcN5Y29ycA,Election
i,By Dawn's Early Light,Mx4rvViJb5wpEbGdrcN5Y29ycA,Novel-CW
v,United Daily News,Mx4rv4ByW5wpEbGdrcN5Y29ycA,NewspaperSeries
v,"Intracoastal City, Louisiana",Mx4rrPJDpCTfQdeS8IqP1a0lBw,PopulatedPlace
v,L. T. F. Gamut,Mx4rvVjuapwpEbGdrcN5Y29ycA,Philosopher
v,Philip Lansdale,Mx4rvVjgBJwpEbGdrcN5Y29ycA,LawEnforcementOfficer
v,Pale Sun Crescent Moon,Mx4rwLmi3JwpEbGdrcN5Y29ycA,Album-CW
i,Italian cruiser Giovanni delle Bande Nere,Mx4rvViMW5wpEbGdrcN5Y29ycA,Submarine
v,Sujata Manohar,Mx4rvViAkpwpEbGdrcN5Y29ycA,Person
v,An Occurrence at Owl Creek Bridge (film),Mx4rv973YpwpEbGdrcN5Y29ycA,Movie-CW
v,Aftershock: Earthquake in New York,Mx4rv973YpwpEbGdrcN5Y29ycA,Movie-CW
i,La Salle College,Mx4rvViknpwpEbGdrcN5Y29ycA,SocialBeing
v,Dirty Pair,Mx4rvViJb5wpEbGdrcN5Y29ycA,Novel-CW
v,Mitică Pricop,Mx4rvViAkpwpEbGdrcN5Y29ycA,Person
v,Nicholas Morello,Mx4rvViAkpwpEbGdrcN5Y29ycA,Person
v,Tazo,Mx4rvVjQNpwpEbGdrcN5Y29ycA,Business
v,Rescue Heroes,Mx4rvj_X65wpEbGdrcN5Y29ycA,TVSeriesProduct
v,Cosima (album),Mx4rwLmi3JwpEbGdrcN5Y29ycA,Album-CW
i,Gran Ducato Parma Rugby,Mx4rwOI75pwpEbGdrcN5Y29ycA,Tournament
v,Yosif Feigelson,Mx4rvVisB5wpEbGdrcN5Y29ycA,Musician
u,Mercedes-Benz 280,Mx4rwLzhaZwpEbGdrcN5Y29ycA,TransportationDevice-Vehicle
v,Emperor Daozong of Liao,Mx4rvViAkpwpEbGdrcN5Y29ycA,Person
v,Lac qui Parle River,Mx4rvVkHM5wpEbGdrcN5Y29ycA,River
v,Stella Márquez,Mx4rvViAkpwpEbGdrcN5Y29ycA,Person
v,Katharine Cullen,Mx4rvViAkpwpEbGdrcN5Y29ycA,Person
v,Noble Group,Mx4rvVjQNpwpEbGdrcN5Y29ycA,Business
v,Buchbrunn,Mx4r06ySZMcYEdmAAAACs6hRjg,Municipality
v,Loewi,Mx4rv2Wq-ZwpEbGdrcN5Y29ycA,HumanSurname
v,Gordon Roberts (ice hockey),Mx4rvVi--5wpEbGdrcN5Y29ycA,Athlete
v,Melissa Panarello,Mx4rvViAkpwpEbGdrcN5Y29ycA,Person
v,David Linx,Mx4rvViAkpwpEbGdrcN5Y29ycA,Person
v,"Baungon, Bukidnon",Mx4r06ySZMcYEdmAAAACs6hRjg,Municipality
v,Gordon Minhinnick,Mx4rvViAkpwpEbGdrcN5Y29ycA,Person
v,The FBI Story,Mx4rv973YpwpEbGdrcN5Y29ycA,Movie-CW
v,Eastern Youth,Mx4rvVij7ZwpEbGdrcN5Y29ycA,MusicPerformanceOrganization
v,Thomas Hambly Ross,Mx4rvViAkpwpEbGdrcN5Y29ycA,Person
v,Sarrasine,Mx4rvViI6ZwpEbGdrcN5Y29ycA,ShortStory
v,Djavan,Mx4rwMcZI5wpEbGdrcN5Y29ycA,Artist
v,Arturo Rawson,Mx4rvViAkpwpEbGdrcN5Y29ycA,Person
v,Lord Willin',Mx4rwLmi3JwpEbGdrcN5Y29ycA,Album-CW
v,Brian Augustyn,Mx4rvViAkpwpEbGdrcN5Y29ycA,Person
v,Shelley Smith (sports reporter),Mx4rvViAkpwpEbGdrcN5Y29ycA,Person
v,Matthias Media,Mx4rvViKZJwpEbGdrcN5Y29ycA,PublishingCompany
v,The Death of Hope,Mx4rvViJb5wpEbGdrcN5Y29ycA,Novel-CW
v,William d'Aubigny (rebel),Mx4rvViAkpwpEbGdrcN5Y29ycA,Person
v,USS Duxbury Bay (AVP-38),Mx4rvVirIJwpEbGdrcN5Y29ycA,Ship
v,Dilema veche,Mx4rwQ7-8pwpEbGdrcN5Y29ycA,MagazineSeries
v,Vinnell,Mx4rvVjQNpwpEbGdrcN5Y29ycA,Business
v,Antoine Sibierski,Mx4rvVi--5wpEbGdrcN5Y29ycA,Athlete
v,Plungė District Municipality,Mx4r06ySZMcYEdmAAAACs6hRjg,Municipality
v,Eric Person,Mx4rvViAkpwpEbGdrcN5Y29ycA,Person
i,Saipem Nigeria,Mx4rvViAkpwpEbGdrcN5Y29ycA,Person
v,Lucius Vorenus,Mx4rvVjrTpwpEbGdrcN5Y29ycA,Soldier
v,Sven Maes,Mx4rvVisB5wpEbGdrcN5Y29ycA,Musician
v,Guy Lewis,Mx4rvVjlaJwpEbGdrcN5Y29ycA,SportsCoach
v,Brad Hoover,Mx4rvVjtBpwpEbGdrcN5Y29ycA,FootballPlayer-American
v,The First Great Train Robbery,Mx4rv973YpwpEbGdrcN5Y29ycA,Movie-CW
v,Reichskommissariat Ukraine,Mx4rvVjl2pwpEbGdrcN5Y29ycA,GeopoliticalEntity
v,Richard Winer,Mx4rvViAkpwpEbGdrcN5Y29ycA,Person
v,Kimbundu,Mx4rvVj0iZwpEbGdrcN5Y29ycA,Language
v,Deborah Houlding,Mx4rvViAkpwpEbGdrcN5Y29ycA,Person
v,The Eel (film),Mx4rv973YpwpEbGdrcN5Y29ycA,Movie-CW
v,The Poet (album),Mx4rwLmi3JwpEbGdrcN5Y29ycA,Album-CW
v,Dalia Itzik,Mx4rvVjntpwpEbGdrcN5Y29ycA,Politician
v,Can't Run from Yourself,Mx4rwLmi3JwpEbGdrcN5Y29ycA,Album-CW
v,Swedish Rail Administration,Mx4rvVjQNpwpEbGdrcN5Y29ycA,Business
v,John J. Palmer,Mx4rvViAkpwpEbGdrcN5Y29ycA,Person
v,Paul Posluszny,Mx4rvVjtBpwpEbGdrcN5Y29ycA,FootballPlayer-American
i,Consett A.F.C.,Mx4rvVig-pwpEbGdrcN5Y29ycA,HandTool
v,Wang Ming-wan,Mx4rvViAkpwpEbGdrcN5Y29ycA,Person
v,Jane Jarvis,Mx4rvViAkpwpEbGdrcN5Y29ycA,Person
v,Melkus RS 1000,Mx4rvViVwZwpEbGdrcN5Y29ycA,Automobile
i,Dreaming of You (album),Mx4rwMcZI5wpEbGdrcN5Y29ycA,Artist
v,Old Time Pottery,Mx4rvVjQNpwpEbGdrcN5Y29ycA,Business
v,Georges Badin,Mx4rvVisSZwpEbGdrcN5Y29ycA,Painter-FineArtist
v,Magnus (band),Mx4rvVij7ZwpEbGdrcN5Y29ycA,MusicPerformanceOrganization
v,Jim Simpson (sportscaster),Mx4rvViAkpwpEbGdrcN5Y29ycA,Person
v,Cornelia Oschkenat,Mx4rvViohZwpEbGdrcN5Y29ycA,Sprinter
v,German auxiliary cruiser Stier,Mx4rvVirIJwpEbGdrcN5Y29ycA,Ship
i,Harold Van Buren Magonigle,Mx4rvVidpZwpEbGdrcN5Y29ycA,ConstructionArtifact
v,Resurrection (Forgotten Realms),Mx4rvViJb5wpEbGdrcN5Y29ycA,Novel-CW
v,Anand Math,Mx4rv973YpwpEbGdrcN5Y29ycA,Movie-CW
v,Cathal Ó Sándair,Mx4rwU0CYJwpEbGdrcN5Y29ycA,ScienceFictionWriter
u,Abbot Kinney,Mx4rvVj635wpEbGdrcN5Y29ycA,Executive
v,Xi Zhicai,Mx4rvViAkpwpEbGdrcN5Y29ycA,Person
v,Louise Post,Mx8Ngh4rvW-_IZwpEbGdrcN5Y29ycB4rwQrsppwpEbGdrcN5Y29ycA,"[:PlayerOfInstrumentFn, :Guitar]"
v,Steve Garfield,Mx4rvViAkpwpEbGdrcN5Y29ycA,Person
v,Vilho Rättö,Mx4rvVjrTpwpEbGdrcN5Y29ycA,Soldier
i,Brad Downey,Mx4rwLmi3JwpEbGdrcN5Y29ycA,Album-CW
v,Havana 3am (album),Mx4rwLmi3JwpEbGdrcN5Y29ycA,Album-CW
v,Zoraida Gómez,Mx4rvVjaHZwpEbGdrcN5Y29ycA,Actor
v,Soul Station,Mx4rwLmi3JwpEbGdrcN5Y29ycA,Album-CW
v,Association of Football Statisticians,Mx4rvVjVT5wpEbGdrcN5Y29ycA,Organization
v,Jacques de Lacretelle,Mx4rvVj7rpwpEbGdrcN5Y29ycA,Writer
v,We're Back! A Dinosaur's Story (film),Mx4rv973YpwpEbGdrcN5Y29ycA,Movie-CW
v,Bernie Grundman,Mx4rvzc_n5wpEbGdrcN5Y29ycA,AudioRecordingEngineer
v,Chashme Buddoor (1981 film),Mx4rv973YpwpEbGdrcN5Y29ycA,Movie-CW
v,National Knowledge Commission,Mx4rvVjVT5wpEbGdrcN5Y29ycA,Organization
v,Brommafjorden,Mx4rvVi4IpwpEbGdrcN5Y29ycA,Lake
v,Yale Gracey,Mx4rvViAkpwpEbGdrcN5Y29ycA,Person
v,Systema Engineering,Mx4rvVjQNpwpEbGdrcN5Y29ycA,Business
v,Alfred Bryan Bonds,Mx4rvViAkpwpEbGdrcN5Y29ycA,Person
i,John Milton (Georgia politician),Mx4rwQrmEZwpEbGdrcN5Y29ycA,Election
v,Dunedin Public Art Gallery,Mx4rvVjVT5wpEbGdrcN5Y29ycA,Organization
i,Mountain T.O.P.,Mx4rwOf2ypwpEbGdrcN5Y29ycA,ActionOnObject
i,Royal National College for the Blind,Mx4rwOf2ypwpEbGdrcN5Y29ycA,ActionOnObject
v,Diamante Lake,Mx4rvVi4IpwpEbGdrcN5Y29ycA,Lake
v,Hyundai Super Truck,Mx4rvVizgZwpEbGdrcN5Y29ycA,Truck
v,Greatest Hits Live 2003,Mx4rwLmi3JwpEbGdrcN5Y29ycA,Album-CW
v,Lech Kołakowski,Mx4rvVjntpwpEbGdrcN5Y29ycA,Politician
v,Edith Bliss,Mx4rvVjiz5wpEbGdrcN5Y29ycA,Singer
v,Alto Zambeze,Mx4r06ySZMcYEdmAAAACs6hRjg,Municipality
v,Chris Cobb,Mx4rvViAkpwpEbGdrcN5Y29ycA,Person
v,Maria Cordero,Mx4rvViAkpwpEbGdrcN5Y29ycA,Person
v,Entertainment Program for Humans (Second Variety),Mx4rwLmi3JwpEbGdrcN5Y29ycA,Album-CW
v,Arnie Knepper,Mx4rvViAkpwpEbGdrcN5Y29ycA,Person
v,Scott Canham,Mx4rvViAkpwpEbGdrcN5Y29ycA,Person
v,Steve Smith (British high jumper),Mx4rvVi--5wpEbGdrcN5Y29ycA,Athlete
v,Jerome Boger,Mx4rvViAkpwpEbGdrcN5Y29ycA,Person
v,Betty Sutton,Mx4rvViAkpwpEbGdrcN5Y29ycA,Person
v,Cesaroni Design,Mx4rvVjQNpwpEbGdrcN5Y29ycA,Business
v,Bupaya Pagoda,Mx4rvgDGwJwpEbGdrcN5Y29ycA,BuddhistTemple
v,Niel van der Watt,Mx4rvViAkpwpEbGdrcN5Y29ycA,Person
v,Ahrntal,Mx4r06ySZMcYEdmAAAACs6hRjg,Municipality
i,HMCS Carleton,Mx4rwOf2ypwpEbGdrcN5Y29ycA,ActionOnObject
i,Crash B-Daman,Mx4rvj_X65wpEbGdrcN5Y29ycA,TVSeriesProduct
v,Bruce Ralston,Mx4rvViAkpwpEbGdrcN5Y29ycA,Person
v,Donald C. Clarke,Mx4rvViAkpwpEbGdrcN5Y29ycA,Person
v,Why I Want to Fuck Ronald Reagan,Mx4rvViI6ZwpEbGdrcN5Y29ycA,ShortStory
i,"Baltimore & Ohio Railroad Station, Philadelphia",Mx4rwQCRppwpEbGdrcN5Y29ycA,TelevisionStation
v,The Great History,Mx4rvVjKWpwpEbGdrcN5Y29ycA,Dictionary
v,Taste of Chocolate,Mx4rwLmi3JwpEbGdrcN5Y29ycA,Album-CW
v,Edelman (firm),Mx4rvVjQNpwpEbGdrcN5Y29ycA,Business
v,Sonnet 93,Mx4rv9p3wpwpEbGdrcN5Y29ycA,DevisedPracticeOrWork
v,Aleksander Hall,Mx4rvViAkpwpEbGdrcN5Y29ycA,Person
v,Ed Gordon (athlete),Mx4rvViAkpwpEbGdrcN5Y29ycA,Person
v,Voliminal: Inside the Nine,Mx4rwLmi3JwpEbGdrcN5Y29ycA,Album-CW
v,Assicus,Mx4rvViAkpwpEbGdrcN5Y29ycA,Person
v,Mark Ford (footballer),Mx4rvViAkpwpEbGdrcN5Y29ycA,Person
v,Huang Shengyi,Mx4rvViAkpwpEbGdrcN5Y29ycA,Person
v,Melissa Errico,Mx4rvVjiz5wpEbGdrcN5Y29ycA,Singer
v,Halco Mining,Mx4rvVjQNpwpEbGdrcN5Y29ycA,Business
v,Steve Early,Mx4rvViAkpwpEbGdrcN5Y29ycA,Person
i,Netherlands women's national handball team,Mx4rwOI75pwpEbGdrcN5Y29ycA,Tournament
v,Walter Abraham,Mx4rvViAkpwpEbGdrcN5Y29ycA,Person
v,Helen Thompson Sunday,Mx4rvViAkpwpEbGdrcN5Y29ycA,Person
v,The Songs of My Mother,Mx4rwLmi3JwpEbGdrcN5Y29ycA,Album-CW
v,Tinizong-Rona,Mx4r06ySZMcYEdmAAAACs6hRjg,Municipality
v,Ui Miyazaki,Mx4rvViAkpwpEbGdrcN5Y29ycA,Person
v,Galway Vindicator,Mx4rv4ByW5wpEbGdrcN5Y29ycA,NewspaperSeries
v,Magne Thomassen,Mx4rvViAkpwpEbGdrcN5Y29ycA,Person
v,Pippi Longstocking (1969 TV series),Mx4rvj_X65wpEbGdrcN5Y29ycA,TVSeriesProduct
v,Eirunepé,Mx4r06ySZMcYEdmAAAACs6hRjg,Municipality
v,Jang Sung-Ho,Mx4rvViAkpwpEbGdrcN5Y29ycA,Person
v,Alenka Bikar,Mx4rvVi--5wpEbGdrcN5Y29ycA,Athlete
v,Piaf (play),Mx4rvViIrpwpEbGdrcN5Y29ycA,PlayScript
i,K41OI,Mx4rwQwfB5wpEbGdrcN5Y29ycA,PowerGenerationComplex
v,Czantoria Wielka,Mx4rIp032uHpEdmAAAACs0uFOQ,VerticalProtrusion-Topographical
v,John Archer (actor),Mx4rvViAkpwpEbGdrcN5Y29ycA,Person
v,Gransdorf,Mx4r06ySZMcYEdmAAAACs6hRjg,Municipality
v,Wilhelm Molterer,Mx4rvViAkpwpEbGdrcN5Y29ycA,Person
v,Rabiatou Sérah Diallo,Mx4rvViAkpwpEbGdrcN5Y29ycA,Person
v,Olga Levenkova,Mx4rvViAkpwpEbGdrcN5Y29ycA,Person
v,Willem de Fesch,Mx4rvViAkpwpEbGdrcN5Y29ycA,Person
v,Ahmed Mohamed Ashoush,Mx4rvViAkpwpEbGdrcN5Y29ycA,Person
v,Glen Glenn Sound,Mx4rvVjQNpwpEbGdrcN5Y29ycA,Business
v,Ippolito Desideri,Mx4rvViAkpwpEbGdrcN5Y29ycA,Person
v,Lean Mean Thirteen,Mx4rvVjmq5wpEbGdrcN5Y29ycA,Book-CW
v,Le som en fotomodell,Mx4rwLmi3JwpEbGdrcN5Y29ycA,Album-CW
v,Michael Vanderbyl,Mx4rvViAkpwpEbGdrcN5Y29ycA,Person
v,Horace Rowan Gaither,Mx4rvViAkpwpEbGdrcN5Y29ycA,Person
v,Saschko Gawriloff,Mx4rvViAkpwpEbGdrcN5Y29ycA,Person
v,Spring Fever (1982 film),Mx4rv973YpwpEbGdrcN5Y29ycA,Movie-CW
i,Nils Hasselmo,Mx4rvrr-aZwpEbGdrcN5Y29ycA,Ambassador
v,Symphony No. 40 (Michael Haydn),Mx4rwUwN3ZwpEbGdrcN5Y29ycA,MusicalComposition
v,Battle of La Roche-l'Abeille,Mx4rvnSeAJwpEbGdrcN5Y29ycA,MilitaryEvent
v,Ipsheim,Mx4r06ySZMcYEdmAAAACs6hRjg,Municipality
v,Speinshart,Mx4r06ySZMcYEdmAAAACs6hRjg,Municipality
v,The Wild (novel),Mx4rvViJb5wpEbGdrcN5Y29ycA,Novel-CW
v,LP1 (Plastiscines album),Mx4rwLmi3JwpEbGdrcN5Y29ycA,Album-CW
v,Muhyo & Roji's Bureau of Supernatural Investigation,Mx4rvaipZJwpEbGdrcN5Y29ycA,PeriodicalSeries
v,James Denton,Mx4rvViAkpwpEbGdrcN5Y29ycA,Person
v,Jonathan Hey,Mx4rvViAkpwpEbGdrcN5Y29ycA,Person
i,White Springs Television,Mx4rvVirUZwpEbGdrcN5Y29ycA,ComputerNetwork
v,Josh Harris (musician),Mx4rvViAkpwpEbGdrcN5Y29ycA,Person
v,Delaware Academy of Medicine,Mx4rvVjTtJwpEbGdrcN5Y29ycA,Place
v,USS Cardinal (AM-67),Mx4rv3s3HZwpEbGdrcN5Y29ycA,MineCountermeasuresVessel
i,PSO Tri-Nation Tournament 2002,Mx4rvViAkpwpEbGdrcN5Y29ycA,Person
v,John Pienaar,Mx4rvViAkpwpEbGdrcN5Y29ycA,Person
v,What a Feelin',Mx4rwLmi3JwpEbGdrcN5Y29ycA,Album-CW
v,Walter M. Chandler,Mx4rvVjLMJwpEbGdrcN5Y29ycA,Lawyer
v,William A. Ekwall,Mx4rvVi68pwpEbGdrcN5Y29ycA,Judge
v,War of Ages (War of Ages album),Mx4rwLmi3JwpEbGdrcN5Y29ycA,Album-CW
v,Charles Frederick Scott,Mx4rv1UCMpwpEbGdrcN5Y29ycA,USStateSenator
v,Hausen (Wied),Mx4r06ySZMcYEdmAAAACs6hRjg,Municipality
v,Lon Evans,Mx4rvVi--5wpEbGdrcN5Y29ycA,Athlete
v,Víctor Aldana,Mx4rvViAkpwpEbGdrcN5Y29ycA,Person
v,Fließem,Mx4r06ySZMcYEdmAAAACs6hRjg,Municipality
v,Fred Kenneth Moore,Mx4rvViAkpwpEbGdrcN5Y29ycA,Person
v,Dick Cunningham,Mx4rvVi--5wpEbGdrcN5Y29ycA,Athlete
v,Alex Harvey and His Soul Band,Mx4rwLmi3JwpEbGdrcN5Y29ycA,Album-CW
v,Antikrundan,Mx4rvj_X65wpEbGdrcN5Y29ycA,TVSeriesProduct
v,Jan R. Andersson,Mx4rvVjntpwpEbGdrcN5Y29ycA,Politician
v,Beattie Park Mound Group,Mx4rrPJDpCTfQdeS8IqP1a0lBw,PopulatedPlace
v,Àngel Llàcer,Mx4rvViAkpwpEbGdrcN5Y29ycA,Person
v,Post (surname),Mx4rv2Wq-ZwpEbGdrcN5Y29ycA,HumanSurname
i,Care for Africa,Mx4rwOf2ypwpEbGdrcN5Y29ycA,ActionOnObject
v,Asdvadzadur of Armenia,Mx4rwQB295wpEbGdrcN5Y29ycA,ChristianPerson
v,William Hutchison (New Zealand politician),Mx4rvViWTJwpEbGdrcN5Y29ycA,NewZealandPerson
v,Vladimir Afromeev,Mx4rvViAkpwpEbGdrcN5Y29ycA,Person
v,Todd Boeckman,Mx4rvVi--5wpEbGdrcN5Y29ycA,Athlete
v,The Living End discography,Mx4rwLmi3JwpEbGdrcN5Y29ycA,Album-CW
v,Todd Fischer,Mx4rvVkI5ZwpEbGdrcN5Y29ycA,BaseballPlayer
v,Shigofumi: Letters from the Departed,Mx4rvj_X65wpEbGdrcN5Y29ycA,TVSeriesProduct
v,Federal Public Service Finance,Mx4rwooJShlEQdicuoWV4yDY4A,Ministry
i,Tillandsia portillae,Mx4rvVj0iZwpEbGdrcN5Y29ycA,Language
v,Bert Millard,Mx4rvVkDmZwpEbGdrcN5Y29ycA,SoccerPlayer
v,Benito Sanz y Forés,Mx4rvViAkpwpEbGdrcN5Y29ycA,Person
v,Christophe Edaleine,Mx4rvViAkpwpEbGdrcN5Y29ycA,Person
v,O'Connell School,Mx4r3np2ODTxEdqAAAAH6RYvSQ,School-AcademicOrganization
v,Mohammed Gauss,Mx4rvVisB5wpEbGdrcN5Y29ycA,Musician
v,"Johann Adolf I, Duke of Saxe-Weissenfels",Mx4rvViAkpwpEbGdrcN5Y29ycA,Person
v,Catherine Jinks,Mx4rvVj7rpwpEbGdrcN5Y29ycA,Writer
v,Covasna River (Bahlui),Mx4rvVkHM5wpEbGdrcN5Y29ycA,River
v,Now That's What I Call the 80s,Mx4rwLmi3JwpEbGdrcN5Y29ycA,Album-CW
v,Tattooed Flower Vase,Mx4rv973YpwpEbGdrcN5Y29ycA,Movie-CW
v,Paul del Rio,Mx4rvViAkpwpEbGdrcN5Y29ycA,Person
v,"St. Alphonsus Catholic Church, St. Louis",Mx4rvVj7KJwpEbGdrcN5Y29ycA,Building
v,Sandy Denny and the Strawbs,Mx4rwLmi3JwpEbGdrcN5Y29ycA,Album-CW
v,Ducati 848,Mx4rvVkEdJwpEbGdrcN5Y29ycA,Motorcycle
v,Mid Somerset Series,Mx4rv4ByW5wpEbGdrcN5Y29ycA,NewspaperSeries
v,Chris Rea (rugby union),Mx4rvVi--5wpEbGdrcN5Y29ycA,Athlete
v,Revolution Begins,Mx4rwLmi3JwpEbGdrcN5Y29ycA,Album-CW
v,Iwao Matsuda,Mx4rvVjntpwpEbGdrcN5Y29ycA,Politician
v,Justin LeHew,Mx4rvViAkpwpEbGdrcN5Y29ycA,Person
v,Grimoart Gausmar,Mx4rvVj7rpwpEbGdrcN5Y29ycA,Writer
v,Hybrid (Gary Numan album),Mx4rwLmi3JwpEbGdrcN5Y29ycA,Album-CW
v,Cleveland Daily Banner,Mx4rv4ByW5wpEbGdrcN5Y29ycA,NewspaperSeries
v,Damian Surma,Mx4rvVi--5wpEbGdrcN5Y29ycA,Athlete
i,FC Sportakademklub Moscow,Mx4rvVig-pwpEbGdrcN5Y29ycA,HandTool
v,Daughters of Wisdom,Mx4r2Ns-2EPeQdmYv_GT1H70Qg,Society-Organization
i,KLGT,Mx4rwQCRppwpEbGdrcN5Y29ycA,TelevisionStation
v,Gerry Organ,Mx4rvVi--5wpEbGdrcN5Y29ycA,Athlete
v,Josef Lidl,Mx4rvVjQNpwpEbGdrcN5Y29ycA,Business
v,Mtsapere,Mx4rvVjVT5wpEbGdrcN5Y29ycA,Organization
v,Honda Hirotaka,Mx4rvViAkpwpEbGdrcN5Y29ycA,Person
v,Stauffer,Mx4rv2Wq-ZwpEbGdrcN5Y29ycA,HumanSurname
v,Hristoforos Hoidis,Mx4rvViAkpwpEbGdrcN5Y29ycA,Person
i,KMSO,Mx4rwQwfB5wpEbGdrcN5Y29ycA,PowerGenerationComplex
v,Kandisa (album),Mx4rwLmi3JwpEbGdrcN5Y29ycA,Album-CW
v,A Stab in the Dark (play),Mx4rvViIrpwpEbGdrcN5Y29ycA,PlayScript
i,Brian Warren,Mx4rwLmi3JwpEbGdrcN5Y29ycA,Album-CW
v,Paul Steel,Mx4rvVi--5wpEbGdrcN5Y29ycA,Athlete
i,Nakkna,Mx4rvVjx75wpEbGdrcN5Y29ycA,MilitaryOrganization
v,The Island (2005 novel),Mx4rvViJb5wpEbGdrcN5Y29ycA,Novel-CW
v,GoLite,Mx4rvVjvI5wpEbGdrcN5Y29ycA,ManufacturingOrganization
v,Abdelmalek Mokdad,Mx4rvViAkpwpEbGdrcN5Y29ycA,Person
i,6074 Bechtereva,Mx4rvViAkpwpEbGdrcN5Y29ycA,Person
i,7501 Farra,Mx4rrPJDpCTfQdeS8IqP1a0lBw,PopulatedPlace
i,14143 Hadfield,Mx4rvViAkpwpEbGdrcN5Y29ycA,Person
v,Allan Ball,Mx4rvViAkpwpEbGdrcN5Y29ycA,Person
v,Mike Allen (poet),Mx4rvViAkpwpEbGdrcN5Y29ycA,Person
v,Rodrigo Dorfman,Mx4rvViAkpwpEbGdrcN5Y29ycA,Person
v,ARMA International,Mx4rwH-3XJwpEbGdrcN5Y29ycA,Association
v,Al Purvis,Mx4rvViAkpwpEbGdrcN5Y29ycA,Person
v,James Bartholomew Blackwell,Mx4rvViAkpwpEbGdrcN5Y29ycA,Person
v,Nabil Baalbaki,Mx4rvViAkpwpEbGdrcN5Y29ycA,Person
v,Candyce Edwards,Mx4rvVi--5wpEbGdrcN5Y29ycA,Athlete
i,Kurt Dreyer,Mx4rvVi--5wpEbGdrcN5Y29ycA,Athlete
v,The Business of Being Born,Mx4rv973YpwpEbGdrcN5Y29ycA,Movie-CW
v,Small Acts of Love and Rebellion,Mx4rwLmi3JwpEbGdrcN5Y29ycA,Album-CW
v,Benziane Senouci,Mx4rvVkDmZwpEbGdrcN5Y29ycA,SoccerPlayer
v,Mark Savage (American playwright),Mx4rvViAkpwpEbGdrcN5Y29ycA,Person
v,George Duncan Ludlow,Mx4rvViAkpwpEbGdrcN5Y29ycA,Person
v,Mark Brewer (Michigan Democrat),Mx4rvVjLMJwpEbGdrcN5Y29ycA,Lawyer
i,18735 Chubko,Mx4rvViAkpwpEbGdrcN5Y29ycA,Person
v,Molyneux Brow railway station,Mx4rv6ZmoZwpEbGdrcN5Y29ycA,RailroadStation
v,Battle of the Bone,Mx4rv973YpwpEbGdrcN5Y29ycA,Movie-CW
v,Mark Kayser,Mx4rvViAkpwpEbGdrcN5Y29ycA,Person
v,Battle of Al Faw (2003),Mx4rd0DfJLgfEdmAAAACs6hRjg,MilitaryBattle
v,Hu Xianqiang,Mx4rvViAkpwpEbGdrcN5Y29ycA,Person
v,Louise Hopkins (cellist),Mx4rvViAkpwpEbGdrcN5Y29ycA,Person
v,Journal of Higher Criticism,Mx4rvVigHZwpEbGdrcN5Y29ycA,JournalSeries
v,James Allodi,Mx4rvViAkpwpEbGdrcN5Y29ycA,Person
v,James Clayton (priest),Mx4rvViAkpwpEbGdrcN5Y29ycA,Person
v,Tom Taiwo,Mx4rvViAkpwpEbGdrcN5Y29ycA,Person
v,João Paulo Fernandes,Mx4rvVi--5wpEbGdrcN5Y29ycA,Athlete
v,Mandalay Technological University,Mx4rvnDzV5wpEbGdrcN5Y29ycA,DegreeGrantingHigherEducationInstitution
v,Election Day (film),Mx4rwBoeX5wpEbGdrcN5Y29ycA,ComedyMovie
v,Stéphane Borbiconi,Mx4rvViAkpwpEbGdrcN5Y29ycA,Person
v,Vetrimaaran,Mx4rvViAkpwpEbGdrcN5Y29ycA,Person
v,David Hubert,Mx4rvVi--5wpEbGdrcN5Y29ycA,Athlete
u,German submarine U-134,Mx4rvVirIJwpEbGdrcN5Y29ycA,Ship
v,Jamestowne Society,Mx4r2Ns-2EPeQdmYv_GT1H70Qg,Society-Organization
v,Auriel Andrew,Mx4rvVjiz5wpEbGdrcN5Y29ycA,Singer
i,Scuderia Milano,Mx4rwOI75pwpEbGdrcN5Y29ycA,Tournament
v,Resurrection Macabre,Mx4rwLmi3JwpEbGdrcN5Y29ycA,Album-CW
v,Wardenclyffe Tower (album),Mx4rwLmi3JwpEbGdrcN5Y29ycA,Album-CW
v,Enzo Polito,Mx4rvVi--5wpEbGdrcN5Y29ycA,Athlete
v,Stefan Czmil,Mx4rvViAkpwpEbGdrcN5Y29ycA,Person
v,Baseball at the 1998 Asian Games,Mx4rvZTe2JwpEbGdrcN5Y29ycA,GameEvent
i,East Hartford Middle School,Mx4rvViAkpwpEbGdrcN5Y29ycA,Person
v,Tokyo Dome City Attractions,Mx4rvVi1P5wpEbGdrcN5Y29ycA,AmusementPark
v,Hans Bergersen Wergeland,Mx4rvVjntpwpEbGdrcN5Y29ycA,Politician
v,Ngambay language,Mx4rvVj0iZwpEbGdrcN5Y29ycA,Language
v,Radio Dhamaal,Mx4rvVjvzZwpEbGdrcN5Y29ycA,RadioStation-Organization
v,Lorry Gloeckner,Mx4rvViAkpwpEbGdrcN5Y29ycA,Person
v,Marie-Lou Marcel,Mx4rvViAkpwpEbGdrcN5Y29ycA,Person
v,Berdak,Mx4rvViACZwpEbGdrcN5Y29ycA,GeographicalRegion
i,13039 Awashima,Mx4rrPJDpCTfQdeS8IqP1a0lBw,PopulatedPlace
v,Charles Rothwell,Mx4rvVkDmZwpEbGdrcN5Y29ycA,SoccerPlayer
v,Xabi Etxebarria,Mx4rvVkDmZwpEbGdrcN5Y29ycA,SoccerPlayer
v,Rihupisa Justus Kandando,Mx4rvViAkpwpEbGdrcN5Y29ycA,Person
v,Wilf Tranter,Mx4rvViAkpwpEbGdrcN5Y29ycA,Person
i,Todd Okerlund,Mx4rvVkI5ZwpEbGdrcN5Y29ycA,BaseballPlayer
v,10374 Etampes,Mx4rvVjB1JwpEbGdrcN5Y29ycA,Asteroid
v,Rykers Solomon,Mx4rvViAkpwpEbGdrcN5Y29ycA,Person
v,Cosimo Filane,Mx4rvVjiz5wpEbGdrcN5Y29ycA,Singer
v,Park Jin-Yi,Mx4rvVi--5wpEbGdrcN5Y29ycA,Athlete
v,Gillian Mann,Mx4rwMcZI5wpEbGdrcN5Y29ycA,Artist
v,Jerry Fotheringill,Mx4rvViAkpwpEbGdrcN5Y29ycA,Person
v,Beth Wymer,Mx4rvViAkpwpEbGdrcN5Y29ycA,Person
v,The Vengeance of Nitocris,Mx4rvViI6ZwpEbGdrcN5Y29ycA,ShortStory
v,My Maudlin Career,Mx4rwLmi3JwpEbGdrcN5Y29ycA,Album-CW
v,Sébastien Corchia,Mx4rvVi--5wpEbGdrcN5Y29ycA,Athlete
v,Postsee,Mx4rvVi4IpwpEbGdrcN5Y29ycA,Lake
v,Endre Kelemen,Mx4rvViAkpwpEbGdrcN5Y29ycA,Person
v,Laguna Celeste,Mx4rvVi4IpwpEbGdrcN5Y29ycA,Lake
v,Milutinović (surname),Mx4rv2Wq-ZwpEbGdrcN5Y29ycA,HumanSurname
v,Donald C. Nugent,Mx4rvViAkpwpEbGdrcN5Y29ycA,Person
v,Patricia Millett,Mx4rvVjLMJwpEbGdrcN5Y29ycA,Lawyer
u,Cho-Den-O Series,Mx4rv973YpwpEbGdrcN5Y29ycA,Movie-CW
i,KTCC,Mx4rwQCRppwpEbGdrcN5Y29ycA,TelevisionStation
v,Kiprijonas Maculevičius,Mx4rvViAkpwpEbGdrcN5Y29ycA,Person
i,National Disease Research Interchange,Mx4rvVjQNpwpEbGdrcN5Y29ycA,Business
v,Charles Lathrop Pack,Mx4rvViAkpwpEbGdrcN5Y29ycA,Person
v,XMobots Apoena,Mx4rvViuUJwpEbGdrcN5Y29ycA,AirTransportationDevice
v,Balfour Williamson,Mx4rvVjQNpwpEbGdrcN5Y29ycA,Business
v,Igri Bez Granici,Mx4rwLmi3JwpEbGdrcN5Y29ycA,Album-CW
v,De Zeemeerman,Mx4rv973YpwpEbGdrcN5Y29ycA,Movie-CW
v,Wollega University,Mx4rvnDzV5wpEbGdrcN5Y29ycA,DegreeGrantingHigherEducationInstitution
v,"Saint-Marcel-de-Richelieu, Quebec",Mx4r06ySZMcYEdmAAAACs6hRjg,Municipality
v,Green Bottles for Marjorie: The Lost BBC Sessions,Mx4rwLmi3JwpEbGdrcN5Y29ycA,Album-CW
v,Amy Holden Jones,Mx4rvViAkpwpEbGdrcN5Y29ycA,Person
v,Roamer (watchmaker),Mx4rvVjQNpwpEbGdrcN5Y29ycA,Business
v,Mathias Nkwenti,Mx4rvVjtBpwpEbGdrcN5Y29ycA,FootballPlayer-American
v,Aivar Priidel,Mx4rvViAkpwpEbGdrcN5Y29ycA,Person
i,Wayman C. McCreery,Mx4rvVi--5wpEbGdrcN5Y29ycA,Athlete
v,CornerWorld,Mx4rdi9o3IJLQdeSL_KXawza8g,TelecommunicationsCompany
u,Squash at the Commonwealth Games,Mx4rvZTe2JwpEbGdrcN5Y29ycA,GameEvent
v,André Di Mauro,Mx4rvVjaHZwpEbGdrcN5Y29ycA,Actor
i,The Hellacopters discography,Mx4rwMcZI5wpEbGdrcN5Y29ycA,Artist
v,Era lui... sì! sì!,Mx4rv973YpwpEbGdrcN5Y29ycA,Movie-CW
v,Kazakhstanskaya Pravda,Mx4rv4ByW5wpEbGdrcN5Y29ycA,NewspaperSeries
v,Muhammad Rizvi,Mx4rwQB3sJwpEbGdrcN5Y29ycA,MuslimPerson
i,Helsingfors Segelsällskap,Mx4rvVig-pwpEbGdrcN5Y29ycA,HandTool
v,Franne Golde,Mx4rvViAkpwpEbGdrcN5Y29ycA,Person
v,Class membership probabilities,Mx4rvVjuaJwpEbGdrcN5Y29ycA,Algorithm
v,KCAT,Mx4rvVjvzZwpEbGdrcN5Y29ycA,RadioStation-Organization
v,Goran Marković (footballer),Mx4rvVi--5wpEbGdrcN5Y29ycA,Athlete
u,When Was That?,Mx4rwLmi3JwpEbGdrcN5Y29ycA,Album-CW
v,Irshad Kamil,Mx4rvViAkpwpEbGdrcN5Y29ycA,Person
v,Telangana University,Mx4rvnDzV5wpEbGdrcN5Y29ycA,DegreeGrantingHigherEducationInstitution
u,Guðmundur,Mx4rv0xsZ5wpEbGdrcN5Y29ycA,HumanGivenName
v,Danob,Mx4rwLmi3JwpEbGdrcN5Y29ycA,Album-CW
v,"St. Peter's Episcopal Church (Bloomfield, New York)",Mx4rvVj7KJwpEbGdrcN5Y29ycA,Building
v,Gustav Långbacka,Mx4rvVkDmZwpEbGdrcN5Y29ycA,SoccerPlayer
v,Pavel Holubář,Mx4rvVi--5wpEbGdrcN5Y29ycA,Athlete
v,Manuel Guevara,Mx4rvVi--5wpEbGdrcN5Y29ycA,Athlete
v,Amanita daucipes,Mx4rvViZCZwpEbGdrcN5Y29ycA,Fungus
v,Renincarnated,Mx4rwLmi3JwpEbGdrcN5Y29ycA,Album-CW
v,Boletus regineus,Mx4rvViZCZwpEbGdrcN5Y29ycA,Fungus
v,Rewers,Mx4rv973YpwpEbGdrcN5Y29ycA,Movie-CW
v,Ambrose Ó Madadhan,Mx4rvViAkpwpEbGdrcN5Y29ycA,Person
v,Karl Schoen,Mx4rvViAkpwpEbGdrcN5Y29ycA,Person
i,John Quested (aviator),Mx4rvVjgBJwpEbGdrcN5Y29ycA,LawEnforcementOfficer
v,Scenechronized,Mx4rwLmi3JwpEbGdrcN5Y29ycA,Album-CW
v,Sangre (film),Mx4rv973YpwpEbGdrcN5Y29ycA,Movie-CW
v,Chris Marinelli,Mx4rvVkI5ZwpEbGdrcN5Y29ycA,BaseballPlayer
v,Karl Philipp Sebottendorf,Mx4rvVjrTpwpEbGdrcN5Y29ycA,Soldier
v,Baishui River,Mx4rvVkHM5wpEbGdrcN5Y29ycA,River
v,Miami and the Siege of Chicago,Mx4rvViJb5wpEbGdrcN5Y29ycA,Novel-CW
v,Shaiwatna Kupratakul,Mx4rvViAkpwpEbGdrcN5Y29ycA,Person
v,Susanna Parigi,Mx4rvVjiz5wpEbGdrcN5Y29ycA,Singer
v,Alexander Svinin,Mx4rvViAkpwpEbGdrcN5Y29ycA,Person
v,"Castle Hotel, Conwy",Mx4rvVj7KJwpEbGdrcN5Y29ycA,Building
v,Konnivesi,Mx4rvVi4IpwpEbGdrcN5Y29ycA,Lake
v,Alter Bridge discography,Mx4rwLmi3JwpEbGdrcN5Y29ycA,Album-CW
v,Piers Morgan On...,Mx4rvj_X65wpEbGdrcN5Y29ycA,TVSeriesProduct
v,Michel Folco,Mx4rvVj7rpwpEbGdrcN5Y29ycA,Writer
v,Hodgson (Hampshire cricketer),Mx4r7vjP4RuaEd2f4ADggVfexA,Cricketer
v,Praejecta,Mx4rvViAkpwpEbGdrcN5Y29ycA,Person
v,Sam Hamilton,Mx4rvViAkpwpEbGdrcN5Y29ycA,Person
v,Graduate Faculty Philosophy Journal,Mx4rvVigHZwpEbGdrcN5Y29ycA,JournalSeries
v,Girltrash!,Mx4rvj_X65wpEbGdrcN5Y29ycA,TVSeriesProduct
v,The Evolution of Chaos,Mx4rwLmi3JwpEbGdrcN5Y29ycA,Album-CW
v,Willis Glassgow,Mx4rvVjtBpwpEbGdrcN5Y29ycA,FootballPlayer-American
i,Sayidat Al-Ansar,Mx4rvViAkpwpEbGdrcN5Y29ycA,Person
v,Michałowski,Mx4rv2Wq-ZwpEbGdrcN5Y29ycA,HumanSurname
v,Alfred Mignault,Mx4rvViAkpwpEbGdrcN5Y29ycA,Person
v,Konstantīns Konstantinovs,Mx4rvVi--5wpEbGdrcN5Y29ycA,Athlete
i,Red Clay Creek Presbyterian Church,Mx4rwO2abpwpEbGdrcN5Y29ycA,Tunnel
v,American Appraisal,Mx4rvVjQNpwpEbGdrcN5Y29ycA,Business
v,The Alchemy of Stone,Mx4rvViJb5wpEbGdrcN5Y29ycA,Novel-CW
v,Robert Pereira da Silva,Mx4rvVkDmZwpEbGdrcN5Y29ycA,SoccerPlayer
v,Mark Harrington (HIV/AIDS activist),Mx8Ngh4rvVipPJwpEbGdrcN5Y29ycB4rwRwbWpwpEbGdrcN5Y29ycA,"[:FrequentPerformerFn, :Activism]"
v,Dick Estelle,Mx4rvVi--5wpEbGdrcN5Y29ycA,Athlete
v,Arthur Nielsen (painter),Mx4rwMcZI5wpEbGdrcN5Y29ycA,Artist
v,Bob DeMoss,Mx4rvVi--5wpEbGdrcN5Y29ycA,Athlete
v,Trompeta Toccata,Mx4rwLmi3JwpEbGdrcN5Y29ycA,Album-CW
v,Viraf Patel,Mx4rvViAkpwpEbGdrcN5Y29ycA,Person
v,Solomon Elimimian,Mx4rvViAkpwpEbGdrcN5Y29ycA,Person
v,Robert Šulgan,Mx4rvViAkpwpEbGdrcN5Y29ycA,Person
v,Ginger Colton,Mx4rvVi--5wpEbGdrcN5Y29ycA,Athlete
v,The Colony (U.S. season 2),Mx4rvj_X65wpEbGdrcN5Y29ycA,TVSeriesProduct
v,Virpi Hämeen-Anttila,Mx4rvViAkpwpEbGdrcN5Y29ycA,Person
v,Honda RS125,Mx4rvVkEdJwpEbGdrcN5Y29ycA,Motorcycle
v,Ibrahim Spahic,Mx4rvVjntpwpEbGdrcN5Y29ycA,Politician
v,Francis N. Bangs,Mx4rvVjLMJwpEbGdrcN5Y29ycA,Lawyer
v,"George Brown, Class Clown",Mx4rvVjmq5wpEbGdrcN5Y29ycA,Book-CW
i,George S. Abbott Building,Mx4rwQrmEZwpEbGdrcN5Y29ycA,Election
v,August Saabye,Mx4rvViAkpwpEbGdrcN5Y29ycA,Person
v,George A. Freedman,Mx4rvViAkpwpEbGdrcN5Y29ycA,Person
v,Mayu Watanabe,Mx4rvVjiz5wpEbGdrcN5Y29ycA,Singer
v,Jan Russ,Mx4rvViAkpwpEbGdrcN5Y29ycA,Person
v,Andrei Maryushkin,Mx4rvVkDmZwpEbGdrcN5Y29ycA,SoccerPlayer
v,Bell Telephone Company Building (Philadelphia),Mx4rvVj7KJwpEbGdrcN5Y29ycA,Building
v,Mujama al-Islamiya,Mx4rvVjVT5wpEbGdrcN5Y29ycA,Organization
v,Łukasz Pielorz,Mx4rvVkDmZwpEbGdrcN5Y29ycA,SoccerPlayer
v,Hugo Lindgren,Mx4rvViAkpwpEbGdrcN5Y29ycA,Person
v,A Sure Thing,Mx4rwLmi3JwpEbGdrcN5Y29ycA,Album-CW
v,Taghkanic Creek,Mx4rvVkHM5wpEbGdrcN5Y29ycA,River
v,Jewels 11th Ring,Mx4rvZTe2JwpEbGdrcN5Y29ycA,GameEvent
v,Donald Novis,Mx4rvVjaHZwpEbGdrcN5Y29ycA,Actor
v,The Infinites,Mx4rvViI6ZwpEbGdrcN5Y29ycA,ShortStory
v,Fielding Reginald West,Mx4rvViAkpwpEbGdrcN5Y29ycA,Person
v,Yılmaz Onay,Mx4rvVj7rpwpEbGdrcN5Y29ycA,Writer
v,I Could Have Been a Sailor,Mx4rwLmi3JwpEbGdrcN5Y29ycA,Album-CW
v,Fred Blank,Mx4rvVkI5ZwpEbGdrcN5Y29ycA,BaseballPlayer
v,Christopher Lincoln,Mx4rvViAkpwpEbGdrcN5Y29ycA,Person
v,William James Scott,Mx4rvViAkpwpEbGdrcN5Y29ycA,Person
v,Noida International University,Mx4rvnDzV5wpEbGdrcN5Y29ycA,DegreeGrantingHigherEducationInstitution
v,The Expert (album),Mx4rwLmi3JwpEbGdrcN5Y29ycA,Album-CW
i,Esporte Clube Barroso,Mx4rvVig-pwpEbGdrcN5Y29ycA,HandTool
v,Sandra L. Pack,Mx4rvViAkpwpEbGdrcN5Y29ycA,Person
v,Sharad Gogate,Mx4rvVj7rpwpEbGdrcN5Y29ycA,Writer
v,Harold Rosen (businessman),Mx4rvViAkpwpEbGdrcN5Y29ycA,Person
i,J. Otto Schweizer,Mx4rvrr-aZwpEbGdrcN5Y29ycA,Ambassador
v,Birgit Nordin,Mx4rvViAkpwpEbGdrcN5Y29ycA,Person
v,Mike Hintz,Mx4rvVi--5wpEbGdrcN5Y29ycA,Athlete
v,Albert Sale,Mx4rvVjrTpwpEbGdrcN5Y29ycA,Soldier
i,Vasco Esporte Clube,Mx4rvVig-pwpEbGdrcN5Y29ycA,HandTool
v,Fallout (novel),Mx4rvViJb5wpEbGdrcN5Y29ycA,Novel-CW
v,Daichi Fukushima,Mx4rvVkDmZwpEbGdrcN5Y29ycA,SoccerPlayer
v,Banglavil Outha,Mx4rv973YpwpEbGdrcN5Y29ycA,Movie-CW
v,Roy Wright (baseball),Mx4rvVi--5wpEbGdrcN5Y29ycA,Athlete
i,Rio Branco de Andradas Futebol Clube,Mx4rvVig-pwpEbGdrcN5Y29ycA,HandTool
v,Lloyd George Knew My Father (play),Mx4rvViIrpwpEbGdrcN5Y29ycA,PlayScript
v,Braeden Moskowy,Mx4rvViknpwpEbGdrcN5Y29ycA,SocialBeing
v,Loren Bain,Mx4rvVi--5wpEbGdrcN5Y29ycA,Athlete
v,"United States Senate election in Nevada, 1964",Mx4rwQrmEZwpEbGdrcN5Y29ycA,Election
v,Stefan Gössling,Mx4rvViAkpwpEbGdrcN5Y29ycA,Person
v,Pierre Lorange,Mx4rvViAkpwpEbGdrcN5Y29ycA,Person
v,Australia national roller hockey team,Mx4rvViwbJwpEbGdrcN5Y29ycA,SportsTeam
v,Ernest Race,Mx4rvVjhw5wpEbGdrcN5Y29ycA,Designer
i,Dreamz Unlimited,Mx4rvVjx75wpEbGdrcN5Y29ycA,MilitaryOrganization
v,Vlasta Depetrisová,Mx4rvVi--5wpEbGdrcN5Y29ycA,Athlete
i,TÅGAB,Mx4rvVjx75wpEbGdrcN5Y29ycA,MilitaryOrganization
v,Bill Hockin,Mx4rvViAkpwpEbGdrcN5Y29ycA,Person
v,Murray Feingold,Mx4rvViAkpwpEbGdrcN5Y29ycA,Person
v,"Love, Elections & Chocolate",Mx4rvj_X65wpEbGdrcN5Y29ycA,TVSeriesProduct
u,HMS Fiona,Mx4rvVirIJwpEbGdrcN5Y29ycA,Ship
v,The Shadow of the Desert,Mx4rv973YpwpEbGdrcN5Y29ycA,Movie-CW
v,Michéal Castaldo,Mx4rvViAkpwpEbGdrcN5Y29ycA,Person
v,Bernabé Rivera (footballer),Mx4rvVi--5wpEbGdrcN5Y29ycA,Athlete
v,Heaven Is a Playground,Mx4rvVjmq5wpEbGdrcN5Y29ycA,Book-CW
v,European Institute of Purchasing Management,Mx4rvVjp6ZwpEbGdrcN5Y29ycA,BusinessSchool
v,"St Peter's Church, Ashton-under-Lyne",Mx4rvVj7KJwpEbGdrcN5Y29ycA,Building
v,Where the West Begins (1938 film),Mx4rv973YpwpEbGdrcN5Y29ycA,Movie-CW
v,Hainbach (Usa),Mx4rvVkHM5wpEbGdrcN5Y29ycA,River
v,Glen Tapia,Mx4rvViAkpwpEbGdrcN5Y29ycA,Person
v,Aravind Enrique Adyanthaya,Mx4rvViAkpwpEbGdrcN5Y29ycA,Person
v,Sarina Russo,Mx4rvViAkpwpEbGdrcN5Y29ycA,Person
i,(91606) 1999 TE20,Mx4rvVjB1JwpEbGdrcN5Y29ycA,Asteroid
v,Johnny Meador,Mx4rvVi--5wpEbGdrcN5Y29ycA,Athlete
v,Robbie Ventura,Mx4rvViAkpwpEbGdrcN5Y29ycA,Person
v,Sergio Peña Clos,Mx4rvViAkpwpEbGdrcN5Y29ycA,Person
v,George Cortez,Mx4rvViAkpwpEbGdrcN5Y29ycA,Person
v,Luc Benoist,Mx4rvVj7rpwpEbGdrcN5Y29ycA,Writer
v,San Pitch Mountains,Mx4rvVjlL5wpEbGdrcN5Y29ycA,MountainRange
v,Mikalay Autukhovich,Mx8Ngh4rvVipPJwpEbGdrcN5Y29ycB4rwRwbWpwpEbGdrcN5Y29ycA,"[:FrequentPerformerFn, :Activism]"
v,Harry Jacks,Mx4rvVidtpwpEbGdrcN5Y29ycA,AcademicProfessional
v,Hamidan Mohammed,Mx4rvVkDmZwpEbGdrcN5Y29ycA,SoccerPlayer
v,"Mount Sinai Temple (Sioux City, Iowa)",Mx4rvVj7KJwpEbGdrcN5Y29ycA,Building
v,Rita Méry,Mx4rvViAkpwpEbGdrcN5Y29ycA,Person
v,Claudio Jopia,Mx4rvVkDmZwpEbGdrcN5Y29ycA,SoccerPlayer
i,National Veteran's Committee,Mx4rvViAkpwpEbGdrcN5Y29ycA,Person
v,Istra River (Romsdal),Mx4rvVkHM5wpEbGdrcN5Y29ycA,River
v,Vakkom Bharathan,Mx4rvVjLMJwpEbGdrcN5Y29ycA,Lawyer
v,Joaquín Ballivián,Mx4rvViAkpwpEbGdrcN5Y29ycA,Person
v,Evans Data Corporation,Mx4rvVjQNpwpEbGdrcN5Y29ycA,Business
v,Kanowit language,Mx4rvVj0iZwpEbGdrcN5Y29ycA,Language
v,Richard A. Waterfield,Mx4rvViAkpwpEbGdrcN5Y29ycA,Person
v,Anton Ostrovsky,Mx4rvVjaHZwpEbGdrcN5Y29ycA,Actor
v,"Jewell Valley, Virginia",Mx4rvuXm9JwpEbGdrcN5Y29ycA,Town
v,Society for Public Health Education,Mx4rvVjVT5wpEbGdrcN5Y29ycA,Organization
i,"Trinity Episcopal Cathedral (San Jose, California)",Mx4rwO2abpwpEbGdrcN5Y29ycA,Tunnel
v,Rambantu,Mx4rv973YpwpEbGdrcN5Y29ycA,Movie-CW
v,Sebastián Fernández (footballer born 1989),Mx4rvVi--5wpEbGdrcN5Y29ycA,Athlete
v,Georges Marion,Mx4rvViAkpwpEbGdrcN5Y29ycA,Person
v,IBSA World Championships and Games,Mx4rvZTe2JwpEbGdrcN5Y29ycA,GameEvent
v,Xie Pengfei,Mx4rvViAkpwpEbGdrcN5Y29ycA,Person
v,Anthony Restwold,Mx4rvViAkpwpEbGdrcN5Y29ycA,Person
u,Athletics at the 2004 Summer Paralympics – Women's javelin throw F42–46,Mx4rvVi--5wpEbGdrcN5Y29ycA,Athlete
v,Nikitas (Lulias),Mx4rvViAkpwpEbGdrcN5Y29ycA,Person
v,L.A. Paul,Mx4rvVidtpwpEbGdrcN5Y29ycA,AcademicProfessional
v,Cycling at the Universiade,Mx4rvZTe2JwpEbGdrcN5Y29ycA,GameEvent
i,Alena Yiv,Mx4rvV79tpwpEbGdrcN5Y29ycA,DirectorOfOrganization
v,Fráter–Seebach alkylation,Mx4rvVibyJwpEbGdrcN5Y29ycA,ChemicalReaction
v,Walter Günther,Mx4rvVkDmZwpEbGdrcN5Y29ycA,SoccerPlayer
u,Swimming at the 2002 Asian Games – Men's 400 metre freestyle,Mx4rvVi--5wpEbGdrcN5Y29ycA,Athlete
v,Joshua Titima,Mx4rvVi--5wpEbGdrcN5Y29ycA,Athlete
v,Lapierre Bikes,Mx4rvVjvI5wpEbGdrcN5Y29ycA,ManufacturingOrganization
i,2013 NACRA Rugby Championship,Mx4rvViwbJwpEbGdrcN5Y29ycA,SportsTeam
v,The Walls of Freedom,Mx4rv973YpwpEbGdrcN5Y29ycA,Movie-CW
v,Văn Phụng,Mx4rvViAkpwpEbGdrcN5Y29ycA,Person
v,John Wilkinson (guitarist),Mx8Ngh4rvW-_IZwpEbGdrcN5Y29ycB4rwQrsppwpEbGdrcN5Y29ycA,"[:PlayerOfInstrumentFn, :Guitar]"
v,Talebi (surname),Mx4rv2Wq-ZwpEbGdrcN5Y29ycA,HumanSurname
v,Guðrið Hansdóttir,Mx8Ngh4rvW-_IZwpEbGdrcN5Y29ycB4rwQrsppwpEbGdrcN5Y29ycA,"[:PlayerOfInstrumentFn, :Guitar]"
v,The Big Gun,Mx4rIp032uHpEdmAAAACs0uFOQ,VerticalProtrusion-Topographical
v,Joanna Troikowicz,Mx4rvViAkpwpEbGdrcN5Y29ycA,Person
v,Albert Magnoli,Mx4rvViAkpwpEbGdrcN5Y29ycA,Person
i,Roger Richebé,Mx4rvV79tpwpEbGdrcN5Y29ycA,DirectorOfOrganization
v,Urban coyote,Mx4r5lNPkMLgQdeAzr878CoUZw,NonHumanAnimal
v,Gaeltacht Iorrais agus Acaill,Mx4rrPJDpCTfQdeS8IqP1a0lBw,PopulatedPlace
v,John Guthrie (cricketer),Mx4r7vjP4RuaEd2f4ADggVfexA,Cricketer
v,Joe Jackson (basketball),Mx4rvViAkpwpEbGdrcN5Y29ycA,Person
v,No Commercial Potential,Mx4rwLmi3JwpEbGdrcN5Y29ycA,Album-CW
i,Pasta Zara-Cogeas,Mx4rwOI75pwpEbGdrcN5Y29ycA,Tournament
v,Chornousov Ivan Yakovych,Mx4rvViAkpwpEbGdrcN5Y29ycA,Person
u,Werner Knab,Mx4rvVjgBJwpEbGdrcN5Y29ycA,LawEnforcementOfficer
v,Jerry DeWitt,Mx8Ngh4rvVipPJwpEbGdrcN5Y29ycB4rwRwbWpwpEbGdrcN5Y29ycA,"[:FrequentPerformerFn, :Activism]"
v,Kim Jong-Ho,Mx4rvViAkpwpEbGdrcN5Y29ycA,Person
v,Jack Keller (athlete),Mx4rvVi--5wpEbGdrcN5Y29ycA,Athlete
v,Danny van Poppel,Mx4rvViAkpwpEbGdrcN5Y29ycA,Person
v,Hirata (surname),Mx4rv2Wq-ZwpEbGdrcN5Y29ycA,HumanSurname
v,German Resource Center for Genome Research,Mx4rvViNhJwpEbGdrcN5Y29ycA,ResearchOrganization
v,Jonah Sachs,Mx4rvViAkpwpEbGdrcN5Y29ycA,Person
v,Wolfpack EP,Mx4rwLmi3JwpEbGdrcN5Y29ycA,Album-CW
v,Leopold Augustus Leo,Mx4rvViJ15wpEbGdrcN5Y29ycA,Ophthalmologist
u,Taliban five,Mx4rvj5o8ZwpEbGdrcN5Y29ycA,Prisoner-Legal
i,Moses Powell,Mx4rwMcZI5wpEbGdrcN5Y29ycA,Artist
v,Mynydd William Meyrick,Mx4rIp032uHpEdmAAAACs0uFOQ,VerticalProtrusion-Topographical
v,Catalino Duarte Ortuño,Mx4rvVjntpwpEbGdrcN5Y29ycA,Politician
i,TheOfficialBoard,Mx4rvVjQNpwpEbGdrcN5Y29ycA,Business
v,Miriam Bjørnsrud,Mx4rvViAkpwpEbGdrcN5Y29ycA,Person
