i,Convention on Fishing and Conservation of the Living Resources of the High Seas,Mx4rvVjVT5wpEbGdrcN5Y29ycA,Organization
v,Dylan Thomas,Mx4rvViAkpwpEbGdrcN5Y29ycA,Person
i,Saul Bellow,Mx4rvgEZGJwpEbGdrcN5Y29ycA,Band-MusicGroup
v,Metin Kaçan,Mx4rvViAkpwpEbGdrcN5Y29ycA,Person
v,Kebriones,Mx4rvViAkpwpEbGdrcN5Y29ycA,Person
v,Mark Z. Danielewski,Mx4rvVj7rpwpEbGdrcN5Y29ycA,Writer
v,William James,Mx4rvViAkpwpEbGdrcN5Y29ycA,Person
i,"Grubbs, Arkansas",Mx4rv33BppwpEbGdrcN5Y29ycA,Village
v,"Wahpeton, Iowa",Mx4rvVjnZ5wpEbGdrcN5Y29ycA,City
v,"Louisburg, Kansas",Mx4rvVjnZ5wpEbGdrcN5Y29ycA,City
v,"Chester Township, Eaton County, Michigan",Mx4rvuXm9JwpEbGdrcN5Y29ycA,Town
v,"Stewartville, Minnesota",Mx4rvVjnZ5wpEbGdrcN5Y29ycA,City
v,"Clarkson, Nebraska",Mx4rvVjnZ5wpEbGdrcN5Y29ycA,City
i,"High Bridge, New Jersey",Mx4rvVjnZ5wpEbGdrcN5Y29ycA,City
v,"North Miami, Oklahoma",Mx4rvuXm9JwpEbGdrcN5Y29ycA,Town
v,"London Britain Township, Chester County, Pennsylvania",Mx4rvVjnZ5wpEbGdrcN5Y29ycA,City
v,"Union Township, Tioga County, Pennsylvania",Mx4rvuXm9JwpEbGdrcN5Y29ycA,Town
v,"Scituate, Rhode Island",Mx4rvuXm9JwpEbGdrcN5Y29ycA,Town
v,"Castle Rock, Wisconsin",Mx4rvuXm9JwpEbGdrcN5Y29ycA,Town
v,Messiah (Handel),Mx4rwUwN3ZwpEbGdrcN5Y29ycA,MusicalComposition
v,"Mette-Marit, Crown Princess of Norway",Mx4rvViAkpwpEbGdrcN5Y29ycA,Person
i,"Nieuwpoort, Belgium",Mx4rv33BppwpEbGdrcN5Y29ycA,Village
v,Eliot Ness,Mx4rvViAkpwpEbGdrcN5Y29ycA,Person
v,George Girard,Mx4rvViAkpwpEbGdrcN5Y29ycA,Person
i,Cesare Lombroso,Mx4rvVj7rpwpEbGdrcN5Y29ycA,Writer
v,Nancy Wake,Mx4rvViAkpwpEbGdrcN5Y29ycA,Person
v,Robert Charles Wilson,Mx4rvViAkpwpEbGdrcN5Y29ycA,Person
i,"Coamo, Puerto Rico",Mx4rv33BppwpEbGdrcN5Y29ycA,Village
v,I'm a Little Teapot,Mx4rv6i4pJwpEbGdrcN5Y29ycA,SingleRecording-CW
v,Tapovan Maharaj,Mx4rvVj7rpwpEbGdrcN5Y29ycA,Writer
v,William Chillingworth,Mx4rvVj7rpwpEbGdrcN5Y29ycA,Writer
v,Darby Crash,Mx4rvVjqXpwpEbGdrcN5Y29ycA,MusicalPerformer
v,The Emperor's New Groove,Mx4rv973YpwpEbGdrcN5Y29ycA,Movie-CW
v,Balbina Steffenone,Mx4rvViAkpwpEbGdrcN5Y29ycA,Person
i,Castle Point,Mx4rvVjnZ5wpEbGdrcN5Y29ycA,City
i,Province of Ragusa,Mx4rv33BppwpEbGdrcN5Y29ycA,Village
i,List of cities in the Marshall Islands,Mx4rv33BppwpEbGdrcN5Y29ycA,Village
v,Thutmose II,Mx4rvViAkpwpEbGdrcN5Y29ycA,Person
v,Dimitrie Brătianu,Mx4rvViAkpwpEbGdrcN5Y29ycA,Person
i,"Americana, São Paulo",Mx4rvVjnZ5wpEbGdrcN5Y29ycA,City
v,Harry Brecheen,Mx4rvVkI5ZwpEbGdrcN5Y29ycA,BaseballPlayer
v,William Carstares,Mx4rvViAkpwpEbGdrcN5Y29ycA,Person
v,3784 Chopin,Mx4rvVjB1JwpEbGdrcN5Y29ycA,Asteroid
v,Bülent Ecevit,Mx4rvViAkpwpEbGdrcN5Y29ycA,Person
v,NZ Native Forests Restoration Trust,Mx4rvVjVT5wpEbGdrcN5Y29ycA,Organization
v,Terry Wynn,Mx4rwQryspwpEbGdrcN5Y29ycA,PublicOfficial
v,Anatoly Artsebarsky,Mx4rvViAkpwpEbGdrcN5Y29ycA,Person
v,Sredni Vashtar,Mx4rvXg6i5wpEbGdrcN5Y29ycA,MediaProduct
v,Graeme Souness,Mx4rvVi--5wpEbGdrcN5Y29ycA,Athlete
i,Dancing at Lughnasa,Mx4rvnewlpwpEbGdrcN5Y29ycA,TVShow-CW
v,Watership Down (film),Mx4rv973YpwpEbGdrcN5Y29ycA,Movie-CW
v,Lars Olav Karlsen,Mx4rvVjjEJwpEbGdrcN5Y29ycA,Artist-Performer
v,Harvard Divinity School,Mx4r3np2ODTxEdqAAAAH6RYvSQ,School-AcademicOrganization
v,Lidiya Ginzburg,Mx4rvVj7rpwpEbGdrcN5Y29ycA,Writer
v,Lilium humboldtii,Mx4rvVjG4ZwpEbGdrcN5Y29ycA,Plant
i,Joan of Arc (1948 film),Mx4rv0F5opwpEbGdrcN5Y29ycA,Play-CW
v,Norman Yardley,Mx4rvVi--5wpEbGdrcN5Y29ycA,Athlete
v,Symphony No. 7 (Dvořák),Mx4rvtPYApwpEbGdrcN5Y29ycA,MusicalComposition-Classical
v,Milan Biševac,Mx4rvVkDmZwpEbGdrcN5Y29ycA,SoccerPlayer
v,New York University School of Law,Mx4r3np2ODTxEdqAAAAH6RYvSQ,School-AcademicOrganization
v,Picea breweriana,Mx4rvVjG4ZwpEbGdrcN5Y29ycA,Plant
v,Communist Organization of Angola,Mx4rvVjVT5wpEbGdrcN5Y29ycA,Organization
v,Dave Kitson,Mx4rvVj7uZwpEbGdrcN5Y29ycA,GeneralManager-SportsTeam
v,Simon Abadie,Mx4rvViAkpwpEbGdrcN5Y29ycA,Person
i,List of William Shakespeare screen adaptations,Mx4rv0F5opwpEbGdrcN5Y29ycA,Play-CW
v,Kasi Lemmons,Mx4rvVj7rpwpEbGdrcN5Y29ycA,Writer
v,James Hope (Royal Navy officer),Mx4rvVjvBZwpEbGdrcN5Y29ycA,MilitaryPerson
v,Ursula Stenzel,Mx4rvViAkpwpEbGdrcN5Y29ycA,Person
i,Lord Lieutenant of Anglesey,Mx4rvViAkpwpEbGdrcN5Y29ycA,Person
v,Fort Portal,Mx4rvVjnZ5wpEbGdrcN5Y29ycA,City
v,Left Communist Youth League,Mx4rvVj82pwpEbGdrcN5Y29ycA,PoliticalParty
v,1632 series,Mx4rDaiDwshOQdeAx-NM2hTSHA,PublishedConceptualWork
v,"Peter Manfredo, Jr.",Mx4rvVi--5wpEbGdrcN5Y29ycA,Athlete
v,Frankie Darro,Mx4rvViAkpwpEbGdrcN5Y29ycA,Person
v,Kofi Abrefa Busia,Mx4rvViAkpwpEbGdrcN5Y29ycA,Person
v,Addlestone railway station,Mx4rvYOiA5wpEbGdrcN5Y29ycA,Terminal-TransferPoint
v,Francisco Moreno,Mx4rvViAkpwpEbGdrcN5Y29ycA,Person
v,Hey Hey What Can I Do,Mx4rv6i4pJwpEbGdrcN5Y29ycA,SingleRecording-CW
v,Berhtwald,Mx4rwQCWO5wpEbGdrcN5Y29ycA,Saint
v,Chicago: City on the Make,Mx4rvVjmq5wpEbGdrcN5Y29ycA,Book-CW
v,Józef Stefan Godlewski,Mx4rvViAkpwpEbGdrcN5Y29ycA,Person
v,Michał Kalecki,Mx4rvViAkpwpEbGdrcN5Y29ycA,Person
i,Rangamati,Mx4rv33BppwpEbGdrcN5Y29ycA,Village
v,Margaret Forrest,Mx4rvViAkpwpEbGdrcN5Y29ycA,Person
v,Charles L. Harness,Mx4rvVj7rpwpEbGdrcN5Y29ycA,Writer
v,Jean Passerat,Mx4rvViAkpwpEbGdrcN5Y29ycA,Person
i,"San Fernando, Morazán",Mx4rv33BppwpEbGdrcN5Y29ycA,Village
v,Tracy Harris,Mx4rvViAkpwpEbGdrcN5Y29ycA,Person
v,Trevor Wye,Mx4rvViAkpwpEbGdrcN5Y29ycA,Person
v,Oluwasegun Abiodun,Mx4rvVj7uZwpEbGdrcN5Y29ycA,GeneralManager-SportsTeam
v,Emily Mae Young,Mx4rvViAkpwpEbGdrcN5Y29ycA,Person
v,Rodney Linderman,Mx4rvViAkpwpEbGdrcN5Y29ycA,Person
v,Kwik Kian Gie,Mx4rvViAkpwpEbGdrcN5Y29ycA,Person
v,Marcin Baran,Mx4rvViAkpwpEbGdrcN5Y29ycA,Person
i,The Awakening (sculpture),Mx4rvVj7KJwpEbGdrcN5Y29ycA,Building
i,Baramita,Mx4rv33BppwpEbGdrcN5Y29ycA,Village
i,Off-Ramp,Mx4rvXg6i5wpEbGdrcN5Y29ycA,MediaProduct
v,Darcy Rose Byrnes,Mx4rvViAkpwpEbGdrcN5Y29ycA,Person
u,Geoff Strong,Mx4rvVj7uZwpEbGdrcN5Y29ycA,GeneralManager-SportsTeam
v,David Nobbs,Mx4rvViAkpwpEbGdrcN5Y29ycA,Person
v,Edward Jones Investments,Mx4rvVjQNpwpEbGdrcN5Y29ycA,Business
v,Darryl Brohman,Mx4rvVi--5wpEbGdrcN5Y29ycA,Athlete
v,J. R. Bourne,Mx4rvVjjEJwpEbGdrcN5Y29ycA,Artist-Performer
v,Thomas Tsugi,Mx4rvViAkpwpEbGdrcN5Y29ycA,Person
i,El Busto,Mx4rv33BppwpEbGdrcN5Y29ycA,Village
v,Jacob Gerritsz. Cuyp,Mx4rvViAkpwpEbGdrcN5Y29ycA,Person
v,Garrett L. Withers,Mx4rwQryspwpEbGdrcN5Y29ycA,PublicOfficial
v,Dariusz Dziekanowski,Mx4rvVi--5wpEbGdrcN5Y29ycA,Athlete
v,Bernardo Leighton,Mx4rwQryspwpEbGdrcN5Y29ycA,PublicOfficial
v,Assemblies of God Theological Seminary,Mx4r3np2ODTxEdqAAAAH6RYvSQ,School-AcademicOrganization
v,Harry Tracy,Mx4rvViAkpwpEbGdrcN5Y29ycA,Person
v,Franklin Street (IRT Broadway – Seventh Avenue Line),Mx4rvYOiA5wpEbGdrcN5Y29ycA,Terminal-TransferPoint
v,Richard Osterlind,Mx4rvViAkpwpEbGdrcN5Y29ycA,Person
v,Leonti Mroveli,Mx4rvViAkpwpEbGdrcN5Y29ycA,Person
v,Vilém Blodek,Mx4rvVjqXpwpEbGdrcN5Y29ycA,MusicalPerformer
v,George W. Jenkins,Mx4rvViAkpwpEbGdrcN5Y29ycA,Person
v,Portuguese Maximalist Federation,Mx4rvVjVT5wpEbGdrcN5Y29ycA,Organization
v,Terry Schoonover,Mx4rvViAkpwpEbGdrcN5Y29ycA,Person
v,Mogollon Mountains,Mx4rvVjOh5wpEbGdrcN5Y29ycA,LandTopographicalFeature
v,Frank Doubleday (actor),Mx4rvVjjEJwpEbGdrcN5Y29ycA,Artist-Performer
i,Les Tavernes,Mx4rv33BppwpEbGdrcN5Y29ycA,Village
v,L. Harry Waidner,Mx4rvVj5IZwpEbGdrcN5Y29ycA,TennisPlayer
v,Saitō Toshimitsu,Mx4rvViAkpwpEbGdrcN5Y29ycA,Person
v,Euryclides de Jesus Zerbini,Mx4rvViAkpwpEbGdrcN5Y29ycA,Person
v,Dee Nasty,Mx4rvViAkpwpEbGdrcN5Y29ycA,Person
v,Henry Stanley Plummer,Mx4rvViAkpwpEbGdrcN5Y29ycA,Person
i,Garango,Mx4rv33BppwpEbGdrcN5Y29ycA,Village
v,Nikos Kostakis,Mx4rvVkDmZwpEbGdrcN5Y29ycA,SoccerPlayer
v,Luke Kirby (priest),Mx4rwQCWO5wpEbGdrcN5Y29ycA,Saint
v,Lambert of Ardres,Mx4rvVj7rpwpEbGdrcN5Y29ycA,Writer
v,Christa McAuliffe Space Education Center,Mx4rvVjVT5wpEbGdrcN5Y29ycA,Organization
i,Gil Carlos Rodríguez Iglesias,Mx4rvVjvBZwpEbGdrcN5Y29ycA,MilitaryPerson
v,Jazz Interactions,Mx4rvVjVT5wpEbGdrcN5Y29ycA,Organization
v,"Holidays with Pay (Sea) Convention, 1936",Mx4rvVjVT5wpEbGdrcN5Y29ycA,Organization
v,Lee Jones (author),Mx4rvViAkpwpEbGdrcN5Y29ycA,Person
v,Ashley Callus,Mx4rvVi--5wpEbGdrcN5Y29ycA,Athlete
i,Pier Pressure (Arrested Development),Mx4rv6PpTpwpEbGdrcN5Y29ycA,TVShow-SingleCW
v,Kerry Max Cook,Mx4rvViAkpwpEbGdrcN5Y29ycA,Person
v,Elmore Y. Sarles,Mx4rvViAkpwpEbGdrcN5Y29ycA,Person
v,John Wallace (basketball),Mx4rvVjzH5wpEbGdrcN5Y29ycA,BasketballPlayer
v,Graham Smith (Canadian swimmer),Mx4rvVit8ZwpEbGdrcN5Y29ycA,Swimmer
v,"Henry Corby, Jr.",Mx4r1PJrHNViQdaf4KqKrwDfPQ,ElectedOfficial
v,Svensson,Mx4rv2Wq-ZwpEbGdrcN5Y29ycA,HumanSurname
v,Irma Flaquer,Mx4rvViAkpwpEbGdrcN5Y29ycA,Person
v,James Grier Miller,Mx4rvViAkpwpEbGdrcN5Y29ycA,Person
v,Edison Preparatory School,Mx4r3np2ODTxEdqAAAAH6RYvSQ,School-AcademicOrganization
v,Gregorio Morales,Mx4rvVj7rpwpEbGdrcN5Y29ycA,Writer
v,Brandão (footballer born 1980),Mx4rvVi--5wpEbGdrcN5Y29ycA,Athlete
v,Melinda M. Snodgrass,Mx4rvViAkpwpEbGdrcN5Y29ycA,Person
v,Standard Tibetan,Mx4rvVj0iZwpEbGdrcN5Y29ycA,Language
v,Nathan Lovett-Murray,Mx4rWqQz26Q3T4SXOePQJ9KeKw,FootballPlayer-Australian
v,GameNOW,Mx8Ngh4rvc4rXZwpEbGdrcN5Y29ycB4rwIgEYZwpEbGdrcN5Y29ycA,"[:HardcopyOfInformationTypeFn, :MagazineIssue]"
v,Jacques Servin,Mx4rvViAkpwpEbGdrcN5Y29ycA,Person
v,Tom Brands,Mx4rvVi--5wpEbGdrcN5Y29ycA,Athlete
v,Luís da Silva Mouzinho de Albuquerque,Mx4rvVjvBZwpEbGdrcN5Y29ycA,MilitaryPerson
i,Porto Tolle,Mx4rv33BppwpEbGdrcN5Y29ycA,Village
v,Craig Perret,Mx4rvVi--5wpEbGdrcN5Y29ycA,Athlete
i,List of Iranian musicians,Mx4rvVjqXpwpEbGdrcN5Y29ycA,MusicalPerformer
v,Men of Crisis: The Harvey Wallinger Story,Mx4rv973YpwpEbGdrcN5Y29ycA,Movie-CW
v,Joel Corey,Mx4rWqQz26Q3T4SXOePQJ9KeKw,FootballPlayer-Australian
v,Joseph R. Inge,Mx4rvVjvBZwpEbGdrcN5Y29ycA,MilitaryPerson
i,Dömitz,Mx4rv33BppwpEbGdrcN5Y29ycA,Village
v,Ben Brown (journalist),Mx4rvViAkpwpEbGdrcN5Y29ycA,Person
v,Louis Nathaniel de Rothschild,Mx4rvViAkpwpEbGdrcN5Y29ycA,Person
v,Stags and Hens,Mx4rv0F5opwpEbGdrcN5Y29ycA,Play-CW
v,León Fidel Ojeda,Mx4r1PJrHNViQdaf4KqKrwDfPQ,ElectedOfficial
i,"Atri, Abruzzo",Mx4rv33BppwpEbGdrcN5Y29ycA,Village
v,Gary Hallberg,Mx4rvVi--5wpEbGdrcN5Y29ycA,Athlete
v,Helene Moszkiewiez,Mx4rvViAkpwpEbGdrcN5Y29ycA,Person
v,Liverpool City (rugby league),Mx4rvViwbJwpEbGdrcN5Y29ycA,SportsTeam
i,Sant'Angelo di Piove di Sacco,Mx4rv33BppwpEbGdrcN5Y29ycA,Village
v,Oswaldo Navarro,Mx4rvVi--5wpEbGdrcN5Y29ycA,Athlete
v,"Niigata, Niigata",Mx4rvVjnZ5wpEbGdrcN5Y29ycA,City
i,Pasturo,Mx4rv33BppwpEbGdrcN5Y29ycA,Village
v,Sonnie Hale,Mx4rvViAkpwpEbGdrcN5Y29ycA,Person
v,Miwako Okuda,Mx4rvViAkpwpEbGdrcN5Y29ycA,Person
v,Baptist Mid-Missions,Mx4rvVjVT5wpEbGdrcN5Y29ycA,Organization
v,Edward Coke (politician),Mx4rwQryspwpEbGdrcN5Y29ycA,PublicOfficial
i,Edward Coke (politician),Mx4rwQryspwpEbGdrcN5Y29ycA,PublicOfficial
v,"Telecommunications for the Deaf, Inc.",Mx4rvVjVT5wpEbGdrcN5Y29ycA,Organization
v,Phalo kaTshiwo,Mx4rvViAkpwpEbGdrcN5Y29ycA,Person
v,Kyle Hogg,Mx4r7vjP4RuaEd2f4ADggVfexA,Cricketer
v,Grand (CTA Blue Line station),Mx4rvYOiA5wpEbGdrcN5Y29ycA,Terminal-TransferPoint
v,Endgame (Derrick Jensen books),Mx4rvVjmq5wpEbGdrcN5Y29ycA,Book-CW
v,Korea Tourism Organization,Mx4rvVjVT5wpEbGdrcN5Y29ycA,Organization
u,Alyssa Searrs,Mx4rwHKvgpwpEbGdrcN5Y29ycA,FictionalCharacter
v,Virginia Institute for Forensic Science and Medicine,Mx4rvVjVT5wpEbGdrcN5Y29ycA,Organization
v,Miguel Zacarías,Mx4rvViAkpwpEbGdrcN5Y29ycA,Person
u,Robotnik (1894–1939),Mx8Ngh4rvc4rXZwpEbGdrcN5Y29ycB4rwIgEYZwpEbGdrcN5Y29ycA,"[:HardcopyOfInformationTypeFn, :MagazineIssue]"
v,Rae Berger,Mx4rvViAkpwpEbGdrcN5Y29ycA,Person
v,Harukichi Hyakutake,Mx4rvVjvBZwpEbGdrcN5Y29ycA,MilitaryPerson
i,Gil Brandt,Mx4rvVi--5wpEbGdrcN5Y29ycA,Athlete
v,Adam Asnyk,Mx4rvViAkpwpEbGdrcN5Y29ycA,Person
v,München Trudering station,Mx4rvYOiA5wpEbGdrcN5Y29ycA,Terminal-TransferPoint
v,Antonio Juliano,Mx4rvVi--5wpEbGdrcN5Y29ycA,Athlete
v,Colacho Mendoza,Mx4rvViAkpwpEbGdrcN5Y29ycA,Person
v,Ernie Green,Mx4rvVjtBpwpEbGdrcN5Y29ycA,FootballPlayer-American
v,Kamihama Station,Mx4rvYOiA5wpEbGdrcN5Y29ycA,Terminal-TransferPoint
v,Fools for Love,Mx4rv6PpTpwpEbGdrcN5Y29ycA,TVShow-SingleCW
i,MÄR Omega,Mx4rv-znjZwpEbGdrcN5Y29ycA,Manga
v,Oita Miyoshi Weisse Adler,Mx4rvViwbJwpEbGdrcN5Y29ycA,SportsTeam
v,"Trans, Switzerland",Mx4rv33BppwpEbGdrcN5Y29ycA,Village
v,Mitsubishi HSR,Mx4rv9p3wpwpEbGdrcN5Y29ycA,DevisedPracticeOrWork
v,Pablo Correa,Mx4rvVi--5wpEbGdrcN5Y29ycA,Athlete
v,John Feikens,Mx4r1PJrHNViQdaf4KqKrwDfPQ,ElectedOfficial
v,West Potrillo Mountains,Mx4rvVjOh5wpEbGdrcN5Y29ycA,LandTopographicalFeature
v,Cluj-Napoca Romanian National Opera,Mx4rvVjVT5wpEbGdrcN5Y29ycA,Organization
v,Bronze Man (comics),Mx4rvXg6i5wpEbGdrcN5Y29ycA,MediaProduct
v,1988 United States motorcycle Grand Prix,Mx4rMZF1vrKQEd2AAAAhm0jtOQ,SportSeason
v,I-10 High Rise Bridge,Mx4rvgD1IZwpEbGdrcN5Y29ycA,Bridge
v,Raúl Aldana,Mx4rvViAkpwpEbGdrcN5Y29ycA,Person
v,Luxemburger Wort,Mx4rvVigHZwpEbGdrcN5Y29ycA,JournalSeries
v,Solomon Stanwood Menken,Mx4rvViAkpwpEbGdrcN5Y29ycA,Person
v,Alexey Spirin,Mx4rvVi--5wpEbGdrcN5Y29ycA,Athlete
i,Alexey Spirin,Mx4rvVi--5wpEbGdrcN5Y29ycA,Athlete
v,Semelaic languages,Mx4rvVj0iZwpEbGdrcN5Y29ycA,Language
v,Shinji Wada,Mx4rvViAkpwpEbGdrcN5Y29ycA,Person
v,Edith Holloway,Mx4rvVi--5wpEbGdrcN5Y29ycA,Athlete
i,Edith Holloway,Mx4rvVi--5wpEbGdrcN5Y29ycA,Athlete
v,Labor federation competition in the United States,Mx4rvWaAxJwpEbGdrcN5Y29ycA,TradeUnion
v,From the Misery of Don Joost,Mx4rvVjmq5wpEbGdrcN5Y29ycA,Book-CW
v,Simon Mayor,Mx4rvViAkpwpEbGdrcN5Y29ycA,Person
v,Alexander Imeretinsky,Mx4r1PJrHNViQdaf4KqKrwDfPQ,ElectedOfficial
v,"Sir Michael Biddulph, 2nd Baronet",Mx4rwQryspwpEbGdrcN5Y29ycA,PublicOfficial
v,Dafydd Llwyd ap Llywelyn ap Gruffudd (Dafydd Llwyd o Fathafarn),Mx4rvViAkpwpEbGdrcN5Y29ycA,Person
v,LaMark Carter,Mx4rvViAkpwpEbGdrcN5Y29ycA,Person
v,Ellsworth Kalas,Mx4rvViAkpwpEbGdrcN5Y29ycA,Person
v,Keezo Kane,Mx4rvVjqXpwpEbGdrcN5Y29ycA,MusicalPerformer
v,Tan Boon Heong,Mx4rR2B2TguxT1WmHq9ttU8e_w,BadmintonPlayer
v,Greg McMurtry,Mx4rvViAkpwpEbGdrcN5Y29ycA,Person
v,Chikurin-ji,Mx4rvVj7KJwpEbGdrcN5Y29ycA,Building
i,Oberreute,Mx4rv33BppwpEbGdrcN5Y29ycA,Village
v,Muhammadu Junaidu,Mx4rvViAkpwpEbGdrcN5Y29ycA,Person
v,Olaf Dufseth,Mx4rvViAkpwpEbGdrcN5Y29ycA,Person
i,List of Hayate the Combat Butler episodes,Mx4rv6PpTpwpEbGdrcN5Y29ycA,TVShow-SingleCW
v,Topi Sarparanta,Mx4rvViAkpwpEbGdrcN5Y29ycA,Person
v,Hsu Jen-feng,Mx4rvVkDmZwpEbGdrcN5Y29ycA,SoccerPlayer
v,Walter Brierley,Mx4rvViAkpwpEbGdrcN5Y29ycA,Person
v,Jerome Lagarrigue,Mx4rvViAkpwpEbGdrcN5Y29ycA,Person
v,Instituto Técnico Militar,Mx4r3np2ODTxEdqAAAAH6RYvSQ,School-AcademicOrganization
v,Brandon Jackson (American football),Mx4rvViAkpwpEbGdrcN5Y29ycA,Person
v,Orlando Early,Mx4rmy4ToLZbEd2AAAAhm0vLxw,CollegeCoach
v,"Lionel Sackville-West, 3rd Baron Sackville",Mx4rvViAkpwpEbGdrcN5Y29ycA,Person
v,XEWL-AM,Mx4rvVjvzZwpEbGdrcN5Y29ycA,RadioStation-Organization
i,Atajate,Mx4rv33BppwpEbGdrcN5Y29ycA,Village
v,Jules Pirard,Mx4rvViQHpwpEbGdrcN5Y29ycA,Gymnast
i,Cycling at the 2000 Summer Olympics – Women's cross-country,Mx4rvVi--5wpEbGdrcN5Y29ycA,Athlete
v,Nieuw-Vossemeer,Mx4rv33BppwpEbGdrcN5Y29ycA,Village
v,Clive Haywood,Mx4rvViAkpwpEbGdrcN5Y29ycA,Person
v,Lyudmila Bikmullina,Mx4rvVjjEJwpEbGdrcN5Y29ycA,Artist-Performer
v,Raja Azureen,Mx4rvViAkpwpEbGdrcN5Y29ycA,Person
v,Johann Theodor de Bry,Mx4rvViAkpwpEbGdrcN5Y29ycA,Person
v,Jonathan M. Rothberg,Mx4rwQryspwpEbGdrcN5Y29ycA,PublicOfficial
v,Peter Castro,Mx4rvViAkpwpEbGdrcN5Y29ycA,Person
v,Meir Taweig Synagogue,Mx4rvVj0S5wpEbGdrcN5Y29ycA,ReligiousBuilding
v,Joe Stynes,Mx4rvVi--5wpEbGdrcN5Y29ycA,Athlete
v,Hugh S. Hersman,Mx4rvViAkpwpEbGdrcN5Y29ycA,Person
v,John W. Rainey,Mx4rwQryspwpEbGdrcN5Y29ycA,PublicOfficial
v,Walter C. Newberry,Mx4rvViAkpwpEbGdrcN5Y29ycA,Person
v,Hugo Ayala,Mx4rvVkDmZwpEbGdrcN5Y29ycA,SoccerPlayer
v,Alex Bennett (footballer),Mx4rvViAkpwpEbGdrcN5Y29ycA,Person
v,Raymond Stevens (judoka),Mx4rvVi--5wpEbGdrcN5Y29ycA,Athlete
v,James G. Spencer,Mx4rwQryspwpEbGdrcN5Y29ycA,PublicOfficial
v,James M. Baker (mayor),Mx4r1PJrHNViQdaf4KqKrwDfPQ,ElectedOfficial
v,Hyo Kang,Mx4rvViAkpwpEbGdrcN5Y29ycA,Person
i,Afro-Punk (film),Mx4rvVjqXpwpEbGdrcN5Y29ycA,MusicalPerformer
v,Far Cry (Marvin Gaye song),Mx4rv6i4pJwpEbGdrcN5Y29ycA,SingleRecording-CW
v,Mikelis Avlichos,Mx4rvViAkpwpEbGdrcN5Y29ycA,Person
u,Korean Canadian,Mx4rvViAkpwpEbGdrcN5Y29ycA,Person
i,Mike Mathis,Mx4rvVi--5wpEbGdrcN5Y29ycA,Athlete
v,Betty Malmberg,Mx4r1PJrHNViQdaf4KqKrwDfPQ,ElectedOfficial
v,Bangladesh University,Mx4r3np2ODTxEdqAAAAH6RYvSQ,School-AcademicOrganization
v,John Orsi,Mx4rvViAkpwpEbGdrcN5Y29ycA,Person
v,Robert Garrigus,Mx4rvVi--5wpEbGdrcN5Y29ycA,Athlete
v,Gottipati Brahmaiah,Mx4rvVjvBZwpEbGdrcN5Y29ycA,MilitaryPerson
i,Tommy Thompson (footballer born 1928),Mx4rvVj7uZwpEbGdrcN5Y29ycA,GeneralManager-SportsTeam
i,The Mike Schneider Polka Band,Mx4rvViAkpwpEbGdrcN5Y29ycA,Person
i,La Cuba,Mx4rv33BppwpEbGdrcN5Y29ycA,Village
v,Pedro de Villegas Marmolejo,Mx4rvViAkpwpEbGdrcN5Y29ycA,Person
v,Vipperow,Mx4rv33BppwpEbGdrcN5Y29ycA,Village
i,Vipperow,Mx4rv33BppwpEbGdrcN5Y29ycA,Village
v,John Onaiyekan,Mx4rvViAkpwpEbGdrcN5Y29ycA,Person
v,Ernst Brandsten,Mx4rvVi--5wpEbGdrcN5Y29ycA,Athlete
i,Roger Moeremans d'Emaüs,Mx4rvVi-AJwpEbGdrcN5Y29ycA,Driver-TransportationProfessional
v,Paulina Beturia,Mx4rvViAkpwpEbGdrcN5Y29ycA,Person
v,Kellie Abrams,Mx4rvVjzH5wpEbGdrcN5Y29ycA,BasketballPlayer
v,Jacoba Stelma,Mx4rvViAkpwpEbGdrcN5Y29ycA,Person
i,"Goro, Mirab Shewa",Mx4rv33BppwpEbGdrcN5Y29ycA,Village
v,Roman Catholic Diocese of Parma,Mx4rwN8hS5wpEbGdrcN5Y29ycA,Bishop-Clerical
i,Brewster's Millions (1914 film),Mx4rv0F5opwpEbGdrcN5Y29ycA,Play-CW
v,James Bond (American football),Mx4rvVjvBZwpEbGdrcN5Y29ycA,MilitaryPerson
v,Andión Fernández,Mx4rvViAkpwpEbGdrcN5Y29ycA,Person
u,Christ of Havana,Mx4rvVj7KJwpEbGdrcN5Y29ycA,Building
v,Bill Grigsby,Mx4rvViAkpwpEbGdrcN5Y29ycA,Person
v,Gerald Davison,Mx4rvViAkpwpEbGdrcN5Y29ycA,Person
v,Valerijs Semjonovs,Mx4rvVkDmZwpEbGdrcN5Y29ycA,SoccerPlayer
v,C. M. Hazen,Mx4rvViAkpwpEbGdrcN5Y29ycA,Person
i,Jean-François-Joseph de Rochechouart,Mx4rvVjvBZwpEbGdrcN5Y29ycA,MilitaryPerson
v,Deborah Dingell,Mx4rvViAkpwpEbGdrcN5Y29ycA,Person
v,Ica von Lenkeffy,Mx4rvViAkpwpEbGdrcN5Y29ycA,Person
v,Clint Thomas,Mx4rvVi--5wpEbGdrcN5Y29ycA,Athlete
v,The Crohn's and Colitis Foundation of Canada,Mx4rvVjVT5wpEbGdrcN5Y29ycA,Organization
v,Willard Scissum,Mx4rvVi--5wpEbGdrcN5Y29ycA,Athlete
v,Per Ericson,Mx4rvViAkpwpEbGdrcN5Y29ycA,Person
v,Dilworth Building,Mx4rvVj7KJwpEbGdrcN5Y29ycA,Building
v,John Arlington González,Mx4rvViAkpwpEbGdrcN5Y29ycA,Person
v,Jorto language,Mx4rvVj0iZwpEbGdrcN5Y29ycA,Language
v,In the Sweet By-and-By,Mx4rv6i4pJwpEbGdrcN5Y29ycA,SingleRecording-CW
v,Daiichi Institute of Technology,Mx4r3np2ODTxEdqAAAAH6RYvSQ,School-AcademicOrganization
v,Filippo Calandrini,Mx4rvViAkpwpEbGdrcN5Y29ycA,Person
v,Josh Law,Mx4rvVkDmZwpEbGdrcN5Y29ycA,SoccerPlayer
v,André Hoffmann (politician),Mx4rwQryspwpEbGdrcN5Y29ycA,PublicOfficial
v,Simmers Peaks,Mx4rvVjODZwpEbGdrcN5Y29ycA,Mountain
v,Peter Worthington (cricketer),Mx4rvVi--5wpEbGdrcN5Y29ycA,Athlete
v,Takeley railway station,Mx4rvYOiA5wpEbGdrcN5Y29ycA,Terminal-TransferPoint
v,Laurence Caso,Mx4rvVj7rpwpEbGdrcN5Y29ycA,Writer
i,8273 Apatheia,Mx4rvVjRL5wpEbGdrcN5Y29ycA,Planet
i,15497 Lucca,Mx4rvVjRL5wpEbGdrcN5Y29ycA,Planet
v,Fusion Systems,Mx4rvVjQNpwpEbGdrcN5Y29ycA,Business
v,Yngve Ekstrand,Mx4rvVjvBZwpEbGdrcN5Y29ycA,MilitaryPerson
i,3930 Vasilev,Mx4rvVjRL5wpEbGdrcN5Y29ycA,Planet
v,Venmani Mahan Nambudiripad,Mx4rvViAkpwpEbGdrcN5Y29ycA,Person
v,Kingsway Business Park Metrolink station,Mx4rvYOiA5wpEbGdrcN5Y29ycA,Terminal-TransferPoint
v,Undercover (Gemma Hayes song),Mx4rv6i4pJwpEbGdrcN5Y29ycA,SingleRecording-CW
v,Bernart de la Barta,Mx4rvViAkpwpEbGdrcN5Y29ycA,Person
i,14594 Jindrašilhán,Mx4rvVjRL5wpEbGdrcN5Y29ycA,Planet
v,Luis Enrique Porozo,Mx4rvViAkpwpEbGdrcN5Y29ycA,Person
v,Federigo Argentieri,Mx4rvViAkpwpEbGdrcN5Y29ycA,Person
v,Asher Swissa,Mx4rvVjqXpwpEbGdrcN5Y29ycA,MusicalPerformer
v,Midorigaoka Station (Hyōgo),Mx4rvYOiA5wpEbGdrcN5Y29ycA,Terminal-TransferPoint
i,Homeless USA Cup,Mx4rvnewlpwpEbGdrcN5Y29ycA,TVShow-CW
v,Check Yourself,Mx4rv6i4pJwpEbGdrcN5Y29ycA,SingleRecording-CW
v,Kafr Rai,Mx4rbFoHaMb1EdmAAAACs6hRjg,AdministrativeDistrict
u,"Ootischenia, British Columbia",Mx4rv33BppwpEbGdrcN5Y29ycA,Village
v,Thomas David Petite,Mx4rvViAkpwpEbGdrcN5Y29ycA,Person
v,Gevorg Abajian,Mx4rvViAkpwpEbGdrcN5Y29ycA,Person
i,The Song of Songs (1933 film),Mx4rv0F5opwpEbGdrcN5Y29ycA,Play-CW
v,Florence Garvin,Mx4rvViAkpwpEbGdrcN5Y29ycA,Person
v,S. Alexander Hinckley House,Mx4rvVj7KJwpEbGdrcN5Y29ycA,Building
v,Michaël Guigou,Mx4rvVi--5wpEbGdrcN5Y29ycA,Athlete
v,John D. Faris,Mx4rvViAkpwpEbGdrcN5Y29ycA,Person
i,Athletics at the 2008 Summer Paralympics – Men's 400 metres T44,Mx4rvVi--5wpEbGdrcN5Y29ycA,Athlete
i,List of Dallas Cowboys first-round draft picks,Mx4rvVi--5wpEbGdrcN5Y29ycA,Athlete
i,Los Bellosos,Mx4rv33BppwpEbGdrcN5Y29ycA,Village
i,"Bienvenida, Badajoz",Mx4rv33BppwpEbGdrcN5Y29ycA,Village
v,ROAL Motorsport,Mx4rvViwbJwpEbGdrcN5Y29ycA,SportsTeam
v,Tuika Tuika,Mx4rvViAkpwpEbGdrcN5Y29ycA,Person
v,Michel Lafranceschina,Mx4rvVkDmZwpEbGdrcN5Y29ycA,SoccerPlayer
v,Olga Kozlova,Mx4rvViAkpwpEbGdrcN5Y29ycA,Person
v,Stephen Gamson,Mx4rvViAkpwpEbGdrcN5Y29ycA,Person
v,Vixaykone Vannachomchanh,Mx4rvViAkpwpEbGdrcN5Y29ycA,Person
v,Francesco Sacchetti,Mx4rvViAkpwpEbGdrcN5Y29ycA,Person
u,Tepecoacuilco de Trujano (municipality),Mx4rv33BppwpEbGdrcN5Y29ycA,Village
v,Michel René Barnes,Mx4rvViAkpwpEbGdrcN5Y29ycA,Person
v,Georg Volkert,Mx4rvVkDmZwpEbGdrcN5Y29ycA,SoccerPlayer
v,Rehoboth Railway Station,Mx4rvYOiA5wpEbGdrcN5Y29ycA,Terminal-TransferPoint
v,Hermes of Philippopolis,Mx4rwQCWO5wpEbGdrcN5Y29ycA,Saint
v,Roger Kenyon,Mx4rvVj7uZwpEbGdrcN5Y29ycA,GeneralManager-SportsTeam
v,Vidame de Chartres,Mx4rvViAkpwpEbGdrcN5Y29ycA,Person
v,Michel Lambert,Mx4rvViAkpwpEbGdrcN5Y29ycA,Person
v,Robert Mauzi,Mx4rvViAkpwpEbGdrcN5Y29ycA,Person
v,CKRI-FM,Mx4rvVjvzZwpEbGdrcN5Y29ycA,RadioStation-Organization
v,Diego Mazquiarán,Mx4rvViAkpwpEbGdrcN5Y29ycA,Person
v,Kurt Amplatz,Mx4rvViAkpwpEbGdrcN5Y29ycA,Person
v,Susan Hibbert,Mx4rvViAkpwpEbGdrcN5Y29ycA,Person
v,Fred R. Gowans,Mx4rvViAkpwpEbGdrcN5Y29ycA,Person
v,Guillaume Lamy,Mx4rvViAkpwpEbGdrcN5Y29ycA,Person
v,William Lloyd Standish,Mx4rvViAkpwpEbGdrcN5Y29ycA,Person
v,Thomas Jones (priest),Mx4rvVj7rpwpEbGdrcN5Y29ycA,Writer
v,Ludmilla Azova,Mx4rvViAkpwpEbGdrcN5Y29ycA,Person
i,William Holbech,Mx4rvViAkpwpEbGdrcN5Y29ycA,Person
v,Lisa Suhair Majaj,Mx4rvViAkpwpEbGdrcN5Y29ycA,Person
v,Emilio Lara,Mx4rvViAkpwpEbGdrcN5Y29ycA,Person
v,Celtic Media Festival,Mx4rNn51XLWUEd2AAAAhm0vLxw,FilmFestival
i,Pittsburgh & Steubenville Extension Railroad Tunnel,Mx4rvgD1IZwpEbGdrcN5Y29ycA,Bridge
v,Dan Glading,Mx4rvVi--5wpEbGdrcN5Y29ycA,Athlete
v,Yuri Borovskoy,Mx4rvVi--5wpEbGdrcN5Y29ycA,Athlete
v,Campbell County Courthouse (Georgia),Mx4rvVj7KJwpEbGdrcN5Y29ycA,Building
i,San Sebastián Tutla,Mx4rv33BppwpEbGdrcN5Y29ycA,Village
v,Yelena Tissina,Mx4rvViAkpwpEbGdrcN5Y29ycA,Person
v,LaGrange Highlands School District 106,Mx4r3np2ODTxEdqAAAAH6RYvSQ,School-AcademicOrganization
v,Daniel Sternberg,Mx4rvViAkpwpEbGdrcN5Y29ycA,Person
v,William Greenblatt,Mx4rvVjjEJwpEbGdrcN5Y29ycA,Artist-Performer
v,Tappeh Sangar,Mx4rv33BppwpEbGdrcN5Y29ycA,Village
v,Pedro Petiz,Mx4rvViAkpwpEbGdrcN5Y29ycA,Person
v,European Film Promotion,Mx4rvVjVT5wpEbGdrcN5Y29ycA,Organization
v,Milt Scott,Mx4rvVi--5wpEbGdrcN5Y29ycA,Athlete
v,Cape Verde at the 2009 Lusophony Games,Mx4rvVi_L5wpEbGdrcN5Y29ycA,OlympicCompetition
v,Nadeem Razaq,Mx4rvViAkpwpEbGdrcN5Y29ycA,Person
v,Cook Lougheed,Mx4r1PJrHNViQdaf4KqKrwDfPQ,ElectedOfficial
v,Henry Katz,Mx4rvViAkpwpEbGdrcN5Y29ycA,Person
i,Heddy Honigmann,Mx4rvVi--5wpEbGdrcN5Y29ycA,Athlete
v,Ivan Anastasov,Mx4rwQryspwpEbGdrcN5Y29ycA,PublicOfficial
v,Old Maid Boogie,Mx4rv6i4pJwpEbGdrcN5Y29ycA,SingleRecording-CW
v,Choc Bay,Mx4rbFoHaMb1EdmAAAACs6hRjg,AdministrativeDistrict
v,Gloria Münchmeyer,Mx4rvViAkpwpEbGdrcN5Y29ycA,Person
v,Francis Griffith (police officer),Mx4rvVjvBZwpEbGdrcN5Y29ycA,MilitaryPerson
v,"Gouldbusk, Texas",Mx4rv33BppwpEbGdrcN5Y29ycA,Village
v,Ministry of Defence (Slovenia),Mx4rvVjVT5wpEbGdrcN5Y29ycA,Organization
u,Hungarians in Germany,Mx4rvViAkpwpEbGdrcN5Y29ycA,Person
v,Dimitris Siovas,Mx4rvVkDmZwpEbGdrcN5Y29ycA,SoccerPlayer
v,Tom Lynch (Australian footballer born 1990),Mx4rWqQz26Q3T4SXOePQJ9KeKw,FootballPlayer-Australian
v,Jordan Scott,Mx4rvViAkpwpEbGdrcN5Y29ycA,Person
i,Bodinga,Mx4rv33BppwpEbGdrcN5Y29ycA,Village
v,Gulf Trough,Mx4rvVjORZwpEbGdrcN5Y29ycA,TopographicalFeature
v,Lisar,Mx4rvVjnZ5wpEbGdrcN5Y29ycA,City
v,Augustus C. Kinney,Mx4rvViAkpwpEbGdrcN5Y29ycA,Person
v,Voice of Malaysia,Mx4rvVjvzZwpEbGdrcN5Y29ycA,RadioStation-Organization
v,Ben Page (market researcher),Mx4rvViAkpwpEbGdrcN5Y29ycA,Person
i,The Sing-Off,Mx4rvVjzBJwpEbGdrcN5Y29ycA,SportsEvent
v,Conerly House,Mx4rvVj7KJwpEbGdrcN5Y29ycA,Building
i,List of Wales international footballers with 25 or more caps,Mx4rvVkDmZwpEbGdrcN5Y29ycA,SoccerPlayer
v,James M. Burd,Mx4rvViAkpwpEbGdrcN5Y29ycA,Person
v,Carlos Alberto Mijangos,Mx4rvVkDmZwpEbGdrcN5Y29ycA,SoccerPlayer
i,Iracema do Oeste,Mx4rv33BppwpEbGdrcN5Y29ycA,Village
i,Dianópolis,Mx4rv33BppwpEbGdrcN5Y29ycA,Village
v,Jack Miller (sportscaster),Mx4rvVi--5wpEbGdrcN5Y29ycA,Athlete
i,Jack Miller (sportscaster),Mx4rvVi--5wpEbGdrcN5Y29ycA,Athlete
i,Tlachichuca (municipality),Mx4rv33BppwpEbGdrcN5Y29ycA,Village
v,John F. Hayes (Kansas legislator),Mx4rwQryspwpEbGdrcN5Y29ycA,PublicOfficial
v,Higher Education Institute of Karwan,Mx4r3np2ODTxEdqAAAAH6RYvSQ,School-AcademicOrganization
v,Brachychiton gregorii,Mx4rvVjG4ZwpEbGdrcN5Y29ycA,Plant
v,Guillermo Abadía Morales,Mx4rvVj7rpwpEbGdrcN5Y29ycA,Writer
v,Sudhir Kumar Chaudhary,Mx4rvViAkpwpEbGdrcN5Y29ycA,Person
v,Michael Bannister,Mx4rvViAkpwpEbGdrcN5Y29ycA,Person
v,Gertrude Simmons Burlingham,Mx4rvViAkpwpEbGdrcN5Y29ycA,Person
v,Aoi Bungaku,Mx4rv-znjZwpEbGdrcN5Y29ycA,Manga
v,Stephen Codman,Mx4rvViAkpwpEbGdrcN5Y29ycA,Person
v,Fritz Jack,Mx4rvViAkpwpEbGdrcN5Y29ycA,Person
v,Pallichandai Silaiman,Mx4rvVj7KJwpEbGdrcN5Y29ycA,Building
v,Hari Sevugan,Mx4rvViAkpwpEbGdrcN5Y29ycA,Person
v,Bwaga Cheti,Mx4rv33BppwpEbGdrcN5Y29ycA,Village
i,List of foreign Danish Superliga players,Mx4rvVjtBpwpEbGdrcN5Y29ycA,FootballPlayer-American
v,Versam-Safien (Rhaetian Railway station),Mx4rvYOiA5wpEbGdrcN5Y29ycA,Terminal-TransferPoint
v,Nami Yayak,Mx4rvVi--5wpEbGdrcN5Y29ycA,Athlete
v,Marco Parolo,Mx4rvVi--5wpEbGdrcN5Y29ycA,Athlete
v,Saint Peter and Paul Cathedral,Mx4rvVj7KJwpEbGdrcN5Y29ycA,Building
v,Alastair McAllister,Mx4rvViAkpwpEbGdrcN5Y29ycA,Person
i,7806 Umasslowell,Mx4rvVjB1JwpEbGdrcN5Y29ycA,Asteroid
v,Clinch County School District,Mx4r3np2ODTxEdqAAAAH6RYvSQ,School-AcademicOrganization
v,Sven Garas,Mx4rvViAkpwpEbGdrcN5Y29ycA,Person
v,Holy Trinity Platt Church,Mx4rvVj7KJwpEbGdrcN5Y29ycA,Building
v,Neither Are We Enemies,Mx4rv6PpTpwpEbGdrcN5Y29ycA,TVShow-SingleCW
v,"Beeches (Frankfort, Kentucky)",Mx4rvVj7KJwpEbGdrcN5Y29ycA,Building
v,Alex Suber,Mx4rvVi--5wpEbGdrcN5Y29ycA,Athlete
v,According to Mark,Mx4rvVj7rpwpEbGdrcN5Y29ycA,Writer
i,According to Mark,Mx4rvVj7rpwpEbGdrcN5Y29ycA,Writer
v,Keith Linney,Mx4r7vjP4RuaEd2f4ADggVfexA,Cricketer
v,Donald Patrick Harvey,Mx4rvViAkpwpEbGdrcN5Y29ycA,Person
v,Partridge Cottage,Mx4rvVj7KJwpEbGdrcN5Y29ycA,Building
v,Susana Harp,Mx4rvVjqXpwpEbGdrcN5Y29ycA,MusicalPerformer
v,Jennifer O'Leary,Mx4rvVi--5wpEbGdrcN5Y29ycA,Athlete
v,Darryl Lenox,Mx4rvViAkpwpEbGdrcN5Y29ycA,Person
v,Andrey Khilkov,Mx4rvViAkpwpEbGdrcN5Y29ycA,Person
v,Lelean Memorial School,Mx4r3np2ODTxEdqAAAAH6RYvSQ,School-AcademicOrganization
i,List of The Tonight Show Starring Johnny Carson episodes (1992),Mx4rv6PpTpwpEbGdrcN5Y29ycA,TVShow-SingleCW
v,Christine Selinger,Mx4rvViAkpwpEbGdrcN5Y29ycA,Person
v,Alexander Travis,Mx4rvViAkpwpEbGdrcN5Y29ycA,Person
v,California College of Ayurveda,Mx4r3np2ODTxEdqAAAAH6RYvSQ,School-AcademicOrganization
v,Gerry Badger,Mx4rvViAkpwpEbGdrcN5Y29ycA,Person
v,Henry Taylor (politician),Mx4rvViAkpwpEbGdrcN5Y29ycA,Person
v,Jules Amez-Droz,Mx4rvVi--5wpEbGdrcN5Y29ycA,Athlete
i,Weightlifting at the 2010 Commonwealth Games – Women's +75 kg,Mx4rvVi--5wpEbGdrcN5Y29ycA,Athlete
i,Neil McGregor (film director),Mx4rvVi--5wpEbGdrcN5Y29ycA,Athlete
v,Richard Trotman,Mx4r7vjP4RuaEd2f4ADggVfexA,Cricketer
v,Galhati Dam,Mx4rvViTZZwpEbGdrcN5Y29ycA,Dam
v,Ban Hinlat,Mx4rv33BppwpEbGdrcN5Y29ycA,Village
i,Sanatani,Mx4rvVjVT5wpEbGdrcN5Y29ycA,Organization
v,Long Peak,Mx4rvVjODZwpEbGdrcN5Y29ycA,Mountain
v,Serbaud,Mx4rvWaAxJwpEbGdrcN5Y29ycA,TradeUnion
v,"Brnica, Žalec",Mx4rv33BppwpEbGdrcN5Y29ycA,Village
v,Sergey Kuznetsov (historian),Mx4rvViAkpwpEbGdrcN5Y29ycA,Person
v,Alistair John Rowan,Mx4rvViAkpwpEbGdrcN5Y29ycA,Person
v,Billy M. Minter,Mx4rvViAkpwpEbGdrcN5Y29ycA,Person
v,Danny Madden,Mx4rvVjqXpwpEbGdrcN5Y29ycA,MusicalPerformer
v,Dan Whitehurst,Mx4r1PJrHNViQdaf4KqKrwDfPQ,ElectedOfficial
v,Samuel Bagster the Younger,Mx4rvVj7rpwpEbGdrcN5Y29ycA,Writer
i,2011 in São Tomé and Príncipe,Mx4rvViwbJwpEbGdrcN5Y29ycA,SportsTeam
v,Kollmann,Mx4rv2Wq-ZwpEbGdrcN5Y29ycA,HumanSurname
v,Caroline Earle White,Mx4rvViAkpwpEbGdrcN5Y29ycA,Person
v,Hisashi Imai,Mx4rvViAkpwpEbGdrcN5Y29ycA,Person
v,Chavva,Mx4rv2Wq-ZwpEbGdrcN5Y29ycA,HumanSurname
v,Beji Caid el Sebsi,Mx4rvViAkpwpEbGdrcN5Y29ycA,Person
v,Johannes Smemo,Mx4rvViAkpwpEbGdrcN5Y29ycA,Person
v,Ian Collins (tennis),Mx4r7vjP4RuaEd2f4ADggVfexA,Cricketer
v,Fu Yi,Mx4rvViAkpwpEbGdrcN5Y29ycA,Person
v,Ken Lynch,Mx4rvVjjEJwpEbGdrcN5Y29ycA,Artist-Performer
v,Roger Wartell,Mx4rvVj755wpEbGdrcN5Y29ycA,Scientist
v,The Dreamers (play),Mx4rv0F5opwpEbGdrcN5Y29ycA,Play-CW
v,Bob Matlock,Mx4rvViAkpwpEbGdrcN5Y29ycA,Person
v,Fay Kellogg,Mx4rvViAkpwpEbGdrcN5Y29ycA,Person
v,William Stevens (writer),Mx4rvViAkpwpEbGdrcN5Y29ycA,Person
v,Dagán (bishop),Mx4rwQCWO5wpEbGdrcN5Y29ycA,Saint
v,Rudolf Sauerbrei,Mx4rvViAkpwpEbGdrcN5Y29ycA,Person
v,Sandy Second Ward Chapel,Mx4rvVj7KJwpEbGdrcN5Y29ycA,Building
v,Tommaso degli Stefani,Mx4rvViAkpwpEbGdrcN5Y29ycA,Person
v,Neil O'Connell,Mx4rvViAkpwpEbGdrcN5Y29ycA,Person
v,John Paynter (RAF officer),Mx4rvViAkpwpEbGdrcN5Y29ycA,Person
v,East Carolina Trojans,Mx4rvViwbJwpEbGdrcN5Y29ycA,SportsTeam
v,Zacharias Theodorou,Mx4rvVkDmZwpEbGdrcN5Y29ycA,SoccerPlayer
v,Bibiana Steinhaus,Mx4rvViAkpwpEbGdrcN5Y29ycA,Person
v,DeStorm Power,Mx4rvVjjEJwpEbGdrcN5Y29ycA,Artist-Performer
v,Adam Gemili,Mx4rvVkDmZwpEbGdrcN5Y29ycA,SoccerPlayer
i,(16433) 1988 VX2,Mx4rvVjRL5wpEbGdrcN5Y29ycA,Planet
i,CGIAR Consortium of International Agricultural Research Centers,Mx4rvVjjvpwpEbGdrcN5Y29ycA,University
v,Mönkh KHairkhan,Mx4rvVjODZwpEbGdrcN5Y29ycA,Mountain
v,Damien Troquenet,Mx4rvViAkpwpEbGdrcN5Y29ycA,Person
i,(7768) 1991 SX1,Mx4rvVjB1JwpEbGdrcN5Y29ycA,Asteroid
v,City Choir of Washington,Mx4rvVjVT5wpEbGdrcN5Y29ycA,Organization
v,Santa Eulàlia de Ronçana,Mx4rv33BppwpEbGdrcN5Y29ycA,Village
v,Ed Moriarty,Mx4rvViAkpwpEbGdrcN5Y29ycA,Person
u,Inter Channel,Mx4rwQCRppwpEbGdrcN5Y29ycA,TelevisionStation
i,Fencing at the 2011 Pan American Games – Men's épée,Mx4rvVi--5wpEbGdrcN5Y29ycA,Athlete
i,Abdelaziz Barrada,Mx4rWqQz26Q3T4SXOePQJ9KeKw,FootballPlayer-Australian
i,(19261) 1995 MB,Mx4rvVjB1JwpEbGdrcN5Y29ycA,Asteroid
v,Orlando Boss,Mx4rvViAkpwpEbGdrcN5Y29ycA,Person
v,Marco Dawson,Mx4rvViAkpwpEbGdrcN5Y29ycA,Person
i,Sigfrido Reyes Morales,Mx4rvVi--5wpEbGdrcN5Y29ycA,Athlete
v,K.S.R Murthy,Mx4rvViAkpwpEbGdrcN5Y29ycA,Person
v,Empress Zhang (Jiajing),Mx4rvViAkpwpEbGdrcN5Y29ycA,Person
v,George Snigge,Mx4rwQryspwpEbGdrcN5Y29ycA,PublicOfficial
v,Vladimir Vinokur,Mx4rvViAkpwpEbGdrcN5Y29ycA,Person
v,Maudie Dunham,Mx4rvViAkpwpEbGdrcN5Y29ycA,Person
i,Södermanland Runic Inscription 235,Mx4rvVjVT5wpEbGdrcN5Y29ycA,Organization
v,Walter J. Harvey,Mx4rvViAkpwpEbGdrcN5Y29ycA,Person
v,Take a Giant Step (song),Mx4rv6i4pJwpEbGdrcN5Y29ycA,SingleRecording-CW
v,Nicklas Maripuu,Mx4rvVkDmZwpEbGdrcN5Y29ycA,SoccerPlayer
u,Explora,Mx4rwQCRppwpEbGdrcN5Y29ycA,TelevisionStation
i,Bruckins,Mx4rvViAkpwpEbGdrcN5Y29ycA,Person
v,M. Leo Elliott,Mx4rvViAkpwpEbGdrcN5Y29ycA,Person
v,The Study Society,Mx4rvVjVT5wpEbGdrcN5Y29ycA,Organization
v,Gjorgi Markovski,Mx4rvViAkpwpEbGdrcN5Y29ycA,Person
v,Ibn Abi Asim,Mx4rvViAkpwpEbGdrcN5Y29ycA,Person
u,Arkansas Tuberculosis Sanatorium Historic District,Mx4rvVj7KJwpEbGdrcN5Y29ycA,Building
v,Federico García,Mx4rvVkDmZwpEbGdrcN5Y29ycA,SoccerPlayer
v,Abd an-Nabi Abd al-Qadir Mursal,Mx4rwQryspwpEbGdrcN5Y29ycA,PublicOfficial
v,Charles Périn,Mx4rvViAkpwpEbGdrcN5Y29ycA,Person
v,Alessandro Volpe,Mx4rvViAkpwpEbGdrcN5Y29ycA,Person
v,Diego Živulić,Mx4rvVkDmZwpEbGdrcN5Y29ycA,SoccerPlayer
v,General Electric Switchgear Plant,Mx4rvVj7KJwpEbGdrcN5Y29ycA,Building
v,Craig Miller (water polo),Mx4rvVi--5wpEbGdrcN5Y29ycA,Athlete
v,Gianluca Giovannini,Mx4rvViAkpwpEbGdrcN5Y29ycA,Person
v,Michał Weinzieher,Mx4rvVj7rpwpEbGdrcN5Y29ycA,Writer
v,"Yazıbeyli, Kazan",Mx4rv33BppwpEbGdrcN5Y29ycA,Village
v,"Süleymaniye, Akseki",Mx4rv33BppwpEbGdrcN5Y29ycA,Village
v,Ruly Saputra,Mx4rvVkDmZwpEbGdrcN5Y29ycA,SoccerPlayer
v,Pavel Rakityansky,Mx4rvViAkpwpEbGdrcN5Y29ycA,Person
v,Angélique Trinquier,Mx4rvVit8ZwpEbGdrcN5Y29ycA,Swimmer
v,Ana Sátila,Mx4rvViAkpwpEbGdrcN5Y29ycA,Person
v,Anne Rundle,Mx4rvVj7rpwpEbGdrcN5Y29ycA,Writer
i,Research Plot 30,Mx4rvVj7KJwpEbGdrcN5Y29ycA,Building
v,Cuba Adventist Seminary,Mx4r3np2ODTxEdqAAAAH6RYvSQ,School-AcademicOrganization
v,Zoran Dimitrijević (footballer born 1963),Mx4rvVkDmZwpEbGdrcN5Y29ycA,SoccerPlayer
v,James W. Archer,Mx4rvViAkpwpEbGdrcN5Y29ycA,Person
v,Cao Sy Cuong,Mx4rvViAkpwpEbGdrcN5Y29ycA,Person
v,Lorne Scott,Mx4rvViAkpwpEbGdrcN5Y29ycA,Person
v,Douglas Bassett (geologist),Mx4rvViAkpwpEbGdrcN5Y29ycA,Person
v,Michele Stefano de Rossi,Mx4rvViAkpwpEbGdrcN5Y29ycA,Person
v,Henry Spencer Berkeley,Mx4r1PJrHNViQdaf4KqKrwDfPQ,ElectedOfficial
v,Wanting Qu,Mx4rvVjqXpwpEbGdrcN5Y29ycA,MusicalPerformer
v,Gauschla,Mx4rvVjODZwpEbGdrcN5Y29ycA,Mountain
v,Galina Karelina,Mx4rvVi--5wpEbGdrcN5Y29ycA,Athlete
v,Valto Kokko,Mx4rvViAkpwpEbGdrcN5Y29ycA,Person
v,Ahmet Koronica,Mx4rvViAkpwpEbGdrcN5Y29ycA,Person
v,Humphrey Francis Humphreys,Mx4rwQr5eJwpEbGdrcN5Y29ycA,Leader
v,Asarulislam Syed,Mx4rvViAkpwpEbGdrcN5Y29ycA,Person
v,Friedrich Müller (footballer),Mx4rvVkDmZwpEbGdrcN5Y29ycA,SoccerPlayer
v,Fort Friedrichsburg,Mx4rvVjGR5wpEbGdrcN5Y29ycA,FixedStructure
v,Ratheesan Yoganathan,Mx4rvViAkpwpEbGdrcN5Y29ycA,Person
i,Loualidia,Mx4rv33BppwpEbGdrcN5Y29ycA,Village
v,"Ayr railway station, Queensland",Mx4rvYOiA5wpEbGdrcN5Y29ycA,Terminal-TransferPoint
v,Naidangiin Otgonjargal,Mx4rvViAkpwpEbGdrcN5Y29ycA,Person
v,Omar Derdour,Mx4rvViAkpwpEbGdrcN5Y29ycA,Person
v,"Xinqiao, Zhangjiajie",Mx4rvuXm9JwpEbGdrcN5Y29ycA,Town
v,Rugby Football Excursion,Mx4rvVjmq5wpEbGdrcN5Y29ycA,Book-CW
i,The Prince's Dream,Mx4rvjHZ8JwpEbGdrcN5Y29ycA,Aristocrat
i,List of Power Rangers Wild Force characters,Mx4rwHKvgpwpEbGdrcN5Y29ycA,FictionalCharacter
v,Magdalena Pietersz,Mx4rvViAkpwpEbGdrcN5Y29ycA,Person
v,"Tapoco, North Carolina",Mx4rvuXm9JwpEbGdrcN5Y29ycA,Town
v,Delta Lotsman,Mx4rvVjVT5wpEbGdrcN5Y29ycA,Organization
v,Vadakke Madhom,Mx4rvVjVT5wpEbGdrcN5Y29ycA,Organization
v,Mariette Bosch,Mx4rvViAkpwpEbGdrcN5Y29ycA,Person
v,Nandu River Iron Bridge,Mx4rvgD1IZwpEbGdrcN5Y29ycA,Bridge
v,Band-e Sultan,Mx4rvViTZZwpEbGdrcN5Y29ycA,Dam
v,Ribonuclease F,Mx4rvfBoWZwpEbGdrcN5Y29ycA,EnzymeMolecule
v,Barbara Eligmann,Mx4rvViAkpwpEbGdrcN5Y29ycA,Person
v,Taylor Baldwin,Mx4rvViAkpwpEbGdrcN5Y29ycA,Person
v,John Kennedy (Northern Irish footballer),Mx4rvViAkpwpEbGdrcN5Y29ycA,Person
i,Soft tennis at the 2010 Asian Games – Women's singles,Mx4rvVi--5wpEbGdrcN5Y29ycA,Athlete
v,Hugo Johansson (wrestler),Mx4rvVi--5wpEbGdrcN5Y29ycA,Athlete
v,Professional Lighting and Sound Association,Mx4rvVjVT5wpEbGdrcN5Y29ycA,Organization
v,Lubny Raion,Mx4rbFoHaMb1EdmAAAACs6hRjg,AdministrativeDistrict
v,Louise Bates Ames,Mx4rvViAkpwpEbGdrcN5Y29ycA,Person
i,Ralph Erwin,Mx4rvVjvBZwpEbGdrcN5Y29ycA,MilitaryPerson
v,Volodymyr Kupchak,Mx4rwQryspwpEbGdrcN5Y29ycA,PublicOfficial
v,Julie Roginsky,Mx4rvViAkpwpEbGdrcN5Y29ycA,Person
v,Grit Hegesa,Mx4rvViAkpwpEbGdrcN5Y29ycA,Person
v,Sergei Dmitrochenko,Mx4rvVkDmZwpEbGdrcN5Y29ycA,SoccerPlayer
v,John Babinecz,Mx4rvVi--5wpEbGdrcN5Y29ycA,Athlete
v,Agardhaksla,Mx4rvVjODZwpEbGdrcN5Y29ycA,Mountain
v,Natalie Schneider,Mx4rvViAkpwpEbGdrcN5Y29ycA,Person
i,List of Muling Buksan Ang Puso episodes,Mx4rv6PpTpwpEbGdrcN5Y29ycA,TVShow-SingleCW
v,Davide Mariani,Mx4rvVi--5wpEbGdrcN5Y29ycA,Athlete
v,Jordan Martinook,Mx4rvVi--5wpEbGdrcN5Y29ycA,Athlete
v,The Grave (poem),Mx4rwClAZJwpEbGdrcN5Y29ycA,ConceptualWork
v,Daniel Omielańczuk,Mx4rvViAkpwpEbGdrcN5Y29ycA,Person
