v,Lombardy,Mx4rbFoHaMb1EdmAAAACs6hRjg,AdministrativeDistrict
v,Cryptomonad,Mx4rv8gyOpwpEbGdrcN5Y29ycA,EukaryoticOrganism
v,"Avilla, Missouri",Mx4rv33BppwpEbGdrcN5Y29ycA,Village
u,"Beclabito, New Mexico",Mx4rv33BppwpEbGdrcN5Y29ycA,Village
v,"Ulster, New York",Mx4rvuXm9JwpEbGdrcN5Y29ycA,Town
v,"Gate City, Virginia",Mx4rvuXm9JwpEbGdrcN5Y29ycA,Town
v,"Saratoga, Wisconsin",Mx4rvuXm9JwpEbGdrcN5Y29ycA,Town
v,Coramae Richey Mann,Mx4rvViAkpwpEbGdrcN5Y29ycA,Person
i,"Kent County, New Brunswick",Mx4rv33BppwpEbGdrcN5Y29ycA,Village
v,Ian Watt,Mx4rvViAkpwpEbGdrcN5Y29ycA,Person
v,Gustave Courbet,Mx4rwMcZI5wpEbGdrcN5Y29ycA,Artist
v,Mister Peepers,Mx4rvnewlpwpEbGdrcN5Y29ycA,TVShow-CW
v,William McGuigan,Mx4rvViAkpwpEbGdrcN5Y29ycA,Person
v,William Paterson University,Mx4rvVjjvpwpEbGdrcN5Y29ycA,University
v,Scott McCloud,Mx4rvWUNKJwpEbGdrcN5Y29ycA,Cartoonist
v,"Robert M. La Follette, Jr.",Mx4rvVjntpwpEbGdrcN5Y29ycA,Politician
v,Robert Carlyle,Mx4rvViAkpwpEbGdrcN5Y29ycA,Person
i,Walpole Island Indian Reserve No. 46,Mx4rv33BppwpEbGdrcN5Y29ycA,Village
v,Leon Askin,Mx4rvViAkpwpEbGdrcN5Y29ycA,Person
v,Wayne Goodwin,Mx4rvVjntpwpEbGdrcN5Y29ycA,Politician
i,Filey,Mx4rv33BppwpEbGdrcN5Y29ycA,Village
v,Jeremy Lloyd,Mx4rvVj7rpwpEbGdrcN5Y29ycA,Writer
v,The Delgados,Mx4rvgEZGJwpEbGdrcN5Y29ycA,Band-MusicGroup
v,Geoff Murphy,Mx4rvViAkpwpEbGdrcN5Y29ycA,Person
v,Steinunn Sigurðardóttir,Mx4rvViAkpwpEbGdrcN5Y29ycA,Person
i,Guimarei,Mx4rv33BppwpEbGdrcN5Y29ycA,Village
i,South Darfur,Mx4rv33BppwpEbGdrcN5Y29ycA,Village
i,"Ati, Chad",Mx4rv33BppwpEbGdrcN5Y29ycA,Village
v,USS Experiment (1832),Mx4rvVirIJwpEbGdrcN5Y29ycA,Ship
v,William Russell (actor),Mx4rvViAkpwpEbGdrcN5Y29ycA,Person
v,Gen Re,Mx4rvVjQNpwpEbGdrcN5Y29ycA,Business
v,Thilina Kandamby,Mx4r7vjP4RuaEd2f4ADggVfexA,Cricketer
v,Aer Rianta International,Mx4rvVjQNpwpEbGdrcN5Y29ycA,Business
v,The Statler Brothers,Mx4rvgEZGJwpEbGdrcN5Y29ycA,Band-MusicGroup
v,"Combe, Oxfordshire",Mx4rv33BppwpEbGdrcN5Y29ycA,Village
v,Jonathan Routh,Mx4rvViAkpwpEbGdrcN5Y29ycA,Person
v,Mamberamo River,Mx4rvVkHM5wpEbGdrcN5Y29ycA,River
v,Ernst Loof,Mx4rX3MNbLWwEd2AAAAhm0vLxw,FormulaOneRacer
v,Porky's Badtime Story,Mx4rv3sEL5wpEbGdrcN5Y29ycA,Cartoon
v,Bruce Trigger,Mx4rvViAkpwpEbGdrcN5Y29ycA,Person
v,Jules Doinel,Mx4rvViAkpwpEbGdrcN5Y29ycA,Person
v,Sugarloaf (ski resort),Mx4rwQwcZ5wpEbGdrcN5Y29ycA,SkiArea
v,Jens Jensen (landscape architect),Mx4rvViAkpwpEbGdrcN5Y29ycA,Person
v,McNally Robinson,Mx4rvVjQNpwpEbGdrcN5Y29ycA,Business
v,Suburban Station,Mx4rvYOiA5wpEbGdrcN5Y29ycA,Terminal-TransferPoint
v,Pars tuberalis,Mx4rvViAHJwpEbGdrcN5Y29ycA,AnimalBodyPart
v,John Barrow (U.S. politician),Mx4r1PJrHNViQdaf4KqKrwDfPQ,ElectedOfficial
v,Jawaharlal Nehru University,Mx4rvVjjvpwpEbGdrcN5Y29ycA,University
i,McCormick Theological Seminary,Mx4rvVjjvpwpEbGdrcN5Y29ycA,University
v,Barbara Barrie,Mx4rvViAkpwpEbGdrcN5Y29ycA,Person
v,Petrea Burchard,Mx4rvViAkpwpEbGdrcN5Y29ycA,Person
v,Eno River,Mx4rvVkHM5wpEbGdrcN5Y29ycA,River
v,Peacock bass,Mx4rvVjfU5wpEbGdrcN5Y29ycA,Fish
v,Crociati Parma Rugby FC,Mx4r2lUrzHIIR5Ca3xMAlARuPQ,RugbyTeam
v,Rednex,Mx4rvgEZGJwpEbGdrcN5Y29ycA,Band-MusicGroup
v,Mia De Vits,Mx4rvVjntpwpEbGdrcN5Y29ycA,Politician
v,Evander M. Law,Mx4rvViAkpwpEbGdrcN5Y29ycA,Person
v,Empress Wei Zifu,Mx4rvjHZ8JwpEbGdrcN5Y29ycA,Aristocrat
v,Bradespar,Mx4rvVjQNpwpEbGdrcN5Y29ycA,Business
v,Battle of Jumonville Glen,Mx4rvViPO5wpEbGdrcN5Y29ycA,SocialOccurrence
v,USS Stevens (DD-479),Mx4rvVirIJwpEbGdrcN5Y29ycA,Ship
v,Tim Noakes,Mx4rvVj755wpEbGdrcN5Y29ycA,Scientist
v,Nobber,Mx4rv33BppwpEbGdrcN5Y29ycA,Village
v,Sidibe Korian Sidibe,Mx4rvViAkpwpEbGdrcN5Y29ycA,Person
v,Zaynab bint Ali,Mx4rvViAkpwpEbGdrcN5Y29ycA,Person
v,Dwight Johnson (politician),Mx4rvViAkpwpEbGdrcN5Y29ycA,Person
v,Dietrich Heinrich von Bülow,Mx4rvViAkpwpEbGdrcN5Y29ycA,Person
v,All I've Got to Do,Mx4r-s4qKnS9EdaAAACgyZzFrg,MusicalComposition-Song
v,C. Turner Joy,Mx4rvVjvBZwpEbGdrcN5Y29ycA,MilitaryPerson
v,Maudsley Hospital,Mx4rvVjptJwpEbGdrcN5Y29ycA,HospitalBuilding
v,Bantam Books,Mx4rv2JAepwpEbGdrcN5Y29ycA,PublishingOrganization
v,Kelly Nichols,Mx4rvVjaHZwpEbGdrcN5Y29ycA,Actor
v,Thomas Berry,Mx4rvViAkpwpEbGdrcN5Y29ycA,Person
v,To My Surprise,Mx4rvgEZGJwpEbGdrcN5Y29ycA,Band-MusicGroup
v,1982 FIFA World Cup qualification,Mx4rwOI75pwpEbGdrcN5Y29ycA,Tournament
v,Transition Magazine,Mx4rvVigHZwpEbGdrcN5Y29ycA,JournalSeries
v,"William Grenfell, 1st Baron Desborough",Mx4rvViAkpwpEbGdrcN5Y29ycA,Person
v,Pisa Tinoisamoa,Mx4rvVjtBpwpEbGdrcN5Y29ycA,FootballPlayer-American
v,Janie Fricke,Mx4rvVjqXpwpEbGdrcN5Y29ycA,MusicalPerformer
i,"Mechanicsburg, West Virginia",Mx4rv33BppwpEbGdrcN5Y29ycA,Village
i,"Campsie, New South Wales",Mx4rv33BppwpEbGdrcN5Y29ycA,Village
v,Sam Smith (DJ),Mx4rvViAkpwpEbGdrcN5Y29ycA,Person
v,Plummer (crater),Mx4rwPKjXpwpEbGdrcN5Y29ycA,Crater
v,Chester Conklin,Mx4rvViAkpwpEbGdrcN5Y29ycA,Person
v,Tramoyes,Mx4rv33BppwpEbGdrcN5Y29ycA,Village
v,Anbe Sivam,Mx4rv973YpwpEbGdrcN5Y29ycA,Movie-CW
v,Siege of Turin,Mx4rvyEmy5wpEbGdrcN5Y29ycA,ConflictEvent
v,Maniwaki Airport,Mx4rvVj-r5wpEbGdrcN5Y29ycA,Airport-Physical
v,Jerzy Brzęczek,Mx4rvVkDmZwpEbGdrcN5Y29ycA,SoccerPlayer
v,Mariam-uz-Zamani,Mx4rvjHZ8JwpEbGdrcN5Y29ycA,Aristocrat
i,"Lillis, Kansas",Mx4rv33BppwpEbGdrcN5Y29ycA,Village
v,WQKE,Mx4rvVjvzZwpEbGdrcN5Y29ycA,RadioStation-Organization
v,Steyr MPi 69,Mx4rvVj8V5wpEbGdrcN5Y29ycA,Weapon
v,Peramivir,Mx4rwP1OWpwpEbGdrcN5Y29ycA,PharmaceuticalType
v,Dudley Williams (judge),Mx4rvVi68pwpEbGdrcN5Y29ycA,Judge
v,Getting in Tune,Mx4r-s4qKnS9EdaAAACgyZzFrg,MusicalComposition-Song
v,Ziva David,Mx4rwHKvgpwpEbGdrcN5Y29ycA,FictionalCharacter
v,Children of the Black Sun,Mx4rwLmi3JwpEbGdrcN5Y29ycA,Album-CW
v,Stefan Maierhofer,Mx4rvVkDmZwpEbGdrcN5Y29ycA,SoccerPlayer
v,Asa Fowler,Mx4rvViAkpwpEbGdrcN5Y29ycA,Person
v,Alexander Masters,Mx4rvVj7rpwpEbGdrcN5Y29ycA,Writer
v,Sysinternals,Mx4rvVjQNpwpEbGdrcN5Y29ycA,Business
v,Lance Hooper,Mx4rUnJ52rWxEd2AAAAhm0vLxw,NASCARDriver
v,Great Sankey High School,Mx4r3np2ODTxEdqAAAAH6RYvSQ,School-AcademicOrganization
i,"David, Kentucky",Mx4rv33BppwpEbGdrcN5Y29ycA,Village
v,Patsy O'Hara,Mx4rvViAkpwpEbGdrcN5Y29ycA,Person
v,KLEI-TV,Mx4rwQCRppwpEbGdrcN5Y29ycA,TelevisionStation
v,Chris Morton,Mx4rvVi-AJwpEbGdrcN5Y29ycA,Driver-TransportationProfessional
v,Carnival Miracle,Mx4rvVirIJwpEbGdrcN5Y29ycA,Ship
v,Ian Westwood,Mx4r7vjP4RuaEd2f4ADggVfexA,Cricketer
v,Goldsberry Track,Mx4rvVjtnZwpEbGdrcN5Y29ycA,Stadium
v,Myōshin-ji,Mx8Ngh4rvszjQ5wpEbGdrcN5Y29ycA2DHiu9WOR2nCkRsZ2tw3ljb3JwHiu9WPsonCkRsZ2tw3ljb3JwHis32V_gJN5B157g-O5mnwEv,"[:CollectionIntersectionFn, [:TheSet, :Building, :HistoricalSite]]"
v,Jean-Jacques Dony,Mx4rvViAkpwpEbGdrcN5Y29ycA,Person
v,Jim Duquette,Mx4rvViAkpwpEbGdrcN5Y29ycA,Person
v,Dmitri Tertyshny,Mx4rvVjL0JwpEbGdrcN5Y29ycA,IceHockeyPlayer
v,Shamwari Game Reserve,Mx4rb8dMNgnoEdqAAAACs0x8nw,WildlifeReserve
v,Pete Orta,Mx4rvViAkpwpEbGdrcN5Y29ycA,Person
v,Reskowo railway station,Mx4rv6ZmoZwpEbGdrcN5Y29ycA,RailroadStation
v,Mohammad Ibrahim Zauq,Mx4rvVj7rpwpEbGdrcN5Y29ycA,Writer
v,Vladimir Artemyev,Mx4rvViAkpwpEbGdrcN5Y29ycA,Person
v,Redwood City Daily News,Mx4rv4ByW5wpEbGdrcN5Y29ycA,NewspaperSeries
v,Trakia motorway,Mx4rvyNjbZwpEbGdrcN5Y29ycA,Roadway
u,Rowing at the 1908 Summer Olympics – Men's single sculls,Mx4rvViPO5wpEbGdrcN5Y29ycA,SocialOccurrence
v,SS Home,Mx4rvVirIJwpEbGdrcN5Y29ycA,Ship
v,2nd Queen Victoria's Own Rajput Light Infantry,Mx4rvVjx75wpEbGdrcN5Y29ycA,MilitaryOrganization
v,Bank of Mauritius Tower,Mx4rvVj7KJwpEbGdrcN5Y29ycA,Building
v,Catalogue (Moloko album),Mx4rwLmi3JwpEbGdrcN5Y29ycA,Album-CW
v,Microdontinae,Mx4rvVi495wpEbGdrcN5Y29ycA,Insect
v,High Fläming Nature Park,Mx4rb8dMNgnoEdqAAAACs0x8nw,WildlifeReserve
v,"Windsor, Quebec",Mx4rvVjnZ5wpEbGdrcN5Y29ycA,City
v,Walther Eichrodt,Mx4rvViAkpwpEbGdrcN5Y29ycA,Person
v,Arkadiusz Rybicki,Mx4rvVjntpwpEbGdrcN5Y29ycA,Politician
i,"Romilly, Vale of Glamorgan",Mx4rv33BppwpEbGdrcN5Y29ycA,Village
v,2 Bit Pie,Mx4rvgEZGJwpEbGdrcN5Y29ycA,Band-MusicGroup
u,King of Thorn,Mx4rv-znjZwpEbGdrcN5Y29ycA,Manga
v,Gold(I) chloride,Mx4rvVjNlZwpEbGdrcN5Y29ycA,ChemicalSubstanceType
v,William Christopher Zeise,Mx4rvViAkpwpEbGdrcN5Y29ycA,Person
v,Alon Ben David,Mx4rvViAkpwpEbGdrcN5Y29ycA,Person
v,John Haden Wilson,Mx4rvViAkpwpEbGdrcN5Y29ycA,Person
v,Cute×Guy,Mx4rv-znjZwpEbGdrcN5Y29ycA,Manga
v,Momik,Mx4rvViAkpwpEbGdrcN5Y29ycA,Person
i,Santa Margarida da Coutada,Mx4rv33BppwpEbGdrcN5Y29ycA,Village
v,Naomi Kawashima,Mx4rvVjaHZwpEbGdrcN5Y29ycA,Actor
v,Lady Frances Brudenell,Mx4rvViAkpwpEbGdrcN5Y29ycA,Person
v,George W. Fulton Mansion,Mx4rvVj7KJwpEbGdrcN5Y29ycA,Building
v,Secret Society (album),Mx4rwLmi3JwpEbGdrcN5Y29ycA,Album-CW
v,Bertha Brouwer,Mx4rvVi--5wpEbGdrcN5Y29ycA,Athlete
v,Chuxiong City,Mx4rvVjnZ5wpEbGdrcN5Y29ycA,City
u,Superman (TV series),Mx4rvnewlpwpEbGdrcN5Y29ycA,TVShow-CW
v,George Brown (footballer born 1903),Mx4rvVj7uZwpEbGdrcN5Y29ycA,GeneralManager-SportsTeam
v,Joe Erskine (Welsh boxer),Mx4rvViXA5wpEbGdrcN5Y29ycA,Boxer
v,Marcia Angell,Mx4rvViAkpwpEbGdrcN5Y29ycA,Person
v,Inta Kļimoviča,Mx4rvViAkpwpEbGdrcN5Y29ycA,Person
v,Lisa Burke,Mx4rvViAkpwpEbGdrcN5Y29ycA,Person
v,HMS Anson (1781),Mx4rvVirIJwpEbGdrcN5Y29ycA,Ship
v,Hi-Point C-9 and C-9 Comp,Mx4rvVj8V5wpEbGdrcN5Y29ycA,Weapon
v,You Can't Always Tell,Mx4rv973YpwpEbGdrcN5Y29ycA,Movie-CW
v,Lady Samantha,Mx4rv6i4pJwpEbGdrcN5Y29ycA,SingleRecording-CW
u,Kevin Price,Mx4rvViAkpwpEbGdrcN5Y29ycA,Person
v,The Blind Side: Evolution of a Game,Mx4rvVjmq5wpEbGdrcN5Y29ycA,Book-CW
v,Carl Heggs,Mx4rvVj7uZwpEbGdrcN5Y29ycA,GeneralManager-SportsTeam
v,"Crossroads Center (Waterloo, IA)",Mx4rvVj_SJwpEbGdrcN5Y29ycA,ShoppingMallBuilding
v,Dunraven Pass,Mx4rwPSHjJwpEbGdrcN5Y29ycA,Pass-Geographical
v,Analytical Abstracts,Mx4rvVigHZwpEbGdrcN5Y29ycA,JournalSeries
v,"Green Run, Virginia",Mx4rv33BppwpEbGdrcN5Y29ycA,Village
v,SFC Opava,Mx4rvViLwpwpEbGdrcN5Y29ycA,SoccerTeam
v,"Peter Oliver, Baron Oliver of Aylmerton",Mx4rvVi68pwpEbGdrcN5Y29ycA,Judge
v,Komorní Lhotka,Mx4rv33BppwpEbGdrcN5Y29ycA,Village
v,Special Agent (album),Mx4rwLmi3JwpEbGdrcN5Y29ycA,Album-CW
v,Banksia anatona,Mx4rvVjG4ZwpEbGdrcN5Y29ycA,Plant
v,The Adventures of Buratino (1959 film),Mx4rv973YpwpEbGdrcN5Y29ycA,Movie-CW
v,Battle of Qurna,Mx4rvViPO5wpEbGdrcN5Y29ycA,SocialOccurrence
v,Nikola Kavaja,Mx4rvViAkpwpEbGdrcN5Y29ycA,Person
v,Fontolizumab,Mx4rwP1OWpwpEbGdrcN5Y29ycA,PharmaceuticalType
v,Robert H. Kittleman,Mx4r1PJrHNViQdaf4KqKrwDfPQ,ElectedOfficial
v,The Road of Tears,Mx4rwLmi3JwpEbGdrcN5Y29ycA,Album-CW
v,Sister Philippa Brazill,Mx4rvViAkpwpEbGdrcN5Y29ycA,Person
v,Encholirium,Mx4rvVjG4ZwpEbGdrcN5Y29ycA,Plant
v,Adrian Littlejohn,Mx4rvVkDmZwpEbGdrcN5Y29ycA,SoccerPlayer
v,Manukau Institute of Technology,Mx4rvVjjvpwpEbGdrcN5Y29ycA,University
i,Mano Destra,Mx4rvViAkpwpEbGdrcN5Y29ycA,Person
v,Austrian Hockey League,Mx4rvVjbp5wpEbGdrcN5Y29ycA,SportsLeague
v,Stanley Aborah (footballer born 1969),Mx4rvVkDmZwpEbGdrcN5Y29ycA,SoccerPlayer
v,New Riegel High School,Mx4r3np2ODTxEdqAAAAH6RYvSQ,School-AcademicOrganization
v,Francis Devaney,Mx4rvVi--5wpEbGdrcN5Y29ycA,Athlete
v,Lina Teoh,Mx4rvViAkpwpEbGdrcN5Y29ycA,Person
i,"Highbury, South Australia",Mx4rv33BppwpEbGdrcN5Y29ycA,Village
v,Lotfi Nasib,Mx4rvViAkpwpEbGdrcN5Y29ycA,Person
v,Leslie Joseph Hooker,Mx4rvViAkpwpEbGdrcN5Y29ycA,Person
v,Ian Dingman (lacrosse),Mx4rh1GR_cDQT7SKgiUHuxILBA,LacrossePlayer
v,The Seaside (album),Mx4rwLmi3JwpEbGdrcN5Y29ycA,Album-CW
v,Oidium manihotis,Mx4rvViZCZwpEbGdrcN5Y29ycA,Fungus
v,Peleg Tallman,Mx4rvViAkpwpEbGdrcN5Y29ycA,Person
v,Daniel Bruce (baseball),Mx4rvViAkpwpEbGdrcN5Y29ycA,Person
v,Brieskow-Finkenheerd,Mx4rv33BppwpEbGdrcN5Y29ycA,Village
v,Nick Mooney,Mx4rvViAkpwpEbGdrcN5Y29ycA,Person
v,Erasmus Quellinus II,Mx4rvViAkpwpEbGdrcN5Y29ycA,Person
v,Cricoarytenoid ligament,Mx4rvVjqpZwpEbGdrcN5Y29ycA,Ligament
v,S. Gurumurthy,Mx4rvViAkpwpEbGdrcN5Y29ycA,Person
v,Ulley Reservoir,Mx4rvVi4IpwpEbGdrcN5Y29ycA,Lake
i,"Long Branch Township, Saline County, Illinois",Mx4rv33BppwpEbGdrcN5Y29ycA,Village
v,Benji Village,Mx4rv33BppwpEbGdrcN5Y29ycA,Village
v,Lecythis barnebyi,Mx4rvVjG4ZwpEbGdrcN5Y29ycA,Plant
v,Tourmaline Sunangel,Mx4rvVi8SJwpEbGdrcN5Y29ycA,Bird
v,HMS Port Napier,Mx4rvVirIJwpEbGdrcN5Y29ycA,Ship
v,Podocarpus henkelii,Mx4rvVihh5wpEbGdrcN5Y29ycA,Conifer
v,Mountain Mouse-warbler,Mx4rvVi8SJwpEbGdrcN5Y29ycA,Bird
v,Northern three-toed jerboa,Mx4rvVimKJwpEbGdrcN5Y29ycA,Mammal
v,Chickasaw State Park (Alabama),Mx4rwQwoIJwpEbGdrcN5Y29ycA,Park
v,Sarah Shannon,Mx4rvVjqXpwpEbGdrcN5Y29ycA,MusicalPerformer
v,Podriga River,Mx4rvVkHM5wpEbGdrcN5Y29ycA,River
v,Leucorrhinia albifrons,Mx4rvVi495wpEbGdrcN5Y29ycA,Insect
v,Onconotus,Mx4rvVi495wpEbGdrcN5Y29ycA,Insect
v,"Franklin, Sacramento County, California",Mx4rv33BppwpEbGdrcN5Y29ycA,Village
v,Goești River,Mx4rvVkHM5wpEbGdrcN5Y29ycA,River
v,Gomphia serrata,Mx4rvVjG4ZwpEbGdrcN5Y29ycA,Plant
v,Polyscias marchionensis,Mx4rvVjG4ZwpEbGdrcN5Y29ycA,Plant
v,Tylophora urceolata,Mx4rvVjG4ZwpEbGdrcN5Y29ycA,Plant
u,Sikhism in Australia,Mx4rvVjcrpwpEbGdrcN5Y29ycA,PersonTypeByEthnicity
v,Villabaruz de Campos,Mx4rv33BppwpEbGdrcN5Y29ycA,Village
v,Râul Alb (Strei),Mx4rvVkHM5wpEbGdrcN5Y29ycA,River
v,Marco Bjurström,Mx4rvViAkpwpEbGdrcN5Y29ycA,Person
v,James B. Clark (Canadian politician),Mx4rvVjntpwpEbGdrcN5Y29ycA,Politician
u,"Selbstportrait Vol. III ""Reise durch Arcadien""",Mx4rwLmi3JwpEbGdrcN5Y29ycA,Album-CW
v,Merstone railway station,Mx4rvYOiA5wpEbGdrcN5Y29ycA,Terminal-TransferPoint
v,José Tomás Errázuriz,Mx4rvViAkpwpEbGdrcN5Y29ycA,Person
v,Carolliinae,Mx4rvVimKJwpEbGdrcN5Y29ycA,Mammal
v,Michele Florindo,Mx4rvVkDmZwpEbGdrcN5Y29ycA,SoccerPlayer
v,Greg Norman Holden International,Mx4rvViPO5wpEbGdrcN5Y29ycA,SocialOccurrence
v,Tennard v. Dretke,Mx4rlgJe1PeLEdyAAAACs6hbjw,CourtCase-Appellate
v,Vidhwansak,Mx4rvVj8V5wpEbGdrcN5Y29ycA,Weapon
v,Frank Posegate,Mx4rvViAkpwpEbGdrcN5Y29ycA,Person
v,Arne Lyngstad,Mx4rvViAkpwpEbGdrcN5Y29ycA,Person
v,James D. Brubaker,Mx4rvViAkpwpEbGdrcN5Y29ycA,Person
i,"Mariah Hill, Indiana",Mx4rv33BppwpEbGdrcN5Y29ycA,Village
v,2008 Colorado Crush season,Mx4rMZF1vrKQEd2AAAAhm0jtOQ,SportSeason
i,The Week (Indian magazine),Mx8Ngh4rvc4rXZwpEbGdrcN5Y29ycB4rwIgEYZwpEbGdrcN5Y29ycA,"[:HardcopyOfInformationTypeFn, :MagazineIssue]"
v,Robert Veyron-Lacroix,Mx4rvVjqXpwpEbGdrcN5Y29ycA,MusicalPerformer
v,Ghiran,Mx4rvuXm9JwpEbGdrcN5Y29ycA,Town
v,Harry Stiff,Mx4rvVi--5wpEbGdrcN5Y29ycA,Athlete
v,Asythosia,Mx4rvVi495wpEbGdrcN5Y29ycA,Insect
v,Nenad Grozdić,Mx4rvVkDmZwpEbGdrcN5Y29ycA,SoccerPlayer
v,August Dieckmann,Mx4rvVjvBZwpEbGdrcN5Y29ycA,MilitaryPerson
v,Jan Wohlschlag,Mx4rvViAkpwpEbGdrcN5Y29ycA,Person
v,Șimon River,Mx4rvVkHM5wpEbGdrcN5Y29ycA,River
v,Respect (Diana King album),Mx4rwLmi3JwpEbGdrcN5Y29ycA,Album-CW
v,Carpathia – A Dramatic Poem,Mx4rwLmi3JwpEbGdrcN5Y29ycA,Album-CW
v,If (Mindless Self Indulgence album),Mx4rwLmi3JwpEbGdrcN5Y29ycA,Album-CW
v,Millennium Centre (Chicago),Mx4rvVj7KJwpEbGdrcN5Y29ycA,Building
i,Gmina Jeżewo,Mx4rv33BppwpEbGdrcN5Y29ycA,Village
v,KRSV (AM),Mx4rvVjvzZwpEbGdrcN5Y29ycA,RadioStation-Organization
v,Tallman Airport,Mx4rvVj-r5wpEbGdrcN5Y29ycA,Airport-Physical
v,GRIK5,Mx4rv0ARKpwpEbGdrcN5Y29ycA,ProteinMolecule
i,Gmina Mieścisko,Mx4rv33BppwpEbGdrcN5Y29ycA,Village
v,Suzanne van Veen,Mx4rhYldfLWvEd2AAAAhm0vLxw,Cyclist-Athlete
v,Julian Davis,Mx4rvViAkpwpEbGdrcN5Y29ycA,Person
v,Manvel Gasratian,Mx4rvViAkpwpEbGdrcN5Y29ycA,Person
v,WHDD-FM,Mx4rvVjvzZwpEbGdrcN5Y29ycA,RadioStation-Organization
v,Fairchild KR-34,Mx4rz9o1UoVbQdeGXJ2yLxG0_A,AirTransportationVehicle
v,Mary S. Hartman,Mx4rvViAkpwpEbGdrcN5Y29ycA,Person
v,"Saulcy, Aube",Mx4rv33BppwpEbGdrcN5Y29ycA,Village
v,"Mellé, Ille-et-Vilaine",Mx4rv33BppwpEbGdrcN5Y29ycA,Village
v,Ricardo Azziz,Mx4rvViAkpwpEbGdrcN5Y29ycA,Person
v,Laverda (harvesters),Mx4rvVjQNpwpEbGdrcN5Y29ycA,Business
v,Saint-Sulpice-le-Guérétois,Mx4rv33BppwpEbGdrcN5Y29ycA,Village
v,Head of talus,Mx4rvViAHJwpEbGdrcN5Y29ycA,AnimalBodyPart
v,Gurdon Wattles,Mx4rvViAkpwpEbGdrcN5Y29ycA,Person
v,Ulrich Herbert,Mx4rvViAkpwpEbGdrcN5Y29ycA,Person
v,Saint-Quirin,Mx4rv33BppwpEbGdrcN5Y29ycA,Village
v,Hello Afrika (song),Mx4rv6i4pJwpEbGdrcN5Y29ycA,SingleRecording-CW
v,Sigalens,Mx4rv33BppwpEbGdrcN5Y29ycA,Village
v,Cirfontaines-en-Azois,Mx4rv33BppwpEbGdrcN5Y29ycA,Village
v,"Viry, Haute-Savoie",Mx4rv33BppwpEbGdrcN5Y29ycA,Village
v,Yeti: Curse of the Snow Demon,Mx4rv973YpwpEbGdrcN5Y29ycA,Movie-CW
v,Queensland Academy for Creative Industries,Mx4r3np2ODTxEdqAAAAH6RYvSQ,School-AcademicOrganization
v,Tengiz Khubuluri,Mx4rvVi--5wpEbGdrcN5Y29ycA,Athlete
v,"Chiddes, Saône-et-Loire",Mx4rv33BppwpEbGdrcN5Y29ycA,Village
v,"Vincelles, Saône-et-Loire",Mx4rv33BppwpEbGdrcN5Y29ycA,Village
v,"Riegel v. Medtronic, Inc.",Mx4rlgJe1PeLEdyAAAACs6hbjw,CourtCase-Appellate
i,El Espavé,Mx4rv33BppwpEbGdrcN5Y29ycA,Village
v,Senecio brasiliensis,Mx4rvVjG4ZwpEbGdrcN5Y29ycA,Plant
v,Gordon Dahlquist,Mx4rvViAkpwpEbGdrcN5Y29ycA,Person
u,Melmalayanur,Mx4rvuXm9JwpEbGdrcN5Y29ycA,Town
i,4055 Magellan,Mx4rvVjRL5wpEbGdrcN5Y29ycA,Planet
v,The Wrecking Crew (2008 film),Mx4rv973YpwpEbGdrcN5Y29ycA,Movie-CW
v,The News Today (Iloilo),Mx4rv4ByW5wpEbGdrcN5Y29ycA,NewspaperSeries
v,"Chet, Floyd & Danny",Mx4rwLmi3JwpEbGdrcN5Y29ycA,Album-CW
v,Maestro (video game),Mx4rvVjmuJwpEbGdrcN5Y29ycA,ComputerGameProgram
v,Wilhelm Arwe,Mx4rvViAkpwpEbGdrcN5Y29ycA,Person
v,Carl Gunnarsson,Mx4rvVjL0JwpEbGdrcN5Y29ycA,IceHockeyPlayer
v,Esek Hopkins House,Mx4rvVj7KJwpEbGdrcN5Y29ycA,Building
v,Olav Steinar Namtvedt,Mx4rwQrzr5wpEbGdrcN5Y29ycA,Mayor
v,Château de Saint-Côme-d'Olt,Mx4rvgEGtpwpEbGdrcN5Y29ycA,Castle
v,Anna Galvan,Mx4rvVi--5wpEbGdrcN5Y29ycA,Athlete
v,Streptomyces venezuelae,Mx4rvVjK65wpEbGdrcN5Y29ycA,BiologicalSpecies
v,Touta Tarumi,Mx4rvViAkpwpEbGdrcN5Y29ycA,Person
v,Olivier Girault,Mx4rQ4IKw2cbRtaLaII3iMN_2g,TeamHandballPlayer
v,Jock Menefee,Mx4rvVkI5ZwpEbGdrcN5Y29ycA,BaseballPlayer
v,John L. Buono,Mx4rvViAkpwpEbGdrcN5Y29ycA,Person
v,"Tabuan-Lasa, Basilan",Mx4rv33BppwpEbGdrcN5Y29ycA,Village
v,William McKenzie Thomson,Mx4rvVjvBZwpEbGdrcN5Y29ycA,MilitaryPerson
v,2003 Jacksonville Jaguars season,Mx4rMZF1vrKQEd2AAAAhm0jtOQ,SportSeason
i,"Seventh Ward, New Orleans",Mx4rv33BppwpEbGdrcN5Y29ycA,Village
v,"First Church of Christ, Scientist (Neillsville, Wisconsin)",Mx4rvVj7KJwpEbGdrcN5Y29ycA,Building
v,David Lester Richardson,Mx4rvViAkpwpEbGdrcN5Y29ycA,Person
v,T.O.P (entertainer),Mx4rvVjqXpwpEbGdrcN5Y29ycA,MusicalPerformer
v,Hasmukhbhai Parekh,Mx4rvViAkpwpEbGdrcN5Y29ycA,Person
v,WHBN,Mx4rvVjvzZwpEbGdrcN5Y29ycA,RadioStation-Organization
v,Congregation Beth Israel (Milwaukee),Mx4rvVj0S5wpEbGdrcN5Y29ycA,ReligiousBuilding
v,Epaphrodita lobivertex,Mx4rvVi495wpEbGdrcN5Y29ycA,Insect
v,Blue Jeans (1920s song),Mx4r-s4qKnS9EdaAAACgyZzFrg,MusicalComposition-Song
v,Euler D.I,Mx4rz9o1UoVbQdeGXJ2yLxG0_A,AirTransportationVehicle
i,"Sunfish, Kentucky",Mx4rv33BppwpEbGdrcN5Y29ycA,Village
v,Gündüzqala,Mx4rv33BppwpEbGdrcN5Y29ycA,Village
v,Kemrakuch,Mx4rv33BppwpEbGdrcN5Y29ycA,Village
v,Babagil,Mx4rv33BppwpEbGdrcN5Y29ycA,Village
v,"California State Assembly elections, 1994",Mx4rvViPO5wpEbGdrcN5Y29ycA,SocialOccurrence
v,Çalxanqala,Mx4rv33BppwpEbGdrcN5Y29ycA,Village
v,"Ryczki, Gmina Harasiuki",Mx4rv33BppwpEbGdrcN5Y29ycA,Village
v,John Tidmarsh,Mx4rvViAkpwpEbGdrcN5Y29ycA,Person
v,Udea olivalis,Mx4rvVi495wpEbGdrcN5Y29ycA,Insect
i,Khaskarkado,Mx4rv33BppwpEbGdrcN5Y29ycA,Village
v,Travis Phelps,Mx4rvVkI5ZwpEbGdrcN5Y29ycA,BaseballPlayer
v,Ernesto Duchini,Mx4rvVj7uZwpEbGdrcN5Y29ycA,GeneralManager-SportsTeam
v,Walid Chammah,Mx4rvViAkpwpEbGdrcN5Y29ycA,Person
v,Zakk Tyler,Mx4rvViAkpwpEbGdrcN5Y29ycA,Person
v,Castle of Evoramonte,Mx4rvVj7KJwpEbGdrcN5Y29ycA,Building
v,Supakit Jinajai,Mx4rvVkDmZwpEbGdrcN5Y29ycA,SoccerPlayer
v,Laaxer Stöckli,Mx4rvVjODZwpEbGdrcN5Y29ycA,Mountain
v,Stadium Bowl,Mx4rvVjtnZwpEbGdrcN5Y29ycA,Stadium
v,A9 highway (Lithuania),Mx4rvyNjbZwpEbGdrcN5Y29ycA,Roadway
v,"Mościska, Sierpc County",Mx4rv33BppwpEbGdrcN5Y29ycA,Village
v,Lofthouse and Outwood railway station,Mx4rvYOiA5wpEbGdrcN5Y29ycA,Terminal-TransferPoint
v,Stanley B. Kimball,Mx4rvViAkpwpEbGdrcN5Y29ycA,Person
v,Sino Hotels,Mx4rvVjQNpwpEbGdrcN5Y29ycA,Business
v,Harald Damsleth,Mx4rvViAkpwpEbGdrcN5Y29ycA,Person
v,Larkin's Hundred,Mx4rvVj7KJwpEbGdrcN5Y29ycA,Building
i,St. Francis Xavier Church and Newtown Manor House Historic District,Mx4rvVj7KJwpEbGdrcN5Y29ycA,Building
u,Cambia Perú,Mx4rvVj82pwpEbGdrcN5Y29ycA,PoliticalParty
v,Mankara,Mx4rv33BppwpEbGdrcN5Y29ycA,Village
v,Albiglutide,Mx4rwP1OWpwpEbGdrcN5Y29ycA,PharmaceuticalType
v,Stellwagen,Mx4rv2Wq-ZwpEbGdrcN5Y29ycA,HumanSurname
v,Robin ATL,Mx4rz9o1UoVbQdeGXJ2yLxG0_A,AirTransportationVehicle
v,Pahor Labib,Mx4rvVj755wpEbGdrcN5Y29ycA,Scientist
v,Walter Meheula Heen,Mx4rvViAkpwpEbGdrcN5Y29ycA,Person
v,Milić Jovanović,Mx4rvVj7uZwpEbGdrcN5Y29ycA,GeneralManager-SportsTeam
v,Leżenica,Mx4rv33BppwpEbGdrcN5Y29ycA,Village
v,Musée Jenisch,Mx4rvWEnjpwpEbGdrcN5Y29ycA,MuseumStructure
v,Constant Dutilleux,Mx4rvViAkpwpEbGdrcN5Y29ycA,Person
v,Francisco Alves Albino,Mx4rvVkDmZwpEbGdrcN5Y29ycA,SoccerPlayer
v,Wola Piekarska,Mx4rv33BppwpEbGdrcN5Y29ycA,Village
i,"Juan S. Alano Memorial Hospital, Inc.",Mx4rvVjptJwpEbGdrcN5Y29ycA,HospitalBuilding
v,Gerard Stokes,Mx4r9fazlFBNTAiNcjTsUotVcg,RugbyPlayer
v,Nandini Sahai,Mx4rvViAkpwpEbGdrcN5Y29ycA,Person
v,John Brown (Cherokee chief),Mx4rvViAkpwpEbGdrcN5Y29ycA,Person
v,Mario & Sonic at the Olympic Winter Games,Mx4rvVjmuJwpEbGdrcN5Y29ycA,ComputerGameProgram
v,Sascha ...ein aufrechter Deutscher,Mx4rv6i4pJwpEbGdrcN5Y29ycA,SingleRecording-CW
v,Spit Stix,Mx4rvVjqXpwpEbGdrcN5Y29ycA,MusicalPerformer
v,Stanisławy,Mx4rv33BppwpEbGdrcN5Y29ycA,Village
v,Charles N. Clevert Jr.,Mx4rvVi68pwpEbGdrcN5Y29ycA,Judge
v,Kosinek,Mx4rv33BppwpEbGdrcN5Y29ycA,Village
v,"Piaseczno, Drawsko County",Mx4rv33BppwpEbGdrcN5Y29ycA,Village
v,Mercer Bears,Mx4rvViwbJwpEbGdrcN5Y29ycA,SportsTeam
v,See the Light (The Hours album),Mx4rwLmi3JwpEbGdrcN5Y29ycA,Album-CW
v,Eumicremma,Mx4rvVi495wpEbGdrcN5Y29ycA,Insect
v,Lush House,Mx4rvnewlpwpEbGdrcN5Y29ycA,TVShow-CW
v,Marcelinho Huertas,Mx4rvVjzH5wpEbGdrcN5Y29ycA,BasketballPlayer
v,Spring Creek Dam,Mx4rvoE5zpwpEbGdrcN5Y29ycA,InfrastructureProduct
v,Catlin Adams,Mx4rvViAkpwpEbGdrcN5Y29ycA,Person
v,Richman Chemical,Mx4rvVjQNpwpEbGdrcN5Y29ycA,Business
v,Kono Yo no Kagiri,Mx4rv6i4pJwpEbGdrcN5Y29ycA,SingleRecording-CW
v,"Nore, Sweden",Mx4rv33BppwpEbGdrcN5Y29ycA,Village
v,Dedé Santana,Mx4rvViAkpwpEbGdrcN5Y29ycA,Person
v,Lee Frischknecht,Mx4rvViAkpwpEbGdrcN5Y29ycA,Person
v,Conrad Schick,Mx4rvViAkpwpEbGdrcN5Y29ycA,Person
v,Richard C. Powell,Mx4rvVj755wpEbGdrcN5Y29ycA,Scientist
v,Heston Aircraft Company,Mx4rvVjQNpwpEbGdrcN5Y29ycA,Business
v,Yialia,Mx4rv33BppwpEbGdrcN5Y29ycA,Village
v,5th Air Corps (Germany),Mx4rvVjx75wpEbGdrcN5Y29ycA,MilitaryOrganization
v,Agriomyia,Mx4rvVi495wpEbGdrcN5Y29ycA,Insect
v,Yves Mourousi,Mx4rvViAkpwpEbGdrcN5Y29ycA,Person
v,South Mayo River,Mx4rvVkHM5wpEbGdrcN5Y29ycA,River
v,Cross River (Little Fork River),Mx4rvVkHM5wpEbGdrcN5Y29ycA,River
v,Žehuň,Mx4rv33BppwpEbGdrcN5Y29ycA,Village
v,Samjeon Station,Mx4rv6ZmoZwpEbGdrcN5Y29ycA,RailroadStation
v,1973 Ottawa Rough Riders season,Mx4rMZF1vrKQEd2AAAAhm0jtOQ,SportSeason
v,Kocbeře,Mx4rv33BppwpEbGdrcN5Y29ycA,Village
v,Kenny Starr,Mx4rvVjqXpwpEbGdrcN5Y29ycA,MusicalPerformer
v,Werner Schwier,Mx4rvViAkpwpEbGdrcN5Y29ycA,Person
v,A.J. Saudin,Mx4rvViAkpwpEbGdrcN5Y29ycA,Person
v,Okanoue Kikue,Mx4rvViAkpwpEbGdrcN5Y29ycA,Person
v,Where Time Stood Still,Mx4rvVjmuJwpEbGdrcN5Y29ycA,ComputerGameProgram
v,Trapezites lutea,Mx4rvVi495wpEbGdrcN5Y29ycA,Insect
v,Richard Zussman,Mx4rvViAkpwpEbGdrcN5Y29ycA,Person
v,Arakan Campaign 1942–43,Mx4rvyEmy5wpEbGdrcN5Y29ycA,ConflictEvent
v,Andreas Victor Michiels,Mx4rvViAkpwpEbGdrcN5Y29ycA,Person
v,Crispin of Pavia,Mx4rwQCWO5wpEbGdrcN5Y29ycA,Saint
v,Christopher McCann,Mx4rvViAkpwpEbGdrcN5Y29ycA,Person
v,Arseni Istomin,Mx4rvVkDmZwpEbGdrcN5Y29ycA,SoccerPlayer
v,A. A. Bondy,Mx4rvVjqXpwpEbGdrcN5Y29ycA,MusicalPerformer
v,Twin Disc,Mx4rvVjQNpwpEbGdrcN5Y29ycA,Business
v,Jackson Street Cemetery,Mx4rN9lf4CTeQdee4PjuZp8BLw,HistoricalSite
v,Nicolas Belvito,Mx4rvVkDmZwpEbGdrcN5Y29ycA,SoccerPlayer
v,John Thorne (colonial administrator),Mx4rvViAkpwpEbGdrcN5Y29ycA,Person
v,Cattle Annie and Little Britches,Mx4rv973YpwpEbGdrcN5Y29ycA,Movie-CW
v,Nathan Ryno Smith,Mx4rvViAkpwpEbGdrcN5Y29ycA,Person
v,Magdalena Wójcik,Mx4rvVjqXpwpEbGdrcN5Y29ycA,MusicalPerformer
v,Rose Gacioch,Mx4rvVkI5ZwpEbGdrcN5Y29ycA,BaseballPlayer
v,Vera Cruz do Oeste,Mx4rvuXm9JwpEbGdrcN5Y29ycA,Town
v,Vadiakkadu,Mx4rv33BppwpEbGdrcN5Y29ycA,Village
v,Change My Life,Mx4rwLmi3JwpEbGdrcN5Y29ycA,Album-CW
v,Knut Haavik,Mx4rvVj7rpwpEbGdrcN5Y29ycA,Writer
v,Vivimi,Mx4rv6i4pJwpEbGdrcN5Y29ycA,SingleRecording-CW
i,"Edward Denny, 1st Earl of Norwich",Mx4rVmCKvtmJQdeMp5jGuFvrWg,AristocratTypeByTitle
v,Cyphophanes,Mx4rvVi495wpEbGdrcN5Y29ycA,Insect
v,Brownleea,Mx4rvVjG4ZwpEbGdrcN5Y29ycA,Plant
v,Megson (band),Mx4rvgEZGJwpEbGdrcN5Y29ycA,Band-MusicGroup
v,Uithuizermeeden railway station,Mx4rvYOiA5wpEbGdrcN5Y29ycA,Terminal-TransferPoint
v,Bionic Heart,Mx4rvVjmuJwpEbGdrcN5Y29ycA,ComputerGameProgram
v,Chiaki Watanabe,Mx4rvViAkpwpEbGdrcN5Y29ycA,Person
v,UNC Wilmington Seahawks,Mx4rvViwbJwpEbGdrcN5Y29ycA,SportsTeam
v,Köln-Trimbornstraße station,Mx4rvYOiA5wpEbGdrcN5Y29ycA,Terminal-TransferPoint
v,Peter Hullermann,Mx4rvViAkpwpEbGdrcN5Y29ycA,Person
v,Lottia luchuana,Mx4rvVjvjpwpEbGdrcN5Y29ycA,Mollusk
v,Tosh Barrell,Mx4rvVkDmZwpEbGdrcN5Y29ycA,SoccerPlayer
v,Haleiwa Fighter Strip,Mx4rv0VpypwpEbGdrcN5Y29ycA,MilitaryFacility
v,Nyakahura,Mx4rv33BppwpEbGdrcN5Y29ycA,Village
v,The Upbeats,Mx4rvgEZGJwpEbGdrcN5Y29ycA,Band-MusicGroup
v,The Low Lows (band),Mx4rvgEZGJwpEbGdrcN5Y29ycA,Band-MusicGroup
v,Paul Wormser,Mx4rvVi--5wpEbGdrcN5Y29ycA,Athlete
v,Pectinivalva chalcitis,Mx4rvVi495wpEbGdrcN5Y29ycA,Insect
v,Fernando Sucre,Mx4rwHKvgpwpEbGdrcN5Y29ycA,FictionalCharacter
v,Max Frauenthal,Mx4rvViAkpwpEbGdrcN5Y29ycA,Person
v,60th Bombardment Squadron,Mx4rvVjx75wpEbGdrcN5Y29ycA,MilitaryOrganization
v,Werner Friebe,Mx4rvVjvBZwpEbGdrcN5Y29ycA,MilitaryPerson
v,Gabby Sharpe,Mx4rwP_Pk5wpEbGdrcN5Y29ycA,TVCharacter
v,Rhynchonelliformea,Mx4rvViwMZwpEbGdrcN5Y29ycA,Animal
v,Hassi Ben Abdellah,Mx4rvuXm9JwpEbGdrcN5Y29ycA,Town
v,Evan Baillie,Mx4rvViAkpwpEbGdrcN5Y29ycA,Person
v,Leptotyphlops occidentalis,Mx4rvVjyMJwpEbGdrcN5Y29ycA,Reptile
v,Sillapää,Mx4rv33BppwpEbGdrcN5Y29ycA,Village
v,Scranton (NJT station),Mx4rvYOiA5wpEbGdrcN5Y29ycA,Terminal-TransferPoint
v,Seán Mac Aoidh,Mx4rvViAkpwpEbGdrcN5Y29ycA,Person
v,Whip My Hair,Mx4rv6i4pJwpEbGdrcN5Y29ycA,SingleRecording-CW
v,Manuel Muñoz (Governor of Spanish Texas),Mx4rvfxNJZwpEbGdrcN5Y29ycA,StateGovernor
v,Maria de Francesca-Cavazza,Mx4rvViAkpwpEbGdrcN5Y29ycA,Person
v,Otis Bowen (bust),Mx4rvfAugpwpEbGdrcN5Y29ycA,VisualWork
v,Takara Holdings,Mx4rvVjQNpwpEbGdrcN5Y29ycA,Business
v,John B. Mather,Mx4rvViAkpwpEbGdrcN5Y29ycA,Person
v,Phyllonorycter dakekanbae,Mx4rvVi495wpEbGdrcN5Y29ycA,Insect
v,Murtle Lake,Mx4rvVi4IpwpEbGdrcN5Y29ycA,Lake
v,St. Mary's College of Engineering and Technology,Mx4rvVjjvpwpEbGdrcN5Y29ycA,University
v,Virgin Valley High School,Mx4r3np2ODTxEdqAAAAH6RYvSQ,School-AcademicOrganization
i,Mavros Volakas,Mx4rbFoHaMb1EdmAAAACs6hRjg,AdministrativeDistrict
v,Tiger Please,Mx4rvgEZGJwpEbGdrcN5Y29ycA,Band-MusicGroup
v,Bladen Nature Reserve,Mx4rb8dMNgnoEdqAAAACs0x8nw,WildlifeReserve
v,"Overtown, North Lanarkshire",Mx4rv33BppwpEbGdrcN5Y29ycA,Village
v,Vyacheslav Sharpar,Mx4rvVkDmZwpEbGdrcN5Y29ycA,SoccerPlayer
v,Thomas Kramer,Mx4rvViAkpwpEbGdrcN5Y29ycA,Person
v,Omnivium,Mx4rwLmi3JwpEbGdrcN5Y29ycA,Album-CW
i,"Batsto Village, New Jersey",Mx4rvVj7KJwpEbGdrcN5Y29ycA,Building
v,Bushy Park Forest Reserve,Mx4rb8dMNgnoEdqAAAACs0x8nw,WildlifeReserve
v,Charlie Lyne,Mx4rvViAkpwpEbGdrcN5Y29ycA,Person
i,Emory Grove Historic District,Mx4rvVj7KJwpEbGdrcN5Y29ycA,Building
v,Powell PH Racer,Mx4rz9o1UoVbQdeGXJ2yLxG0_A,AirTransportationVehicle
i,Mason and Oceana Railroad,Mx4rvVjVT5wpEbGdrcN5Y29ycA,Organization
v,Coptodon nigrans,Mx4rvVjfU5wpEbGdrcN5Y29ycA,Fish
v,Francis Vidil,Mx4rvVjqXpwpEbGdrcN5Y29ycA,MusicalPerformer
v,Tim Cross,Mx4rvVjvBZwpEbGdrcN5Y29ycA,MilitaryPerson
v,Donald J. Hying,Mx4rwN8hS5wpEbGdrcN5Y29ycA,Bishop-Clerical
v,Agrococcus,Mx4rvVjU-5wpEbGdrcN5Y29ycA,Bacterium
v,Potlatch (steamship),Mx4rvVirIJwpEbGdrcN5Y29ycA,Ship
v,ECyD,Mx4rvVjVT5wpEbGdrcN5Y29ycA,Organization
v,Diary of a Wimpy Kid: Dog Days (film),Mx4rv973YpwpEbGdrcN5Y29ycA,Movie-CW
v,Lansdowne Folk Club,Mx4rvVjVT5wpEbGdrcN5Y29ycA,Organization
v,Katsukiyo Kubomatsu,Mx4rvViAkpwpEbGdrcN5Y29ycA,Person
u,(18326) 1985 CV1,Mx4rvVjB1JwpEbGdrcN5Y29ycA,Asteroid
i,Magala-Cad District,Mx4rv33BppwpEbGdrcN5Y29ycA,Village
v,Shahid Hussain Bhatti,Mx4rvViAkpwpEbGdrcN5Y29ycA,Person
v,Engers station,Mx4rvYOiA5wpEbGdrcN5Y29ycA,Terminal-TransferPoint
v,Jigme Namgyal (Bhutan),Mx4rvViAkpwpEbGdrcN5Y29ycA,Person
v,Vecherniy Bishkek,Mx4rv4ByW5wpEbGdrcN5Y29ycA,NewspaperSeries
v,Patrick van den Brink,Mx4rvViAkpwpEbGdrcN5Y29ycA,Person
v,Lamme,Mx4rvVkHM5wpEbGdrcN5Y29ycA,River
v,Eckelsbach,Mx4rvVkHM5wpEbGdrcN5Y29ycA,River
v,Edgar Gadbois,Mx4r1PJrHNViQdaf4KqKrwDfPQ,ElectedOfficial
v,Mlanje Mountain chameleon,Mx4rvVjyMJwpEbGdrcN5Y29ycA,Reptile
v,Vartan Matiossian,Mx4rvViAkpwpEbGdrcN5Y29ycA,Person
v,Chris Waddell,Mx4rFOwr9o12QdeYFMVwxtS1ag,SnowSkier
v,Open House (American Horror Story),Mx4rv6PpTpwpEbGdrcN5Y29ycA,TVShow-SingleCW
v,Loxaspilates nakajimai,Mx4rvVi495wpEbGdrcN5Y29ycA,Insect
v,Fabrizio Larini,Mx4rvViAkpwpEbGdrcN5Y29ycA,Person
v,Finesse (comics),Mx4rv16oEJwpEbGdrcN5Y29ycA,CartoonCharacter
v,Nepalis in the Netherlands,Mx4rvVjcrpwpEbGdrcN5Y29ycA,PersonTypeByEthnicity
v,"St. Mary's Roman Catholic Church (Elyria, Ohio)",Mx4rvVj7KJwpEbGdrcN5Y29ycA,Building
v,2012 Greek Cup Final,Mx4rvViPO5wpEbGdrcN5Y29ycA,SocialOccurrence
i,Piskivka,Mx4rv33BppwpEbGdrcN5Y29ycA,Village
i,D-400 engine,Mx4rvVjfm5wpEbGdrcN5Y29ycA,AutoEngine
v,Soldier (Gavin DeGraw song),Mx4rv6i4pJwpEbGdrcN5Y29ycA,SingleRecording-CW
v,McCauley Propeller Systems,Mx4rvVjQNpwpEbGdrcN5Y29ycA,Business
v,Bennie Seltzer,Mx4rmy4ToLZbEd2AAAAhm0vLxw,CollegeCoach
v,Laodamia faecella,Mx4rvVi495wpEbGdrcN5Y29ycA,Insect
i,Roaring Beach,Mx4rbFoHaMb1EdmAAAACs6hRjg,AdministrativeDistrict
v,Coulter Field (Bishop's),Mx4rvVjtnZwpEbGdrcN5Y29ycA,Stadium
v,Eva Dugan,Mx4rvViAkpwpEbGdrcN5Y29ycA,Person
v,Lester Lockett,Mx4rvVkI5ZwpEbGdrcN5Y29ycA,BaseballPlayer
v,12x12 Original Remixes,Mx4rwLmi3JwpEbGdrcN5Y29ycA,Album-CW
v,Fearless Vampire Killers (band),Mx4rvgEZGJwpEbGdrcN5Y29ycA,Band-MusicGroup
v,Joachim Weickert,Mx4rvViAkpwpEbGdrcN5Y29ycA,Person
v,Maria Emilia Menezes,Mx4r1PJrHNViQdaf4KqKrwDfPQ,ElectedOfficial
v,Londonderry Foyle Road railway station,Mx4rv6ZmoZwpEbGdrcN5Y29ycA,RailroadStation
v,Glyphipterix perimetalla,Mx4rvVi495wpEbGdrcN5Y29ycA,Insect
v,Qaleh-ye Nur Mohammad,Mx4rv33BppwpEbGdrcN5Y29ycA,Village
v,Maximum Games,Mx4rvVjQNpwpEbGdrcN5Y29ycA,Business
v,"Masonic Hall, Monmouth",Mx4rvVj7KJwpEbGdrcN5Y29ycA,Building
v,Gyan Educational Institution,Mx4r3np2ODTxEdqAAAAH6RYvSQ,School-AcademicOrganization
v,Mordellistena gianassoi,Mx4rvVi495wpEbGdrcN5Y29ycA,Insect
v,Senji-ye Olya,Mx4rv33BppwpEbGdrcN5Y29ycA,Village
v,Andrei Rostotsky,Mx4rvViAkpwpEbGdrcN5Y29ycA,Person
v,Copelatus galapagoensis,Mx4rvVi495wpEbGdrcN5Y29ycA,Insect
v,Jean-Pierre Chambellan,Mx4rwByumpwpEbGdrcN5Y29ycA,Wrestler
v,Space Tourists,Mx4rv973YpwpEbGdrcN5Y29ycA,Movie-CW
v,Jabez Huntington (colonist),Mx4rvViAkpwpEbGdrcN5Y29ycA,Person
v,Jolla,Mx4rvVjQNpwpEbGdrcN5Y29ycA,Business
v,Allan Coxon,Mx4rvViAkpwpEbGdrcN5Y29ycA,Person
v,Hans Malmström,Mx4rvVkDmZwpEbGdrcN5Y29ycA,SoccerPlayer
i,"Yamacraw, Kentucky",Mx4rv33BppwpEbGdrcN5Y29ycA,Village
v,The New Deadwardians,Mx4rwMeg6JwpEbGdrcN5Y29ycA,ComicBookSeries
v,"Kırcaklı, Nazilli",Mx4rv33BppwpEbGdrcN5Y29ycA,Village
v,Arnaud Dulac,Mx4r9fazlFBNTAiNcjTsUotVcg,RugbyPlayer
v,Richmond Downtown Historic District,Mx4rN9lf4CTeQdee4PjuZp8BLw,HistoricalSite
v,M Abdurahman Salafi,Mx4rvViAkpwpEbGdrcN5Y29ycA,Person
v,Suomen huippumalli haussa (cycle 5),Mx4rvnewlpwpEbGdrcN5Y29ycA,TVShow-CW
v,Ab Mishan,Mx4rv33BppwpEbGdrcN5Y29ycA,Village
v,Jalizi-ye Hanzaleh,Mx4rv33BppwpEbGdrcN5Y29ycA,Village
v,Alfred Baumgarten,Mx4rvViAkpwpEbGdrcN5Y29ycA,Person
v,Stop the Decline,Mx4rvVj82pwpEbGdrcN5Y29ycA,PoliticalParty
v,Hrvoje Turković,Mx4rvViAkpwpEbGdrcN5Y29ycA,Person
v,Oneida marmorata,Mx4rvVi495wpEbGdrcN5Y29ycA,Insect
v,22 (Taylor Swift song),Mx4rv6i4pJwpEbGdrcN5Y29ycA,SingleRecording-CW
i,Ramkan Rural District,Mx4rv33BppwpEbGdrcN5Y29ycA,Village
v,Association of Surfing Professionals Europe,Mx4rvVjVT5wpEbGdrcN5Y29ycA,Organization
v,Graphium euphratoides,Mx4rvVi495wpEbGdrcN5Y29ycA,Insect
u,List of countries and capitals with currency and language,Mx4rvVkLu5wpEbGdrcN5Y29ycA,Continent
v,"Robert Cooke (cricketer, born 1900)",Mx4rvViAkpwpEbGdrcN5Y29ycA,Person
v,Prosolanapyrone-II oxidase,Mx4rvfBoWZwpEbGdrcN5Y29ycA,EnzymeMolecule
v,David Holton,Mx4rvViAkpwpEbGdrcN5Y29ycA,Person
v,"Baba Ali, Hamadan",Mx4rv33BppwpEbGdrcN5Y29ycA,Village
v,Dan Massey,Mx4rvViAkpwpEbGdrcN5Y29ycA,Person
v,Somatina anthophilata,Mx4rvVi495wpEbGdrcN5Y29ycA,Insect
v,Gerd Zimmermann (speed skater),Mx4rvVi--5wpEbGdrcN5Y29ycA,Athlete
v,Photographs as Memories,Mx4rwLmi3JwpEbGdrcN5Y29ycA,Album-CW
v,Epes W. Sargent,Mx4rvViAkpwpEbGdrcN5Y29ycA,Person
v,Dawn Batterbee Miller,Mx4rvVj7rpwpEbGdrcN5Y29ycA,Writer
v,"Bardeh, Chaharmahal and Bakhtiari",Mx4rv33BppwpEbGdrcN5Y29ycA,Village
v,Yvonne Chia,Mx4rvViAkpwpEbGdrcN5Y29ycA,Person
v,"Mata, Iran",Mx4rv33BppwpEbGdrcN5Y29ycA,Village
v,Yan Jeou-rong,Mx4r1PJrHNViQdaf4KqKrwDfPQ,ElectedOfficial
v,Paul Brown (Australian politician),Mx4r1PJrHNViQdaf4KqKrwDfPQ,ElectedOfficial
v,Robert Myhrum,Mx4rvViAkpwpEbGdrcN5Y29ycA,Person
v,Jim Don,Mx4rWqQz26Q3T4SXOePQJ9KeKw,FootballPlayer-Australian
v,Las Dunas Airport,Mx4rvVj-r5wpEbGdrcN5Y29ycA,Airport-Physical
v,Jaime Enrique Duque Correa,Mx4rvViAkpwpEbGdrcN5Y29ycA,Person
v,GoAnimate,Mx4rvVjQNpwpEbGdrcN5Y29ycA,Business
v,Dead Boots,Mx4rvgEZGJwpEbGdrcN5Y29ycA,Band-MusicGroup
v,"Logan House (Wilmington, Delaware)",Mx4rN9lf4CTeQdee4PjuZp8BLw,HistoricalSite
v,Murphy Army Hospital,Mx4rvVjptJwpEbGdrcN5Y29ycA,HospitalBuilding
v,1973 Aryamehr Cup,Mx4rwOI75pwpEbGdrcN5Y29ycA,Tournament
v,WindowsWear,Mx4rvVjQNpwpEbGdrcN5Y29ycA,Business
v,Frame Cottage,Mx4rvVj7KJwpEbGdrcN5Y29ycA,Building
v,Sri Valli,Mx4rv973YpwpEbGdrcN5Y29ycA,Movie-CW
v,Villa de Soto Airport,Mx4rvVj-r5wpEbGdrcN5Y29ycA,Airport-Physical
v,NGC 262,Mx4rwPurL5wpEbGdrcN5Y29ycA,Galaxy
v,Qeshlaqhay Arablu,Mx4rv33BppwpEbGdrcN5Y29ycA,Village
v,Shreya Sharma,Mx4rvViAkpwpEbGdrcN5Y29ycA,Person
v,Stromemycin,Mx4rvVjNlZwpEbGdrcN5Y29ycA,ChemicalSubstanceType
v,"Jamalabad, Sarab",Mx4rv33BppwpEbGdrcN5Y29ycA,Village
v,"Santo, Sam and Ed’s Total Football",Mx4rvnewlpwpEbGdrcN5Y29ycA,TVShow-CW
v,"Badamlu, West Azerbaijan",Mx4rv33BppwpEbGdrcN5Y29ycA,Village
v,KidsOut,Mx4rvViu6JwpEbGdrcN5Y29ycA,NonProfitOrganization
v,Daoiz Uriarte,Mx4rvViAkpwpEbGdrcN5Y29ycA,Person
v,Nesen,Mx4rv33BppwpEbGdrcN5Y29ycA,Village
v,Eystrup railway station,Mx4rvYOiA5wpEbGdrcN5Y29ycA,Terminal-TransferPoint
v,Hector Beers,Mx4rvViAkpwpEbGdrcN5Y29ycA,Person
v,"Do Sar, Bijar",Mx4rv33BppwpEbGdrcN5Y29ycA,Village
u,"G D Goenka University, Gurgaon",Mx4rvVjjvpwpEbGdrcN5Y29ycA,University
v,Football at the 2004 South Asian Games,Mx4rwOI75pwpEbGdrcN5Y29ycA,Tournament
v,Eurata parishi,Mx4rvVi495wpEbGdrcN5Y29ycA,Insect
u,Vijayalakshmy K. Gupta,Mx4r1PJrHNViQdaf4KqKrwDfPQ,ElectedOfficial
v,Emma Knyckare,Mx4rvViAkpwpEbGdrcN5Y29ycA,Person
v,Suphanburi Railway Station,Mx4rvYOiA5wpEbGdrcN5Y29ycA,Terminal-TransferPoint
v,Penkala 1910 Biplane,Mx4rz9o1UoVbQdeGXJ2yLxG0_A,AirTransportationVehicle
v,Ernie McLea,Mx4rvVjL0JwpEbGdrcN5Y29ycA,IceHockeyPlayer
v,Mansurabad-e Olya,Mx4rv33BppwpEbGdrcN5Y29ycA,Village
v,Ivan Nechepurenko,Mx4rvViAkpwpEbGdrcN5Y29ycA,Person
v,Jenny Doan,Mx4rvViAkpwpEbGdrcN5Y29ycA,Person
v,Ficus altissima,Mx4rvVjG4ZwpEbGdrcN5Y29ycA,Plant
v,Liao Chengjian,Mx4rvVkDmZwpEbGdrcN5Y29ycA,SoccerPlayer
v,You and Me (Damon Albarn song),Mx4r-s4qKnS9EdaAAACgyZzFrg,MusicalComposition-Song
v,Blastobasis aphanes,Mx4rvVi495wpEbGdrcN5Y29ycA,Insect
