Dylan Thomas,Mx4rvViAkpwpEbGdrcN5Y29ycA,Person
Metin Kaçan,Mx4rvViAkpwpEbGdrcN5Y29ycA,Person
Kebriones,Mx4rvViAkpwpEbGdrcN5Y29ycA,Person
Mark Z. Danielewski,Mx4rvViAkpwpEbGdrcN5Y29ycA,Person
William James,Mx4rvViAkpwpEbGdrcN5Y29ycA,Person
"Grubbs, Arkansas",Mx4rvVjl2pwpEbGdrcN5Y29ycA,GeopoliticalEntity
"Wahpeton, Iowa",Mx4rvVjl2pwpEbGdrcN5Y29ycA,GeopoliticalEntity
"Louisburg, Kansas",Mx4rvVjl2pwpEbGdrcN5Y29ycA,GeopoliticalEntity
"Chester Township, Eaton County, Michigan",Mx4rvVjl2pwpEbGdrcN5Y29ycA,GeopoliticalEntity
"Stewartville, Minnesota",Mx4rvVjl2pwpEbGdrcN5Y29ycA,GeopoliticalEntity
"Clarkson, Nebraska",Mx4rvVjl2pwpEbGdrcN5Y29ycA,GeopoliticalEntity
"High Bridge, New Jersey",Mx4rvVjl2pwpEbGdrcN5Y29ycA,GeopoliticalEntity
"North Miami, Oklahoma",Mx4rvVjl2pwpEbGdrcN5Y29ycA,GeopoliticalEntity
"London Britain Township, Chester County, Pennsylvania",Mx4rvVjl2pwpEbGdrcN5Y29ycA,GeopoliticalEntity
"Union Township, Tioga County, Pennsylvania",Mx4rvVjl2pwpEbGdrcN5Y29ycA,GeopoliticalEntity
"Scituate, Rhode Island",Mx4rvVjl2pwpEbGdrcN5Y29ycA,GeopoliticalEntity
"Castle Rock, Wisconsin",Mx4rvVjl2pwpEbGdrcN5Y29ycA,GeopoliticalEntity
Messiah (Handel),Mx4rwClAZJwpEbGdrcN5Y29ycA,ConceptualWork
"Mette-Marit, Crown Princess of Norway",Mx4rvViAkpwpEbGdrcN5Y29ycA,Person
"Nieuwpoort, Belgium",Mx4rvVjl2pwpEbGdrcN5Y29ycA,GeopoliticalEntity
Eliot Ness,Mx4rvViAkpwpEbGdrcN5Y29ycA,Person
George Girard,Mx4rvViAkpwpEbGdrcN5Y29ycA,Person
Cesare Lombroso,Mx4rvViAkpwpEbGdrcN5Y29ycA,Person
Nancy Wake,Mx4rvViAkpwpEbGdrcN5Y29ycA,Person
Robert Charles Wilson,Mx4rvViAkpwpEbGdrcN5Y29ycA,Person
"Coamo, Puerto Rico",Mx4rvVjl2pwpEbGdrcN5Y29ycA,GeopoliticalEntity
I'm a Little Teapot,Mx4rwClAZJwpEbGdrcN5Y29ycA,ConceptualWork
Tapovan Maharaj,Mx4rvViAkpwpEbGdrcN5Y29ycA,Person
William Chillingworth,Mx4rvViAkpwpEbGdrcN5Y29ycA,Person
Darby Crash,Mx4rvViAkpwpEbGdrcN5Y29ycA,Person
The Emperor's New Groove,Mx4rwClAZJwpEbGdrcN5Y29ycA,ConceptualWork
Balbina Steffenone,Mx4rvViAkpwpEbGdrcN5Y29ycA,Person
Castle Point,Mx4rvVjl2pwpEbGdrcN5Y29ycA,GeopoliticalEntity
Province of Ragusa,Mx4rvVjl2pwpEbGdrcN5Y29ycA,GeopoliticalEntity
Thutmose II,Mx4rvViAkpwpEbGdrcN5Y29ycA,Person
Dimitrie Brătianu,Mx4rvViAkpwpEbGdrcN5Y29ycA,Person
"Americana, São Paulo",Mx4rvVjl2pwpEbGdrcN5Y29ycA,GeopoliticalEntity
Harry Brecheen,Mx4rvViAkpwpEbGdrcN5Y29ycA,Person
William Carstares,Mx4rvViAkpwpEbGdrcN5Y29ycA,Person
3784 Chopin,Mx4rvakVVZwpEbGdrcN5Y29ycA,InanimateObject-Natural
Bülent Ecevit,Mx4rvViAkpwpEbGdrcN5Y29ycA,Person
NZ Native Forests Restoration Trust,Mx4rvVjVT5wpEbGdrcN5Y29ycA,Organization
Terry Wynn,Mx4rvViAkpwpEbGdrcN5Y29ycA,Person
Anatoly Artsebarsky,Mx4rvViAkpwpEbGdrcN5Y29ycA,Person
Graeme Souness,Mx4rvViAkpwpEbGdrcN5Y29ycA,Person
Dancing at Lughnasa,Mx4rwClAZJwpEbGdrcN5Y29ycA,ConceptualWork
Watership Down (film),Mx4rwClAZJwpEbGdrcN5Y29ycA,ConceptualWork
Lars Olav Karlsen,Mx4rvViAkpwpEbGdrcN5Y29ycA,Person
Harvard Divinity School,Mx4rvVjVT5wpEbGdrcN5Y29ycA,Organization
Lidiya Ginzburg,Mx4rvViAkpwpEbGdrcN5Y29ycA,Person
Lilium humboldtii,Mx4rvVjG4ZwpEbGdrcN5Y29ycA,Plant
Joan of Arc (1948 film),Mx4rwClAZJwpEbGdrcN5Y29ycA,ConceptualWork
Norman Yardley,Mx4rvViAkpwpEbGdrcN5Y29ycA,Person
Symphony No. 7 (Dvořák),Mx4rwClAZJwpEbGdrcN5Y29ycA,ConceptualWork
Milan Biševac,Mx4rvViAkpwpEbGdrcN5Y29ycA,Person
New York University School of Law,Mx4rvVjVT5wpEbGdrcN5Y29ycA,Organization
Picea breweriana,Mx4rvVjG4ZwpEbGdrcN5Y29ycA,Plant
Communist Organization of Angola,Mx4rvVjVT5wpEbGdrcN5Y29ycA,Organization
Dave Kitson,Mx4rvViAkpwpEbGdrcN5Y29ycA,Person
Simon Abadie,Mx4rvViAkpwpEbGdrcN5Y29ycA,Person
Kasi Lemmons,Mx4rvViAkpwpEbGdrcN5Y29ycA,Person
James Hope (Royal Navy officer),Mx4rvViAkpwpEbGdrcN5Y29ycA,Person
Ursula Stenzel,Mx4rvViAkpwpEbGdrcN5Y29ycA,Person
Fort Portal,Mx4rvVjl2pwpEbGdrcN5Y29ycA,GeopoliticalEntity
Left Communist Youth League,Mx4rvVjVT5wpEbGdrcN5Y29ycA,Organization
1632 series,Mx4rwClAZJwpEbGdrcN5Y29ycA,ConceptualWork,Mx4rvVjmoJwpEbGdrcN5Y29ycA,Group
"Peter Manfredo, Jr.",Mx4rvViAkpwpEbGdrcN5Y29ycA,Person
Frankie Darro,Mx4rvViAkpwpEbGdrcN5Y29ycA,Person
Kofi Abrefa Busia,Mx4rvViAkpwpEbGdrcN5Y29ycA,Person
Addlestone railway station,Mx4rvVidpZwpEbGdrcN5Y29ycA,ConstructionArtifact,Mx4rvVjHL5wpEbGdrcN5Y29ycA,PhysicalDevice,Mx4rv6EfGZwpEbGdrcN5Y29ycA,Place-NonAgent
Francisco Moreno,Mx4rvViAkpwpEbGdrcN5Y29ycA,Person
Hey Hey What Can I Do,Mx4rwClAZJwpEbGdrcN5Y29ycA,ConceptualWork
Berhtwald,Mx4rvViAkpwpEbGdrcN5Y29ycA,Person
Chicago: City on the Make,Mx4rwClAZJwpEbGdrcN5Y29ycA,ConceptualWork
Józef Stefan Godlewski,Mx4rvViAkpwpEbGdrcN5Y29ycA,Person
Michał Kalecki,Mx4rvViAkpwpEbGdrcN5Y29ycA,Person
Rangamati,Mx4rvVjl2pwpEbGdrcN5Y29ycA,GeopoliticalEntity
Margaret Forrest,Mx4rvViAkpwpEbGdrcN5Y29ycA,Person
Charles L. Harness,Mx4rvViAkpwpEbGdrcN5Y29ycA,Person
Jean Passerat,Mx4rvViAkpwpEbGdrcN5Y29ycA,Person
"San Fernando, Morazán",Mx4rvVjl2pwpEbGdrcN5Y29ycA,GeopoliticalEntity
Tracy Harris,Mx4rvViAkpwpEbGdrcN5Y29ycA,Person
Trevor Wye,Mx4rvViAkpwpEbGdrcN5Y29ycA,Person
Oluwasegun Abiodun,Mx4rvViAkpwpEbGdrcN5Y29ycA,Person
Emily Mae Young,Mx4rvViAkpwpEbGdrcN5Y29ycA,Person
Rodney Linderman,Mx4rvViAkpwpEbGdrcN5Y29ycA,Person
Kwik Kian Gie,Mx4rvViAkpwpEbGdrcN5Y29ycA,Person
Marcin Baran,Mx4rvViAkpwpEbGdrcN5Y29ycA,Person
Baramita,Mx4rvVjl2pwpEbGdrcN5Y29ycA,GeopoliticalEntity
Darcy Rose Byrnes,Mx4rvViAkpwpEbGdrcN5Y29ycA,Person
Geoff Strong,Mx4rvViAkpwpEbGdrcN5Y29ycA,Person
David Nobbs,Mx4rvViAkpwpEbGdrcN5Y29ycA,Person
Edward Jones Investments,Mx4rvViS05wpEbGdrcN5Y29ycA,CommercialOrganization
Darryl Brohman,Mx4rvViAkpwpEbGdrcN5Y29ycA,Person
J. R. Bourne,Mx4rvViAkpwpEbGdrcN5Y29ycA,Person
Thomas Tsugi,Mx4rvViAkpwpEbGdrcN5Y29ycA,Person
El Busto,Mx4rvVjl2pwpEbGdrcN5Y29ycA,GeopoliticalEntity
Jacob Gerritsz. Cuyp,Mx4rvViAkpwpEbGdrcN5Y29ycA,Person
Garrett L. Withers,Mx4rvViAkpwpEbGdrcN5Y29ycA,Person
Dariusz Dziekanowski,Mx4rvViAkpwpEbGdrcN5Y29ycA,Person
Bernardo Leighton,Mx4rvViAkpwpEbGdrcN5Y29ycA,Person
Assemblies of God Theological Seminary,Mx4rvVjVT5wpEbGdrcN5Y29ycA,Organization
Harry Tracy,Mx4rvViAkpwpEbGdrcN5Y29ycA,Person
Franklin Street (IRT Broadway – Seventh Avenue Line),Mx4rvVidpZwpEbGdrcN5Y29ycA,ConstructionArtifact,Mx4rvVjHL5wpEbGdrcN5Y29ycA,PhysicalDevice,Mx4rv6EfGZwpEbGdrcN5Y29ycA,Place-NonAgent
Richard Osterlind,Mx4rvViAkpwpEbGdrcN5Y29ycA,Person
Leonti Mroveli,Mx4rvViAkpwpEbGdrcN5Y29ycA,Person
Vilém Blodek,Mx4rvViAkpwpEbGdrcN5Y29ycA,Person
George W. Jenkins,Mx4rvViAkpwpEbGdrcN5Y29ycA,Person
Portuguese Maximalist Federation,Mx4rvVjVT5wpEbGdrcN5Y29ycA,Organization
Terry Schoonover,Mx4rvViAkpwpEbGdrcN5Y29ycA,Person
Mogollon Mountains,Mx4rv6EfGZwpEbGdrcN5Y29ycA,Place-NonAgent,Mx4rvViACZwpEbGdrcN5Y29ycA,GeographicalRegion
Frank Doubleday (actor),Mx4rvViAkpwpEbGdrcN5Y29ycA,Person
Les Tavernes,Mx4rvVjl2pwpEbGdrcN5Y29ycA,GeopoliticalEntity
L. Harry Waidner,Mx4rvViAkpwpEbGdrcN5Y29ycA,Person
Saitō Toshimitsu,Mx4rvViAkpwpEbGdrcN5Y29ycA,Person
Euryclides de Jesus Zerbini,Mx4rvViAkpwpEbGdrcN5Y29ycA,Person
Dee Nasty,Mx4rvViAkpwpEbGdrcN5Y29ycA,Person
Henry Stanley Plummer,Mx4rvViAkpwpEbGdrcN5Y29ycA,Person
Garango,Mx4rvVjl2pwpEbGdrcN5Y29ycA,GeopoliticalEntity
Nikos Kostakis,Mx4rvViAkpwpEbGdrcN5Y29ycA,Person
Luke Kirby (priest),Mx4rvViAkpwpEbGdrcN5Y29ycA,Person
Lambert of Ardres,Mx4rvViAkpwpEbGdrcN5Y29ycA,Person
Christa McAuliffe Space Education Center,Mx4rvVjVT5wpEbGdrcN5Y29ycA,Organization
Gil Carlos Rodríguez Iglesias,Mx4rvViAkpwpEbGdrcN5Y29ycA,Person
Jazz Interactions,Mx4rvVjVT5wpEbGdrcN5Y29ycA,Organization
Lee Jones (author),Mx4rvViAkpwpEbGdrcN5Y29ycA,Person
Ashley Callus,Mx4rvViAkpwpEbGdrcN5Y29ycA,Person
Pier Pressure (Arrested Development),Mx4rwClAZJwpEbGdrcN5Y29ycA,ConceptualWork
Kerry Max Cook,Mx4rvViAkpwpEbGdrcN5Y29ycA,Person
Elmore Y. Sarles,Mx4rvViAkpwpEbGdrcN5Y29ycA,Person
John Wallace (basketball),Mx4rvViAkpwpEbGdrcN5Y29ycA,Person
Graham Smith (Canadian swimmer),Mx4rvViAkpwpEbGdrcN5Y29ycA,Person
"Henry Corby, Jr.",Mx4rvViAkpwpEbGdrcN5Y29ycA,Person
Svensson,Mx4rvf9sZJwpEbGdrcN5Y29ycA,AspatialInformationStore
Irma Flaquer,Mx4rvViAkpwpEbGdrcN5Y29ycA,Person
James Grier Miller,Mx4rvViAkpwpEbGdrcN5Y29ycA,Person
Edison Preparatory School,Mx4rvVjVT5wpEbGdrcN5Y29ycA,Organization
Gregorio Morales,Mx4rvViAkpwpEbGdrcN5Y29ycA,Person
Brandão (footballer born 1980),Mx4rvViAkpwpEbGdrcN5Y29ycA,Person
Melinda M. Snodgrass,Mx4rvViAkpwpEbGdrcN5Y29ycA,Person
Standard Tibetan,Mx4rvf9sZJwpEbGdrcN5Y29ycA,AspatialInformationStore
Nathan Lovett-Murray,Mx4rvViAkpwpEbGdrcN5Y29ycA,Person
Jacques Servin,Mx4rvViAkpwpEbGdrcN5Y29ycA,Person
Tom Brands,Mx4rvViAkpwpEbGdrcN5Y29ycA,Person
Luís da Silva Mouzinho de Albuquerque,Mx4rvViAkpwpEbGdrcN5Y29ycA,Person
Porto Tolle,Mx4rvVjl2pwpEbGdrcN5Y29ycA,GeopoliticalEntity
Craig Perret,Mx4rvViAkpwpEbGdrcN5Y29ycA,Person
Men of Crisis: The Harvey Wallinger Story,Mx4rwClAZJwpEbGdrcN5Y29ycA,ConceptualWork
Joel Corey,Mx4rvViAkpwpEbGdrcN5Y29ycA,Person
Joseph R. Inge,Mx4rvViAkpwpEbGdrcN5Y29ycA,Person
Dömitz,Mx4rvVjl2pwpEbGdrcN5Y29ycA,GeopoliticalEntity
Ben Brown (journalist),Mx4rvViAkpwpEbGdrcN5Y29ycA,Person
Louis Nathaniel de Rothschild,Mx4rvViAkpwpEbGdrcN5Y29ycA,Person
Stags and Hens,Mx4rwClAZJwpEbGdrcN5Y29ycA,ConceptualWork
León Fidel Ojeda,Mx4rvViAkpwpEbGdrcN5Y29ycA,Person
"Atri, Abruzzo",Mx4rvVjl2pwpEbGdrcN5Y29ycA,GeopoliticalEntity
Gary Hallberg,Mx4rvViAkpwpEbGdrcN5Y29ycA,Person
Helene Moszkiewiez,Mx4rvViAkpwpEbGdrcN5Y29ycA,Person
Liverpool City (rugby league),Mx4rvVjVT5wpEbGdrcN5Y29ycA,Organization
Sant'Angelo di Piove di Sacco,Mx4rvVjl2pwpEbGdrcN5Y29ycA,GeopoliticalEntity
Oswaldo Navarro,Mx4rvViAkpwpEbGdrcN5Y29ycA,Person
"Niigata, Niigata",Mx4rvVjl2pwpEbGdrcN5Y29ycA,GeopoliticalEntity
Pasturo,Mx4rvVjl2pwpEbGdrcN5Y29ycA,GeopoliticalEntity
Sonnie Hale,Mx4rvViAkpwpEbGdrcN5Y29ycA,Person
Miwako Okuda,Mx4rvViAkpwpEbGdrcN5Y29ycA,Person
Baptist Mid-Missions,Mx4rvVjVT5wpEbGdrcN5Y29ycA,Organization
"Telecommunications for the Deaf, Inc.",Mx4rvVjVT5wpEbGdrcN5Y29ycA,Organization
Phalo kaTshiwo,Mx4rvViAkpwpEbGdrcN5Y29ycA,Person
Kyle Hogg,Mx4rvViAkpwpEbGdrcN5Y29ycA,Person
Grand (CTA Blue Line station),Mx4rvVidpZwpEbGdrcN5Y29ycA,ConstructionArtifact,Mx4rvVjHL5wpEbGdrcN5Y29ycA,PhysicalDevice,Mx4rv6EfGZwpEbGdrcN5Y29ycA,Place-NonAgent
Endgame (Derrick Jensen books),Mx4rwClAZJwpEbGdrcN5Y29ycA,ConceptualWork
Korea Tourism Organization,Mx4rvVjVT5wpEbGdrcN5Y29ycA,Organization
Alyssa Searrs,Mx4rwQwwBZwpEbGdrcN5Y29ycA,FictionalThing
Virginia Institute for Forensic Science and Medicine,Mx4rvVjVT5wpEbGdrcN5Y29ycA,Organization
Miguel Zacarías,Mx4rvViAkpwpEbGdrcN5Y29ycA,Person
Rae Berger,Mx4rvViAkpwpEbGdrcN5Y29ycA,Person
Harukichi Hyakutake,Mx4rvViAkpwpEbGdrcN5Y29ycA,Person
Gil Brandt,Mx4rvViAkpwpEbGdrcN5Y29ycA,Person
Adam Asnyk,Mx4rvViAkpwpEbGdrcN5Y29ycA,Person
München Trudering station,Mx4rvVidpZwpEbGdrcN5Y29ycA,ConstructionArtifact,Mx4rvVjHL5wpEbGdrcN5Y29ycA,PhysicalDevice,Mx4rv6EfGZwpEbGdrcN5Y29ycA,Place-NonAgent
Antonio Juliano,Mx4rvViAkpwpEbGdrcN5Y29ycA,Person
Colacho Mendoza,Mx4rvViAkpwpEbGdrcN5Y29ycA,Person
Ernie Green,Mx4rvViAkpwpEbGdrcN5Y29ycA,Person
Kamihama Station,Mx4rvVidpZwpEbGdrcN5Y29ycA,ConstructionArtifact,Mx4rvVjHL5wpEbGdrcN5Y29ycA,PhysicalDevice,Mx4rv6EfGZwpEbGdrcN5Y29ycA,Place-NonAgent
Fools for Love,Mx4rwClAZJwpEbGdrcN5Y29ycA,ConceptualWork
Oita Miyoshi Weisse Adler,Mx4rvVjVT5wpEbGdrcN5Y29ycA,Organization
"Trans, Switzerland",Mx4rvVjl2pwpEbGdrcN5Y29ycA,GeopoliticalEntity
Pablo Correa,Mx4rvViAkpwpEbGdrcN5Y29ycA,Person
John Feikens,Mx4rvViAkpwpEbGdrcN5Y29ycA,Person
West Potrillo Mountains,Mx4rv6EfGZwpEbGdrcN5Y29ycA,Place-NonAgent,Mx4rvViACZwpEbGdrcN5Y29ycA,GeographicalRegion
Cluj-Napoca Romanian National Opera,Mx4rvVjVT5wpEbGdrcN5Y29ycA,Organization
1988 United States motorcycle Grand Prix,Mx4rvVioQZwpEbGdrcN5Y29ycA,Action
I-10 High Rise Bridge,Mx4rvVidpZwpEbGdrcN5Y29ycA,ConstructionArtifact,Mx4rvVjHL5wpEbGdrcN5Y29ycA,PhysicalDevice,Mx4rv6EfGZwpEbGdrcN5Y29ycA,Place-NonAgent
Raúl Aldana,Mx4rvViAkpwpEbGdrcN5Y29ycA,Person
Luxemburger Wort,Mx4rwClAZJwpEbGdrcN5Y29ycA,ConceptualWork,Mx4rvVjmoJwpEbGdrcN5Y29ycA,Group
Solomon Stanwood Menken,Mx4rvViAkpwpEbGdrcN5Y29ycA,Person
Alexey Spirin,Mx4rvViAkpwpEbGdrcN5Y29ycA,Person
Semelaic languages,Mx4rvf9sZJwpEbGdrcN5Y29ycA,AspatialInformationStore
Shinji Wada,Mx4rvViAkpwpEbGdrcN5Y29ycA,Person
Edith Holloway,Mx4rvViAkpwpEbGdrcN5Y29ycA,Person
Labor federation competition in the United States,Mx4rvVjVT5wpEbGdrcN5Y29ycA,Organization
From the Misery of Don Joost,Mx4rwClAZJwpEbGdrcN5Y29ycA,ConceptualWork
Simon Mayor,Mx4rvViAkpwpEbGdrcN5Y29ycA,Person
Alexander Imeretinsky,Mx4rvViAkpwpEbGdrcN5Y29ycA,Person
"Sir Michael Biddulph, 2nd Baronet",Mx4rvViAkpwpEbGdrcN5Y29ycA,Person
Dafydd Llwyd ap Llywelyn ap Gruffudd (Dafydd Llwyd o Fathafarn),Mx4rvViAkpwpEbGdrcN5Y29ycA,Person
LaMark Carter,Mx4rvViAkpwpEbGdrcN5Y29ycA,Person
Ellsworth Kalas,Mx4rvViAkpwpEbGdrcN5Y29ycA,Person
Keezo Kane,Mx4rvViAkpwpEbGdrcN5Y29ycA,Person
Tan Boon Heong,Mx4rvViAkpwpEbGdrcN5Y29ycA,Person
Greg McMurtry,Mx4rvViAkpwpEbGdrcN5Y29ycA,Person
Chikurin-ji,Mx4rvVidpZwpEbGdrcN5Y29ycA,ConstructionArtifact,Mx4rvVjHL5wpEbGdrcN5Y29ycA,PhysicalDevice,Mx4rv6EfGZwpEbGdrcN5Y29ycA,Place-NonAgent
Oberreute,Mx4rvVjl2pwpEbGdrcN5Y29ycA,GeopoliticalEntity
Muhammadu Junaidu,Mx4rvViAkpwpEbGdrcN5Y29ycA,Person
Olaf Dufseth,Mx4rvViAkpwpEbGdrcN5Y29ycA,Person
Topi Sarparanta,Mx4rvViAkpwpEbGdrcN5Y29ycA,Person
Hsu Jen-feng,Mx4rvViAkpwpEbGdrcN5Y29ycA,Person
Walter Brierley,Mx4rvViAkpwpEbGdrcN5Y29ycA,Person
Jerome Lagarrigue,Mx4rvViAkpwpEbGdrcN5Y29ycA,Person
Instituto Técnico Militar,Mx4rvVjVT5wpEbGdrcN5Y29ycA,Organization
Brandon Jackson (American football),Mx4rvViAkpwpEbGdrcN5Y29ycA,Person
Orlando Early,Mx4rvViAkpwpEbGdrcN5Y29ycA,Person
"Lionel Sackville-West, 3rd Baron Sackville",Mx4rvViAkpwpEbGdrcN5Y29ycA,Person
XEWL-AM,Mx4rvVjVT5wpEbGdrcN5Y29ycA,Organization
Atajate,Mx4rvVjl2pwpEbGdrcN5Y29ycA,GeopoliticalEntity
Jules Pirard,Mx4rvViAkpwpEbGdrcN5Y29ycA,Person
Nieuw-Vossemeer,Mx4rvVjl2pwpEbGdrcN5Y29ycA,GeopoliticalEntity
Clive Haywood,Mx4rvViAkpwpEbGdrcN5Y29ycA,Person
Lyudmila Bikmullina,Mx4rvViAkpwpEbGdrcN5Y29ycA,Person
Raja Azureen,Mx4rvViAkpwpEbGdrcN5Y29ycA,Person
Johann Theodor de Bry,Mx4rvViAkpwpEbGdrcN5Y29ycA,Person
Jonathan M. Rothberg,Mx4rvViAkpwpEbGdrcN5Y29ycA,Person
Peter Castro,Mx4rvViAkpwpEbGdrcN5Y29ycA,Person
Meir Taweig Synagogue,Mx4rvVidpZwpEbGdrcN5Y29ycA,ConstructionArtifact,Mx4rvVjHL5wpEbGdrcN5Y29ycA,PhysicalDevice,Mx4rv6EfGZwpEbGdrcN5Y29ycA,Place-NonAgent
Joe Stynes,Mx4rvViAkpwpEbGdrcN5Y29ycA,Person
Hugh S. Hersman,Mx4rvViAkpwpEbGdrcN5Y29ycA,Person
John W. Rainey,Mx4rvViAkpwpEbGdrcN5Y29ycA,Person
Walter C. Newberry,Mx4rvViAkpwpEbGdrcN5Y29ycA,Person
Hugo Ayala,Mx4rvViAkpwpEbGdrcN5Y29ycA,Person
Alex Bennett (footballer),Mx4rvViAkpwpEbGdrcN5Y29ycA,Person
Raymond Stevens (judoka),Mx4rvViAkpwpEbGdrcN5Y29ycA,Person
James G. Spencer,Mx4rvViAkpwpEbGdrcN5Y29ycA,Person
James M. Baker (mayor),Mx4rvViAkpwpEbGdrcN5Y29ycA,Person
Hyo Kang,Mx4rvViAkpwpEbGdrcN5Y29ycA,Person
Far Cry (Marvin Gaye song),Mx4rwClAZJwpEbGdrcN5Y29ycA,ConceptualWork
Mikelis Avlichos,Mx4rvViAkpwpEbGdrcN5Y29ycA,Person
Korean Canadian,Mx4rvViAkpwpEbGdrcN5Y29ycA,Person
Mike Mathis,Mx4rvViAkpwpEbGdrcN5Y29ycA,Person
Betty Malmberg,Mx4rvViAkpwpEbGdrcN5Y29ycA,Person
Bangladesh University,Mx4rvVjVT5wpEbGdrcN5Y29ycA,Organization
John Orsi,Mx4rvViAkpwpEbGdrcN5Y29ycA,Person
Robert Garrigus,Mx4rvViAkpwpEbGdrcN5Y29ycA,Person
Gottipati Brahmaiah,Mx4rvViAkpwpEbGdrcN5Y29ycA,Person
Tommy Thompson (footballer born 1928),Mx4rvViAkpwpEbGdrcN5Y29ycA,Person
La Cuba,Mx4rvVjl2pwpEbGdrcN5Y29ycA,GeopoliticalEntity
Pedro de Villegas Marmolejo,Mx4rvViAkpwpEbGdrcN5Y29ycA,Person
Vipperow,Mx4rvVjl2pwpEbGdrcN5Y29ycA,GeopoliticalEntity
John Onaiyekan,Mx4rvViAkpwpEbGdrcN5Y29ycA,Person
Ernst Brandsten,Mx4rvViAkpwpEbGdrcN5Y29ycA,Person
Roger Moeremans d'Emaüs,Mx4rvViAkpwpEbGdrcN5Y29ycA,Person
Paulina Beturia,Mx4rvViAkpwpEbGdrcN5Y29ycA,Person
Kellie Abrams,Mx4rvViAkpwpEbGdrcN5Y29ycA,Person
Jacoba Stelma,Mx4rvViAkpwpEbGdrcN5Y29ycA,Person
"Goro, Mirab Shewa",Mx4rvVjl2pwpEbGdrcN5Y29ycA,GeopoliticalEntity
Brewster's Millions (1914 film),Mx4rwClAZJwpEbGdrcN5Y29ycA,ConceptualWork
James Bond (American football),Mx4rvViAkpwpEbGdrcN5Y29ycA,Person
Andión Fernández,Mx4rvViAkpwpEbGdrcN5Y29ycA,Person
Bill Grigsby,Mx4rvViAkpwpEbGdrcN5Y29ycA,Person
Gerald Davison,Mx4rvViAkpwpEbGdrcN5Y29ycA,Person
Valerijs Semjonovs,Mx4rvViAkpwpEbGdrcN5Y29ycA,Person
C. M. Hazen,Mx4rvViAkpwpEbGdrcN5Y29ycA,Person
Jean-François-Joseph de Rochechouart,Mx4rvViAkpwpEbGdrcN5Y29ycA,Person
Deborah Dingell,Mx4rvViAkpwpEbGdrcN5Y29ycA,Person
Ica von Lenkeffy,Mx4rvViAkpwpEbGdrcN5Y29ycA,Person
Clint Thomas,Mx4rvViAkpwpEbGdrcN5Y29ycA,Person
The Crohn's and Colitis Foundation of Canada,Mx4rvVjVT5wpEbGdrcN5Y29ycA,Organization
Willard Scissum,Mx4rvViAkpwpEbGdrcN5Y29ycA,Person
Per Ericson,Mx4rvViAkpwpEbGdrcN5Y29ycA,Person
Dilworth Building,Mx4rvVidpZwpEbGdrcN5Y29ycA,ConstructionArtifact,Mx4rvVjHL5wpEbGdrcN5Y29ycA,PhysicalDevice,Mx4rv6EfGZwpEbGdrcN5Y29ycA,Place-NonAgent
John Arlington González,Mx4rvViAkpwpEbGdrcN5Y29ycA,Person
Jorto language,Mx4rvf9sZJwpEbGdrcN5Y29ycA,AspatialInformationStore
In the Sweet By-and-By,Mx4rwClAZJwpEbGdrcN5Y29ycA,ConceptualWork
Daiichi Institute of Technology,Mx4rvVjVT5wpEbGdrcN5Y29ycA,Organization
Filippo Calandrini,Mx4rvViAkpwpEbGdrcN5Y29ycA,Person
Josh Law,Mx4rvViAkpwpEbGdrcN5Y29ycA,Person
André Hoffmann (politician),Mx4rvViAkpwpEbGdrcN5Y29ycA,Person
Simmers Peaks,Mx4rvakVVZwpEbGdrcN5Y29ycA,InanimateObject-Natural,Mx4rv6EfGZwpEbGdrcN5Y29ycA,Place-NonAgent,Mx4rvViACZwpEbGdrcN5Y29ycA,GeographicalRegion
Peter Worthington (cricketer),Mx4rvViAkpwpEbGdrcN5Y29ycA,Person
Takeley railway station,Mx4rvVidpZwpEbGdrcN5Y29ycA,ConstructionArtifact,Mx4rvVjHL5wpEbGdrcN5Y29ycA,PhysicalDevice,Mx4rv6EfGZwpEbGdrcN5Y29ycA,Place-NonAgent
Laurence Caso,Mx4rvViAkpwpEbGdrcN5Y29ycA,Person
8273 Apatheia,Mx4rvakVVZwpEbGdrcN5Y29ycA,InanimateObject-Natural
15497 Lucca,Mx4rvakVVZwpEbGdrcN5Y29ycA,InanimateObject-Natural
Fusion Systems,Mx4rvViS05wpEbGdrcN5Y29ycA,CommercialOrganization
Yngve Ekstrand,Mx4rvViAkpwpEbGdrcN5Y29ycA,Person
3930 Vasilev,Mx4rvakVVZwpEbGdrcN5Y29ycA,InanimateObject-Natural
Venmani Mahan Nambudiripad,Mx4rvViAkpwpEbGdrcN5Y29ycA,Person
Kingsway Business Park Metrolink station,Mx4rvVidpZwpEbGdrcN5Y29ycA,ConstructionArtifact,Mx4rvVjHL5wpEbGdrcN5Y29ycA,PhysicalDevice,Mx4rv6EfGZwpEbGdrcN5Y29ycA,Place-NonAgent
Undercover (Gemma Hayes song),Mx4rwClAZJwpEbGdrcN5Y29ycA,ConceptualWork
Bernart de la Barta,Mx4rvViAkpwpEbGdrcN5Y29ycA,Person
14594 Jindrašilhán,Mx4rvakVVZwpEbGdrcN5Y29ycA,InanimateObject-Natural
Luis Enrique Porozo,Mx4rvViAkpwpEbGdrcN5Y29ycA,Person
Federigo Argentieri,Mx4rvViAkpwpEbGdrcN5Y29ycA,Person
Asher Swissa,Mx4rvViAkpwpEbGdrcN5Y29ycA,Person
Midorigaoka Station (Hyōgo),Mx4rvVidpZwpEbGdrcN5Y29ycA,ConstructionArtifact,Mx4rvVjHL5wpEbGdrcN5Y29ycA,PhysicalDevice,Mx4rv6EfGZwpEbGdrcN5Y29ycA,Place-NonAgent
Check Yourself,Mx4rwClAZJwpEbGdrcN5Y29ycA,ConceptualWork
Kafr Rai,Mx4rvVjl2pwpEbGdrcN5Y29ycA,GeopoliticalEntity
"Ootischenia, British Columbia",Mx4rvVjl2pwpEbGdrcN5Y29ycA,GeopoliticalEntity
Thomas David Petite,Mx4rvViAkpwpEbGdrcN5Y29ycA,Person
Gevorg Abajian,Mx4rvViAkpwpEbGdrcN5Y29ycA,Person
The Song of Songs (1933 film),Mx4rwClAZJwpEbGdrcN5Y29ycA,ConceptualWork
Florence Garvin,Mx4rvViAkpwpEbGdrcN5Y29ycA,Person
S. Alexander Hinckley House,Mx4rvVidpZwpEbGdrcN5Y29ycA,ConstructionArtifact,Mx4rvVjHL5wpEbGdrcN5Y29ycA,PhysicalDevice,Mx4rv6EfGZwpEbGdrcN5Y29ycA,Place-NonAgent
Michaël Guigou,Mx4rvViAkpwpEbGdrcN5Y29ycA,Person
John D. Faris,Mx4rvViAkpwpEbGdrcN5Y29ycA,Person
Los Bellosos,Mx4rvVjl2pwpEbGdrcN5Y29ycA,GeopoliticalEntity
"Bienvenida, Badajoz",Mx4rvVjl2pwpEbGdrcN5Y29ycA,GeopoliticalEntity
ROAL Motorsport,Mx4rvVjVT5wpEbGdrcN5Y29ycA,Organization
Tuika Tuika,Mx4rvViAkpwpEbGdrcN5Y29ycA,Person
Michel Lafranceschina,Mx4rvViAkpwpEbGdrcN5Y29ycA,Person
Olga Kozlova,Mx4rvViAkpwpEbGdrcN5Y29ycA,Person
Stephen Gamson,Mx4rvViAkpwpEbGdrcN5Y29ycA,Person
Vixaykone Vannachomchanh,Mx4rvViAkpwpEbGdrcN5Y29ycA,Person
Francesco Sacchetti,Mx4rvViAkpwpEbGdrcN5Y29ycA,Person
Tepecoacuilco de Trujano (municipality),Mx4rvVjl2pwpEbGdrcN5Y29ycA,GeopoliticalEntity
Michel René Barnes,Mx4rvViAkpwpEbGdrcN5Y29ycA,Person
Georg Volkert,Mx4rvViAkpwpEbGdrcN5Y29ycA,Person
Rehoboth Railway Station,Mx4rvVidpZwpEbGdrcN5Y29ycA,ConstructionArtifact,Mx4rvVjHL5wpEbGdrcN5Y29ycA,PhysicalDevice,Mx4rv6EfGZwpEbGdrcN5Y29ycA,Place-NonAgent
Hermes of Philippopolis,Mx4rvVinb5wpEbGdrcN5Y29ycA,IntelligentAgent
Roger Kenyon,Mx4rvViAkpwpEbGdrcN5Y29ycA,Person
Vidame de Chartres,Mx4rvViAkpwpEbGdrcN5Y29ycA,Person
Michel Lambert,Mx4rvViAkpwpEbGdrcN5Y29ycA,Person
Robert Mauzi,Mx4rvViAkpwpEbGdrcN5Y29ycA,Person
CKRI-FM,Mx4rvVjVT5wpEbGdrcN5Y29ycA,Organization
Diego Mazquiarán,Mx4rvViAkpwpEbGdrcN5Y29ycA,Person
Kurt Amplatz,Mx4rvViAkpwpEbGdrcN5Y29ycA,Person
Susan Hibbert,Mx4rvViAkpwpEbGdrcN5Y29ycA,Person
Fred R. Gowans,Mx4rvViAkpwpEbGdrcN5Y29ycA,Person
Guillaume Lamy,Mx4rvViAkpwpEbGdrcN5Y29ycA,Person
William Lloyd Standish,Mx4rvViAkpwpEbGdrcN5Y29ycA,Person
Thomas Jones (priest),Mx4rvViAkpwpEbGdrcN5Y29ycA,Person
Ludmilla Azova,Mx4rvViAkpwpEbGdrcN5Y29ycA,Person
Lisa Suhair Majaj,Mx4rvViAkpwpEbGdrcN5Y29ycA,Person
Emilio Lara,Mx4rvViAkpwpEbGdrcN5Y29ycA,Person
Celtic Media Festival,Mx4rvVioQZwpEbGdrcN5Y29ycA,Action
Dan Glading,Mx4rvViAkpwpEbGdrcN5Y29ycA,Person
Yuri Borovskoy,Mx4rvViAkpwpEbGdrcN5Y29ycA,Person
Campbell County Courthouse (Georgia),Mx4rvVidpZwpEbGdrcN5Y29ycA,ConstructionArtifact,Mx4rvVjHL5wpEbGdrcN5Y29ycA,PhysicalDevice,Mx4rv6EfGZwpEbGdrcN5Y29ycA,Place-NonAgent
San Sebastián Tutla,Mx4rvVjl2pwpEbGdrcN5Y29ycA,GeopoliticalEntity
Yelena Tissina,Mx4rvViAkpwpEbGdrcN5Y29ycA,Person
LaGrange Highlands School District 106,Mx4rvVjVT5wpEbGdrcN5Y29ycA,Organization
Daniel Sternberg,Mx4rvViAkpwpEbGdrcN5Y29ycA,Person
William Greenblatt,Mx4rvViAkpwpEbGdrcN5Y29ycA,Person
Tappeh Sangar,Mx4rvVjl2pwpEbGdrcN5Y29ycA,GeopoliticalEntity
Pedro Petiz,Mx4rvViAkpwpEbGdrcN5Y29ycA,Person
European Film Promotion,Mx4rvVjVT5wpEbGdrcN5Y29ycA,Organization
Milt Scott,Mx4rvViAkpwpEbGdrcN5Y29ycA,Person
Nadeem Razaq,Mx4rvViAkpwpEbGdrcN5Y29ycA,Person
Cook Lougheed,Mx4rvViAkpwpEbGdrcN5Y29ycA,Person
Henry Katz,Mx4rvViAkpwpEbGdrcN5Y29ycA,Person
Heddy Honigmann,Mx4rvViAkpwpEbGdrcN5Y29ycA,Person
Ivan Anastasov,Mx4rvViAkpwpEbGdrcN5Y29ycA,Person
Old Maid Boogie,Mx4rwClAZJwpEbGdrcN5Y29ycA,ConceptualWork
Gloria Münchmeyer,Mx4rvViAkpwpEbGdrcN5Y29ycA,Person
Francis Griffith (police officer),Mx4rvViAkpwpEbGdrcN5Y29ycA,Person
Ministry of Defence (Slovenia),Mx4rvVjVT5wpEbGdrcN5Y29ycA,Organization
Hungarians in Germany,Mx4rvViAkpwpEbGdrcN5Y29ycA,Person
Dimitris Siovas,Mx4rvViAkpwpEbGdrcN5Y29ycA,Person
Tom Lynch (Australian footballer born 1990),Mx4rvViAkpwpEbGdrcN5Y29ycA,Person
Jordan Scott,Mx4rvViAkpwpEbGdrcN5Y29ycA,Person
Bodinga,Mx4rvVjl2pwpEbGdrcN5Y29ycA,GeopoliticalEntity
Gulf Trough,Mx4rv6EfGZwpEbGdrcN5Y29ycA,Place-NonAgent,Mx4rvViACZwpEbGdrcN5Y29ycA,GeographicalRegion
Lisar,Mx4rvVjl2pwpEbGdrcN5Y29ycA,GeopoliticalEntity
Augustus C. Kinney,Mx4rvViAkpwpEbGdrcN5Y29ycA,Person
Voice of Malaysia,Mx4rvVjVT5wpEbGdrcN5Y29ycA,Organization
Ben Page (market researcher),Mx4rvViAkpwpEbGdrcN5Y29ycA,Person
Conerly House,Mx4rvVidpZwpEbGdrcN5Y29ycA,ConstructionArtifact,Mx4rvVjHL5wpEbGdrcN5Y29ycA,PhysicalDevice,Mx4rv6EfGZwpEbGdrcN5Y29ycA,Place-NonAgent
James M. Burd,Mx4rvViAkpwpEbGdrcN5Y29ycA,Person
Carlos Alberto Mijangos,Mx4rvViAkpwpEbGdrcN5Y29ycA,Person
Iracema do Oeste,Mx4rvVjl2pwpEbGdrcN5Y29ycA,GeopoliticalEntity
Dianópolis,Mx4rvVjl2pwpEbGdrcN5Y29ycA,GeopoliticalEntity
Jack Miller (sportscaster),Mx4rvViAkpwpEbGdrcN5Y29ycA,Person
Tlachichuca (municipality),Mx4rvVjl2pwpEbGdrcN5Y29ycA,GeopoliticalEntity
John F. Hayes (Kansas legislator),Mx4rvViAkpwpEbGdrcN5Y29ycA,Person
Higher Education Institute of Karwan,Mx4rvVjVT5wpEbGdrcN5Y29ycA,Organization
Brachychiton gregorii,Mx4rvVjG4ZwpEbGdrcN5Y29ycA,Plant
Guillermo Abadía Morales,Mx4rvViAkpwpEbGdrcN5Y29ycA,Person
Sudhir Kumar Chaudhary,Mx4rvViAkpwpEbGdrcN5Y29ycA,Person
Michael Bannister,Mx4rvViAkpwpEbGdrcN5Y29ycA,Person
Gertrude Simmons Burlingham,Mx4rvViAkpwpEbGdrcN5Y29ycA,Person
Aoi Bungaku,Mx4rwClAZJwpEbGdrcN5Y29ycA,ConceptualWork,Mx4rvVjmoJwpEbGdrcN5Y29ycA,Group
Stephen Codman,Mx4rvViAkpwpEbGdrcN5Y29ycA,Person
Fritz Jack,Mx4rvViAkpwpEbGdrcN5Y29ycA,Person
Hari Sevugan,Mx4rvViAkpwpEbGdrcN5Y29ycA,Person
Bwaga Cheti,Mx4rvVjl2pwpEbGdrcN5Y29ycA,GeopoliticalEntity
Versam-Safien (Rhaetian Railway station),Mx4rvVidpZwpEbGdrcN5Y29ycA,ConstructionArtifact,Mx4rvVjHL5wpEbGdrcN5Y29ycA,PhysicalDevice,Mx4rv6EfGZwpEbGdrcN5Y29ycA,Place-NonAgent
Nami Yayak,Mx4rvViAkpwpEbGdrcN5Y29ycA,Person
Marco Parolo,Mx4rvViAkpwpEbGdrcN5Y29ycA,Person
Saint Peter and Paul Cathedral,Mx4rvVidpZwpEbGdrcN5Y29ycA,ConstructionArtifact,Mx4rvVjHL5wpEbGdrcN5Y29ycA,PhysicalDevice,Mx4rv6EfGZwpEbGdrcN5Y29ycA,Place-NonAgent
Alastair McAllister,Mx4rvViAkpwpEbGdrcN5Y29ycA,Person
7806 Umasslowell,Mx4rvakVVZwpEbGdrcN5Y29ycA,InanimateObject-Natural
Clinch County School District,Mx4rvVjVT5wpEbGdrcN5Y29ycA,Organization
Sven Garas,Mx4rvViAkpwpEbGdrcN5Y29ycA,Person
Holy Trinity Platt Church,Mx4rvVidpZwpEbGdrcN5Y29ycA,ConstructionArtifact,Mx4rvVjHL5wpEbGdrcN5Y29ycA,PhysicalDevice,Mx4rv6EfGZwpEbGdrcN5Y29ycA,Place-NonAgent
Neither Are We Enemies,Mx4rwClAZJwpEbGdrcN5Y29ycA,ConceptualWork
"Beeches (Frankfort, Kentucky)",Mx4rvVidpZwpEbGdrcN5Y29ycA,ConstructionArtifact,Mx4rvVjHL5wpEbGdrcN5Y29ycA,PhysicalDevice,Mx4rv6EfGZwpEbGdrcN5Y29ycA,Place-NonAgent
Alex Suber,Mx4rvViAkpwpEbGdrcN5Y29ycA,Person
Keith Linney,Mx4rvViAkpwpEbGdrcN5Y29ycA,Person
Donald Patrick Harvey,Mx4rvViAkpwpEbGdrcN5Y29ycA,Person
Partridge Cottage,Mx4rvVidpZwpEbGdrcN5Y29ycA,ConstructionArtifact,Mx4rvVjHL5wpEbGdrcN5Y29ycA,PhysicalDevice,Mx4rv6EfGZwpEbGdrcN5Y29ycA,Place-NonAgent
Susana Harp,Mx4rvViAkpwpEbGdrcN5Y29ycA,Person
Jennifer O'Leary,Mx4rvViAkpwpEbGdrcN5Y29ycA,Person
Darryl Lenox,Mx4rvViAkpwpEbGdrcN5Y29ycA,Person
Andrey Khilkov,Mx4rvViAkpwpEbGdrcN5Y29ycA,Person
Lelean Memorial School,Mx4rvVjVT5wpEbGdrcN5Y29ycA,Organization
Christine Selinger,Mx4rvViAkpwpEbGdrcN5Y29ycA,Person
Alexander Travis,Mx4rvViAkpwpEbGdrcN5Y29ycA,Person
California College of Ayurveda,Mx4rvVjVT5wpEbGdrcN5Y29ycA,Organization
Gerry Badger,Mx4rvViAkpwpEbGdrcN5Y29ycA,Person
Henry Taylor (politician),Mx4rvViAkpwpEbGdrcN5Y29ycA,Person
Jules Amez-Droz,Mx4rvViAkpwpEbGdrcN5Y29ycA,Person
Neil McGregor (film director),Mx4rvViAkpwpEbGdrcN5Y29ycA,Person
Richard Trotman,Mx4rvViAkpwpEbGdrcN5Y29ycA,Person
Galhati Dam,Mx4rvVidpZwpEbGdrcN5Y29ycA,ConstructionArtifact,Mx4rvVjHL5wpEbGdrcN5Y29ycA,PhysicalDevice,Mx4rv6EfGZwpEbGdrcN5Y29ycA,Place-NonAgent
Ban Hinlat,Mx4rvVjl2pwpEbGdrcN5Y29ycA,GeopoliticalEntity
Long Peak,Mx4rvakVVZwpEbGdrcN5Y29ycA,InanimateObject-Natural,Mx4rv6EfGZwpEbGdrcN5Y29ycA,Place-NonAgent,Mx4rvViACZwpEbGdrcN5Y29ycA,GeographicalRegion
Serbaud,Mx4rvVjVT5wpEbGdrcN5Y29ycA,Organization
"Brnica, Žalec",Mx4rvVjl2pwpEbGdrcN5Y29ycA,GeopoliticalEntity
Sergey Kuznetsov (historian),Mx4rvViAkpwpEbGdrcN5Y29ycA,Person
Alistair John Rowan,Mx4rvViAkpwpEbGdrcN5Y29ycA,Person
Billy M. Minter,Mx4rvViAkpwpEbGdrcN5Y29ycA,Person
Danny Madden,Mx4rvViAkpwpEbGdrcN5Y29ycA,Person
Dan Whitehurst,Mx4rvViAkpwpEbGdrcN5Y29ycA,Person
Samuel Bagster the Younger,Mx4rvViAkpwpEbGdrcN5Y29ycA,Person
Kollmann,Mx4rvf9sZJwpEbGdrcN5Y29ycA,AspatialInformationStore
Caroline Earle White,Mx4rvViAkpwpEbGdrcN5Y29ycA,Person
Hisashi Imai,Mx4rvViAkpwpEbGdrcN5Y29ycA,Person
Chavva,Mx4rvf9sZJwpEbGdrcN5Y29ycA,AspatialInformationStore
Beji Caid el Sebsi,Mx4rvViAkpwpEbGdrcN5Y29ycA,Person
Johannes Smemo,Mx4rvViAkpwpEbGdrcN5Y29ycA,Person
Ian Collins (tennis),Mx4rvViAkpwpEbGdrcN5Y29ycA,Person
Fu Yi,Mx4rvViAkpwpEbGdrcN5Y29ycA,Person
Ken Lynch,Mx4rvViAkpwpEbGdrcN5Y29ycA,Person
Roger Wartell,Mx4rvViAkpwpEbGdrcN5Y29ycA,Person
The Dreamers (play),Mx4rwClAZJwpEbGdrcN5Y29ycA,ConceptualWork
Bob Matlock,Mx4rvViAkpwpEbGdrcN5Y29ycA,Person
Fay Kellogg,Mx4rvViAkpwpEbGdrcN5Y29ycA,Person
William Stevens (writer),Mx4rvViAkpwpEbGdrcN5Y29ycA,Person
Dagán (bishop),Mx4rvViAkpwpEbGdrcN5Y29ycA,Person
Rudolf Sauerbrei,Mx4rvViAkpwpEbGdrcN5Y29ycA,Person
Sandy Second Ward Chapel,Mx4rvVidpZwpEbGdrcN5Y29ycA,ConstructionArtifact,Mx4rvVjHL5wpEbGdrcN5Y29ycA,PhysicalDevice,Mx4rv6EfGZwpEbGdrcN5Y29ycA,Place-NonAgent
Tommaso degli Stefani,Mx4rvViAkpwpEbGdrcN5Y29ycA,Person
Neil O'Connell,Mx4rvViAkpwpEbGdrcN5Y29ycA,Person
John Paynter (RAF officer),Mx4rvViAkpwpEbGdrcN5Y29ycA,Person
East Carolina Trojans,Mx4rvVjVT5wpEbGdrcN5Y29ycA,Organization
Zacharias Theodorou,Mx4rvViAkpwpEbGdrcN5Y29ycA,Person
Bibiana Steinhaus,Mx4rvViAkpwpEbGdrcN5Y29ycA,Person
Adam Gemili,Mx4rvViAkpwpEbGdrcN5Y29ycA,Person
CGIAR Consortium of International Agricultural Research Centers,Mx4rvVjVT5wpEbGdrcN5Y29ycA,Organization
Mönkh KHairkhan,Mx4rvakVVZwpEbGdrcN5Y29ycA,InanimateObject-Natural,Mx4rv6EfGZwpEbGdrcN5Y29ycA,Place-NonAgent,Mx4rvViACZwpEbGdrcN5Y29ycA,GeographicalRegion
Damien Troquenet,Mx4rvViAkpwpEbGdrcN5Y29ycA,Person
(7768) 1991 SX1,Mx4rvakVVZwpEbGdrcN5Y29ycA,InanimateObject-Natural
City Choir of Washington,Mx4rvVjVT5wpEbGdrcN5Y29ycA,Organization
Santa Eulàlia de Ronçana,Mx4rvVjl2pwpEbGdrcN5Y29ycA,GeopoliticalEntity
Ed Moriarty,Mx4rvViAkpwpEbGdrcN5Y29ycA,Person
Inter Channel,Mx4rvVjVT5wpEbGdrcN5Y29ycA,Organization
Abdelaziz Barrada,Mx4rvViAkpwpEbGdrcN5Y29ycA,Person
Orlando Boss,Mx4rvViAkpwpEbGdrcN5Y29ycA,Person
Marco Dawson,Mx4rvViAkpwpEbGdrcN5Y29ycA,Person
Sigfrido Reyes Morales,Mx4rvViAkpwpEbGdrcN5Y29ycA,Person
K.S.R Murthy,Mx4rvViAkpwpEbGdrcN5Y29ycA,Person
Empress Zhang (Jiajing),Mx4rvViAkpwpEbGdrcN5Y29ycA,Person
George Snigge,Mx4rvViAkpwpEbGdrcN5Y29ycA,Person
Vladimir Vinokur,Mx4rvViAkpwpEbGdrcN5Y29ycA,Person
Maudie Dunham,Mx4rvViAkpwpEbGdrcN5Y29ycA,Person
Walter J. Harvey,Mx4rvViAkpwpEbGdrcN5Y29ycA,Person
Take a Giant Step (song),Mx4rwClAZJwpEbGdrcN5Y29ycA,ConceptualWork
Nicklas Maripuu,Mx4rvViAkpwpEbGdrcN5Y29ycA,Person
Explora,Mx4rvVjVT5wpEbGdrcN5Y29ycA,Organization
M. Leo Elliott,Mx4rvViAkpwpEbGdrcN5Y29ycA,Person
The Study Society,Mx4rvVjVT5wpEbGdrcN5Y29ycA,Organization
Gjorgi Markovski,Mx4rvViAkpwpEbGdrcN5Y29ycA,Person
Ibn Abi Asim,Mx4rvViAkpwpEbGdrcN5Y29ycA,Person
Federico García,Mx4rvViAkpwpEbGdrcN5Y29ycA,Person
Abd an-Nabi Abd al-Qadir Mursal,Mx4rvViAkpwpEbGdrcN5Y29ycA,Person
Charles Périn,Mx4rvViAkpwpEbGdrcN5Y29ycA,Person
Alessandro Volpe,Mx4rvViAkpwpEbGdrcN5Y29ycA,Person
Diego Živulić,Mx4rvViAkpwpEbGdrcN5Y29ycA,Person
General Electric Switchgear Plant,Mx4rvVidpZwpEbGdrcN5Y29ycA,ConstructionArtifact,Mx4rvVjHL5wpEbGdrcN5Y29ycA,PhysicalDevice,Mx4rv6EfGZwpEbGdrcN5Y29ycA,Place-NonAgent
Craig Miller (water polo),Mx4rvViAkpwpEbGdrcN5Y29ycA,Person
Gianluca Giovannini,Mx4rvViAkpwpEbGdrcN5Y29ycA,Person
Michał Weinzieher,Mx4rvViAkpwpEbGdrcN5Y29ycA,Person
"Yazıbeyli, Kazan",Mx4rvVjl2pwpEbGdrcN5Y29ycA,GeopoliticalEntity
"Süleymaniye, Akseki",Mx4rvVjl2pwpEbGdrcN5Y29ycA,GeopoliticalEntity
Ruly Saputra,Mx4rvViAkpwpEbGdrcN5Y29ycA,Person
Pavel Rakityansky,Mx4rvViAkpwpEbGdrcN5Y29ycA,Person
Angélique Trinquier,Mx4rvViAkpwpEbGdrcN5Y29ycA,Person
Ana Sátila,Mx4rvViAkpwpEbGdrcN5Y29ycA,Person
Anne Rundle,Mx4rvViAkpwpEbGdrcN5Y29ycA,Person
Cuba Adventist Seminary,Mx4rvVjVT5wpEbGdrcN5Y29ycA,Organization
Zoran Dimitrijević (footballer born 1963),Mx4rvViAkpwpEbGdrcN5Y29ycA,Person
James W. Archer,Mx4rvViAkpwpEbGdrcN5Y29ycA,Person
Cao Sy Cuong,Mx4rvViAkpwpEbGdrcN5Y29ycA,Person
Lorne Scott,Mx4rvViAkpwpEbGdrcN5Y29ycA,Person
Douglas Bassett (geologist),Mx4rvViAkpwpEbGdrcN5Y29ycA,Person
Michele Stefano de Rossi,Mx4rvViAkpwpEbGdrcN5Y29ycA,Person
Henry Spencer Berkeley,Mx4rvViAkpwpEbGdrcN5Y29ycA,Person
Wanting Qu,Mx4rvViAkpwpEbGdrcN5Y29ycA,Person
Gauschla,Mx4rvakVVZwpEbGdrcN5Y29ycA,InanimateObject-Natural,Mx4rv6EfGZwpEbGdrcN5Y29ycA,Place-NonAgent,Mx4rvViACZwpEbGdrcN5Y29ycA,GeographicalRegion
Galina Karelina,Mx4rvViAkpwpEbGdrcN5Y29ycA,Person
Valto Kokko,Mx4rvViAkpwpEbGdrcN5Y29ycA,Person
Ahmet Koronica,Mx4rvViAkpwpEbGdrcN5Y29ycA,Person
Humphrey Francis Humphreys,Mx4rvViAkpwpEbGdrcN5Y29ycA,Person
Asarulislam Syed,Mx4rvViAkpwpEbGdrcN5Y29ycA,Person
Friedrich Müller (footballer),Mx4rvViAkpwpEbGdrcN5Y29ycA,Person
Fort Friedrichsburg,Mx4rvVidpZwpEbGdrcN5Y29ycA,ConstructionArtifact,Mx4rv6EfGZwpEbGdrcN5Y29ycA,Place-NonAgent
Ratheesan Yoganathan,Mx4rvViAkpwpEbGdrcN5Y29ycA,Person
Loualidia,Mx4rvVjl2pwpEbGdrcN5Y29ycA,GeopoliticalEntity
"Ayr railway station, Queensland",Mx4rvVidpZwpEbGdrcN5Y29ycA,ConstructionArtifact,Mx4rvVjHL5wpEbGdrcN5Y29ycA,PhysicalDevice,Mx4rv6EfGZwpEbGdrcN5Y29ycA,Place-NonAgent
Naidangiin Otgonjargal,Mx4rvViAkpwpEbGdrcN5Y29ycA,Person
Omar Derdour,Mx4rvViAkpwpEbGdrcN5Y29ycA,Person
"Xinqiao, Zhangjiajie",Mx4rvVjl2pwpEbGdrcN5Y29ycA,GeopoliticalEntity
Rugby Football Excursion,Mx4rwClAZJwpEbGdrcN5Y29ycA,ConceptualWork
Magdalena Pietersz,Mx4rvViAkpwpEbGdrcN5Y29ycA,Person
Delta Lotsman,Mx4rvVjVT5wpEbGdrcN5Y29ycA,Organization
Vadakke Madhom,Mx4rvVjVT5wpEbGdrcN5Y29ycA,Organization
Mariette Bosch,Mx4rvViAkpwpEbGdrcN5Y29ycA,Person
Nandu River Iron Bridge,Mx4rvVidpZwpEbGdrcN5Y29ycA,ConstructionArtifact,Mx4rvVjHL5wpEbGdrcN5Y29ycA,PhysicalDevice,Mx4rv6EfGZwpEbGdrcN5Y29ycA,Place-NonAgent
Band-e Sultan,Mx4rvVidpZwpEbGdrcN5Y29ycA,ConstructionArtifact,Mx4rvVjHL5wpEbGdrcN5Y29ycA,PhysicalDevice,Mx4rv6EfGZwpEbGdrcN5Y29ycA,Place-NonAgent
Ribonuclease F,Mx4rvViRapwpEbGdrcN5Y29ycA,ChemicalObject,Mx4rvVkI75wpEbGdrcN5Y29ycA,EdibleStuff,Mx4rvVjmoJwpEbGdrcN5Y29ycA,Group,Mx4rvVjD0JwpEbGdrcN5Y29ycA,OrganicMaterial
Barbara Eligmann,Mx4rvViAkpwpEbGdrcN5Y29ycA,Person
Taylor Baldwin,Mx4rvViAkpwpEbGdrcN5Y29ycA,Person
John Kennedy (Northern Irish footballer),Mx4rvViAkpwpEbGdrcN5Y29ycA,Person
Hugo Johansson (wrestler),Mx4rvViAkpwpEbGdrcN5Y29ycA,Person
Professional Lighting and Sound Association,Mx4rvVjVT5wpEbGdrcN5Y29ycA,Organization
Lubny Raion,Mx4rvVjl2pwpEbGdrcN5Y29ycA,GeopoliticalEntity
Louise Bates Ames,Mx4rvViAkpwpEbGdrcN5Y29ycA,Person
Ralph Erwin,Mx4rvViAkpwpEbGdrcN5Y29ycA,Person
Volodymyr Kupchak,Mx4rvViAkpwpEbGdrcN5Y29ycA,Person
Julie Roginsky,Mx4rvViAkpwpEbGdrcN5Y29ycA,Person
Grit Hegesa,Mx4rvViAkpwpEbGdrcN5Y29ycA,Person
Sergei Dmitrochenko,Mx4rvViAkpwpEbGdrcN5Y29ycA,Person
John Babinecz,Mx4rvViAkpwpEbGdrcN5Y29ycA,Person
Agardhaksla,Mx4rvakVVZwpEbGdrcN5Y29ycA,InanimateObject-Natural,Mx4rv6EfGZwpEbGdrcN5Y29ycA,Place-NonAgent,Mx4rvViACZwpEbGdrcN5Y29ycA,GeographicalRegion
Natalie Schneider,Mx4rvViAkpwpEbGdrcN5Y29ycA,Person
Davide Mariani,Mx4rvViAkpwpEbGdrcN5Y29ycA,Person
Jordan Martinook,Mx4rvViAkpwpEbGdrcN5Y29ycA,Person
The Grave (poem),Mx4rwClAZJwpEbGdrcN5Y29ycA,ConceptualWork
Daniel Omielańczuk,Mx4rvViAkpwpEbGdrcN5Y29ycA,Person
Émilien Pelletier,Mx4rvViAkpwpEbGdrcN5Y29ycA,Person
Henry Slicer,Mx4rvViAkpwpEbGdrcN5Y29ycA,Person
Murder of Matthew Burns,Mx4rvViAkpwpEbGdrcN5Y29ycA,Person
Yair Hirschfeld,Mx4rvViAkpwpEbGdrcN5Y29ycA,Person
Ibrahim Shahda,Mx4rvViAkpwpEbGdrcN5Y29ycA,Person
Melissa Hawach,Mx4rvViAkpwpEbGdrcN5Y29ycA,Person
Boise Union Pacific Depot,Mx4rvVidpZwpEbGdrcN5Y29ycA,ConstructionArtifact,Mx4rvVjHL5wpEbGdrcN5Y29ycA,PhysicalDevice,Mx4rv6EfGZwpEbGdrcN5Y29ycA,Place-NonAgent
John G. Fleagle,Mx4rvViAkpwpEbGdrcN5Y29ycA,Person
Brian Connolly,Mx4rvViAkpwpEbGdrcN5Y29ycA,Person
"New Town, North Dakota",Mx4rvVjl2pwpEbGdrcN5Y29ycA,GeopoliticalEntity
Serocee,Mx4rvViAkpwpEbGdrcN5Y29ycA,Person
Jay Cooke,Mx4rvViAkpwpEbGdrcN5Y29ycA,Person
Mosnang,Mx4rvVjl2pwpEbGdrcN5Y29ycA,GeopoliticalEntity
General Heriberto Jara International Airport,Mx4rvVidpZwpEbGdrcN5Y29ycA,ConstructionArtifact,Mx4rvVjHL5wpEbGdrcN5Y29ycA,PhysicalDevice,Mx4rv6EfGZwpEbGdrcN5Y29ycA,Place-NonAgent
Judith Keppel,Mx4rvViAkpwpEbGdrcN5Y29ycA,Person
João Franco,Mx4rvViAkpwpEbGdrcN5Y29ycA,Person
Krishna Gopalayyan,Mx4rvViAkpwpEbGdrcN5Y29ycA,Person
Cycling at the 2000 Summer Olympics – Women's cross-country,Mx4rvViA9JwpEbGdrcN5Y29ycA,Thing
Afro-Punk (film),Mx4rwClAZJwpEbGdrcN5Y29ycA,ConceptualWork
Homeless USA Cup,Mx4rvVjmoJwpEbGdrcN5Y29ycA,Group,Mx4rvVioQZwpEbGdrcN5Y29ycA,Action
Athletics at the 2008 Summer Paralympics – Men's 400 metres T44,Mx4rvViA9JwpEbGdrcN5Y29ycA,Thing
Pittsburgh & Steubenville Extension Railroad Tunnel,Mx4rvVidpZwpEbGdrcN5Y29ycA,ConstructionArtifact,Mx4rv6EfGZwpEbGdrcN5Y29ycA,Place-NonAgent,Mx4rvViACZwpEbGdrcN5Y29ycA,GeographicalRegion
Cape Verde at the 2009 Lusophony Games,Mx4rvViA9JwpEbGdrcN5Y29ycA,Thing
"Gouldbusk, Texas",Mx4rvVinb5wpEbGdrcN5Y29ycA,IntelligentAgent,Mx4rvjSBSZwpEbGdrcN5Y29ycA,Artifact-Generic,Mx4rvVjmoJwpEbGdrcN5Y29ycA,Group,Mx4rvViACZwpEbGdrcN5Y29ycA,GeographicalRegion
Pallichandai Silaiman,Mx4rvVjl2pwpEbGdrcN5Y29ycA,GeopoliticalEntity
According to Mark,Mx4rwClAZJwpEbGdrcN5Y29ycA,ConceptualWork
Weightlifting at the 2010 Commonwealth Games – Women's +75 kg,Mx4rvViA9JwpEbGdrcN5Y29ycA,Thing
2011 in São Tomé and Príncipe,Mx4rvViA9JwpEbGdrcN5Y29ycA,Thing
Fencing at the 2011 Pan American Games – Men's épée,Mx4rvViA9JwpEbGdrcN5Y29ycA,Thing
The Prince's Dream,Mx4rwClAZJwpEbGdrcN5Y29ycA,ConceptualWork
"Tapoco, North Carolina",Mx4rvVinb5wpEbGdrcN5Y29ycA,IntelligentAgent,Mx4rvjSBSZwpEbGdrcN5Y29ycA,Artifact-Generic,Mx4rvVjmoJwpEbGdrcN5Y29ycA,Group,Mx4rvViACZwpEbGdrcN5Y29ycA,GeographicalRegion
Soft tennis at the 2010 Asian Games – Women's singles,Mx4rvViA9JwpEbGdrcN5Y29ycA,Thing
The Sing-Off,Mx4rvVioQZwpEbGdrcN5Y29ycA,Action
Convention on Fishing and Conservation of the Living Resources of the High Seas,Mx4rwClAZJwpEbGdrcN5Y29ycA,ConceptualWork
Sredni Vashtar,Mx4rwClAZJwpEbGdrcN5Y29ycA,ConceptualWork
The Awakening (sculpture),Mx4rvVidpZwpEbGdrcN5Y29ycA,ConstructionArtifact
Off-Ramp,Mx4rwQwwBZwpEbGdrcN5Y29ycA,FictionalThing
"Holidays with Pay (Sea) Convention, 1936",Mx4rwClAZJwpEbGdrcN5Y29ycA,ConceptualWork
GameNOW,Mx4rwClAZJwpEbGdrcN5Y29ycA,ConceptualWork,Mx4rvVjmoJwpEbGdrcN5Y29ycA,Group
Robotnik (1894–1939),Mx4rwClAZJwpEbGdrcN5Y29ycA,ConceptualWork,Mx4rvVjmoJwpEbGdrcN5Y29ycA,Group
Mitsubishi HSR,Mx4rvViA9JwpEbGdrcN5Y29ycA,Thing
Bronze Man (comics),Mx4rwQwwBZwpEbGdrcN5Y29ycA,FictionalThing
The Mike Schneider Polka Band,Mx4rvVjVT5wpEbGdrcN5Y29ycA,Organization
Roman Catholic Diocese of Parma,Mx4rvVjVT5wpEbGdrcN5Y29ycA,Organization
Christ of Havana,Mx4rvVidpZwpEbGdrcN5Y29ycA,ConstructionArtifact
Choc Bay,Mx4rv6EfGZwpEbGdrcN5Y29ycA,Place-NonAgent,Mx4rvViACZwpEbGdrcN5Y29ycA,GeographicalRegion
Sanatani,Mx4rvf9sZJwpEbGdrcN5Y29ycA,AspatialInformationStore
Södermanland Runic Inscription 235,Mx4rvjSBSZwpEbGdrcN5Y29ycA,Artifact-Generic,Mx4rvkNufpwpEbGdrcN5Y29ycA,InformationBearingThing
Bruckins,Mx4rvVioQZwpEbGdrcN5Y29ycA,Action
Arkansas Tuberculosis Sanatorium Historic District,Mx4rv6EfGZwpEbGdrcN5Y29ycA,Place-NonAgent
Research Plot 30,Mx4rv6EfGZwpEbGdrcN5Y29ycA,Place-NonAgent
The Carstairs,Mx4rvVjVT5wpEbGdrcN5Y29ycA,Organization
